time,rain_sum,temperature_2m_mean,temperature_2m_max,temperature_2m_min,rain_lag_1,rain_lag_2,rain_lag_3,rain_lag_7,rain_lag_14,rain_lag_21,rain_lag_28,rain_roll_3,rain_roll_7,rain_roll_14,rain_roll_28,temp_lag_1,temp_lag_7,temp_lag_14,dayofyear,month,sin_doy,cos_doy,rain_event
2018-01-01,0.0,23.0,29.5,16.9,,,,,,,,,,,,,,,1,1,0.017201575418260506,0.9998520419557735,0
2018-01-02,0.0,22.7,29.4,15.8,0.0,,,,,,,,,,,23.0,,,2,1,0.03439806061360801,0.9994082116062598,0
2018-01-03,0.0,22.8,30.2,16.6,0.0,0.0,,,,,,,,,,22.7,,,3,1,0.051584366869408364,0.9986686402879997,0
2018-01-04,0.0,22.2,29.2,16.4,0.0,0.0,0.0,,,,,0.0,,,,22.8,,,4,1,0.06875540848113941,0.9976335468520451,0
2018-01-05,0.0,22.1,29.3,15.4,0.0,0.0,0.0,,,,,0.0,,,,22.2,,,5,1,0.08590610426133272,0.9963032375991965,0
2018-01-06,0.0,22.4,29.2,16.5,0.0,0.0,0.0,,,,,0.0,,,,22.1,,,6,1,0.10303137904317879,0.9946781061893646,0
2018-01-07,0.0,21.7,29.1,15.8,0.0,0.0,0.0,,,,,0.0,,,,22.4,,,7,1,0.1201261651823505,0.9927586335250793,0
2018-01-08,0.0,22.3,29.5,15.8,0.0,0.0,0.0,0.0,,,,0.0,0.0,,,21.7,23.0,,8,1,0.13718540405660057,0.9905453876091833,0
2018-01-09,0.0,22.1,28.9,16.2,0.0,0.0,0.0,0.0,,,,0.0,0.0,,,22.3,22.7,,9,1,0.1542040475626894,0.988039023376751,0
2018-01-10,0.0,22.7,29.2,16.8,0.0,0.0,0.0,0.0,,,,0.0,0.0,,,22.1,22.8,,10,1,0.17117705961019986,0.985240282501282,0
2018-01-11,0.0,23.4,30.2,17.8,0.0,0.0,0.0,0.0,,,,0.0,0.0,,,22.7,22.2,,11,1,0.18809941761179758,0.9821499931752291,0
2018-01-12,0.0,24.0,31.2,18.0,0.0,0.0,0.0,0.0,,,,0.0,0.0,,,23.4,22.1,,12,1,0.20496611396949532,0.9787690698649216,0
2018-01-13,0.0,24.6,31.8,19.2,0.0,0.0,0.0,0.0,,,,0.0,0.0,,,24.0,22.4,,13,1,0.22177215755648186,0.975098513039961,0
2018-01-14,0.0,24.1,32.0,16.7,0.0,0.0,0.0,0.0,,,,0.0,0.0,,,24.6,21.7,,14,1,0.23851257519407648,0.9711394088771653,0
2018-01-15,0.0,23.3,31.1,16.4,0.0,0.0,0.0,0.0,0.0,,,0.0,0.0,0.0,,24.1,22.3,23.0,15,1,0.2551824131233728,0.9668929289391521,0
2018-01-16,0.0,23.3,30.9,17.1,0.0,0.0,0.0,0.0,0.0,,,0.0,0.0,0.0,,23.3,22.1,22.7,16,1,0.2717767384711357,0.9623603298276545,0
2018-01-17,0.0,23.2,30.5,16.9,0.0,0.0,0.0,0.0,0.0,,,0.0,0.0,0.0,,23.3,22.7,22.8,17,1,0.2882906407095177,0.9575429528116719,0
2018-01-18,0.0,22.5,29.6,15.3,0.0,0.0,0.0,0.0,0.0,,,0.0,0.0,0.0,,23.2,23.4,22.2,18,1,0.3047192331091634,0.9524422234305676,0
2018-01-19,0.0,22.7,29.0,17.1,0.0,0.0,0.0,0.0,0.0,,,0.0,0.0,0.0,,22.5,24.0,22.1,19,1,0.321057654185271,0.9470596510722283,0
2018-01-20,0.0,23.6,31.3,16.5,0.0,0.0,0.0,0.0,0.0,,,0.0,0.0,0.0,,22.7,24.6,22.4,20,1,0.3373010691361842,0.9413968285264122,0
2018-01-21,0.0,25.3,31.4,19.6,0.0,0.0,0.0,0.0,0.0,,,0.0,0.0,0.0,,23.6,24.1,21.7,21,1,0.3534446712740877,0.9354554315134164,0
2018-01-22,0.0,24.8,30.1,19.0,0.0,0.0,0.0,0.0,0.0,0.0,,0.0,0.0,0.0,,25.3,23.3,22.3,22,1,0.3694836834473831,0.9292372181882051,0
2018-01-23,0.0,24.3,30.7,18.1,0.0,0.0,0.0,0.0,0.0,0.0,,0.0,0.0,0.0,,24.8,23.3,22.1,23,1,0.38541335945432564,0.9227440286201427,0
2018-01-24,0.0,25.0,32.1,19.1,0.0,0.0,0.0,0.0,0.0,0.0,,0.0,0.0,0.0,,24.3,23.2,22.7,24,1,0.4012289854475009,0.9159777842484877,0
2018-01-25,0.0,23.2,29.5,17.6,0.0,0.0,0.0,0.0,0.0,0.0,,0.0,0.0,0.0,,25.0,22.5,23.4,25,1,0.4169258813287287,0.908940487313808,0
2018-01-26,0.0,23.5,30.7,16.6,0.0,0.0,0.0,0.0,0.0,0.0,,0.0,0.0,0.0,,23.2,22.7,24.0,26,1,0.4324994021339788,0.901634220265486,0
2018-01-27,0.0,23.0,30.7,16.0,0.0,0.0,0.0,0.0,0.0,0.0,,0.0,0.0,0.0,,23.5,23.6,24.6,27,1,0.44794493940789115,0.8940611451454876,0
2018-01-28,0.0,23.0,30.8,16.3,0.0,0.0,0.0,0.0,0.0,0.0,,0.0,0.0,0.0,,23.0,25.3,24.1,28,1,0.4632579225674917,0.88622350294858,0
2018-01-29,0.0,22.8,30.8,15.7,0.0,0.0,0.0,0.0,0.0,0.0,0.0,0.0,0.0,0.0,0.0,23.0,24.8,23.3,29,1,0.4784338202547012,0.8781236129591848,0
2018-01-30,0.0,22.1,30.0,15.3,0.0,0.0,0.0,0.0,0.0,0.0,0.0,0.0,0.0,0.0,0.0,22.8,24.3,23.3,30,1,0.49346814167723735,0.8697638720650646,0
2018-01-31,0.0,22.2,29.9,14.6,0.0,0.0,0.0,0.0,0.0,0.0,0.0,0.0,0.0,0.0,0.0,22.1,25.0,23.2,31,1,0.5083564379375122,0.8611467540480452,0
2018-02-01,0.0,23.8,31.2,16.8,0.0,0.0,0.0,0.0,0.0,0.0,0.0,0.0,0.0,0.0,0.0,22.2,23.2,22.5,32,2,0.5230943033491326,0.8522748088519838,0
2018-02-02,0.0,24.5,32.1,18.1,0.0,0.0,0.0,0.0,0.0,0.0,0.0,0.0,0.0,0.0,0.0,23.8,23.5,22.7,33,2,0.5376773767406141,0.8431506618282,0
2018-02-03,0.0,24.1,31.4,18.2,0.0,0.0,0.0,0.0,0.0,0.0,0.0,0.0,0.0,0.0,0.0,24.5,23.0,23.6,34,2,0.5521013427459208,0.8337770129585915,0
2018-02-04,0.0,23.8,30.7,18.4,0.0,0.0,0.0,0.0,0.0,0.0,0.0,0.0,0.0,0.0,0.0,24.1,23.0,25.3,35,2,0.5663619330814524,0.8241566360566663,0
2018-02-05,0.0,24.2,31.3,18.0,0.0,0.0,0.0,0.0,0.0,0.0,0.0,0.0,0.0,0.0,0.0,23.8,22.8,24.8,36,2,0.580454927809098,0.8142923779467267,0
2018-02-06,0.0,25.4,32.1,19.6,0.0,0.0,0.0,0.0,0.0,0.0,0.0,0.0,0.0,0.0,0.0,24.2,22.1,24.3,37,2,0.5943761565849831,0.804187157621448,0
2018-02-07,0.0,26.4,33.4,20.5,0.0,0.0,0.0,0.0,0.0,0.0,0.0,0.0,0.0,0.0,0.0,25.4,22.2,25.0,38,2,0.6081214998935418,0.7938439653781019,0
2018-02-08,0.0,26.9,33.8,21.4,0.0,0.0,0.0,0.0,0.0,0.0,0.0,0.0,0.0,0.0,0.0,26.4,23.8,23.2,39,2,0.6216868902665479,0.7832658619336791,0
2018-02-09,0.0,27.5,34.2,21.7,0.0,0.0,0.0,0.0,0.0,0.0,0.0,0.0,0.0,0.0,0.0,26.9,24.5,23.5,40,2,0.6350683134867438,0.7724559775191742,0
2018-02-10,0.0,27.4,34.0,22.3,0.0,0.0,0.0,0.0,0.0,0.0,0.0,0.0,0.0,0.0,0.0,27.5,24.1,23.0,41,2,0.6482618097757122,0.7614175109532997,0
2018-02-11,0.0,28.0,34.5,22.9,0.0,0.0,0.0,0.0,0.0,0.0,0.0,0.0,0.0,0.0,0.0,27.4,23.8,23.0,42,2,0.6612634749656386,0.7501537286959042,0
2018-02-12,0.0,28.0,34.6,22.7,0.0,0.0,0.0,0.0,0.0,0.0,0.0,0.0,0.0,0.0,0.0,28.0,24.2,22.8,43,2,0.6740694616546161,0.7386679638813748,0
2018-02-13,0.0,28.3,34.8,22.2,0.0,0.0,0.0,0.0,0.0,0.0,0.0,0.0,0.0,0.0,0.0,28.0,25.4,22.1,44,2,0.6866759803451553,0.726963615332308,0
2018-02-14,0.0,28.4,35.2,23.3,0.0,0.0,0.0,0.0,0.0,0.0,0.0,0.0,0.0,0.0,0.0,28.3,26.4,22.2,45,2,0.6990793005655562,0.7150441465537444,0
2018-02-15,0.0,28.0,35.0,22.3,0.0,0.0,0.0,0.0,0.0,0.0,0.0,0.0,0.0,0.0,0.0,28.4,26.9,23.8,46,2,0.7112757519738152,0.7029130847082615,0
2018-02-16,0.0,28.3,35.3,23.5,0.0,0.0,0.0,0.0,0.0,0.0,0.0,0.0,0.0,0.0,0.0,28.0,27.5,24.5,47,2,0.7232617254437388,0.6905740195722294,0
2018-02-17,1.3,24.9,31.1,20.3,0.0,0.0,0.0,0.0,0.0,0.0,0.0,0.0,0.0,0.0,0.0,28.3,27.4,24.1,48,2,0.7350336741329412,0.6780306024735382,1
2018-02-18,0.0,25.6,31.9,20.1,1.3,0.0,0.0,0.0,0.0,0.0,0.0,1.3,1.3,1.3,1.3,24.9,28.0,23.8,49,2,0.746588114532413,0.6652865452111116,0
2018-02-19,0.0,25.2,31.6,18.9,0.0,1.3,0.0,0.0,0.0,0.0,0.0,1.3,1.3,1.3,1.3,25.6,28.0,24.2,50,2,0.7579216274973472,0.6523456189565257,0
2018-02-20,0.0,25.4,31.6,18.7,0.0,0.0,1.3,0.0,0.0,0.0,0.0,1.3,1.3,1.3,1.3,25.2,28.3,25.4,51,2,0.7690308592589181,0.6392116531380588,0
2018-02-21,0.0,25.8,32.6,18.9,0.0,0.0,0.0,0.0,0.0,0.0,0.0,0.0,1.3,1.3,1.3,25.4,28.4,26.4,52,2,0.7799125224167177,0.6258885343075018,0
2018-02-22,0.0,26.7,33.2,20.0,0.0,0.0,0.0,0.0,0.0,0.0,0.0,0.0,1.3,1.3,1.3,25.8,28.0,26.9,53,2,0.7905633969115482,0.612380204990065,0
2018-02-23,0.0,27.7,34.3,22.4,0.0,0.0,0.0,0.0,0.0,0.0,0.0,0.0,1.3,1.3,1.3,26.7,28.3,27.5,54,2,0.8009803309782905,0.5986906625177214,0
2018-02-24,0.0,28.2,34.2,23.2,0.0,0.0,0.0,1.3,0.0,0.0,0.0,0.0,1.3,1.3,1.3,27.7,24.9,27.4,55,2,0.8111602420785621,0.5848239578463322,0
2018-02-25,0.0,27.7,34.0,21.2,0.0,0.0,0.0,0.0,0.0,0.0,0.0,0.0,0.0,1.3,1.3,28.2,25.6,28.0,56,2,0.8211001178128892,0.5707841943569036,0
2018-02-26,0.0,26.9,33.4,20.7,0.0,0.0,0.0,0.0,0.0,0.0,0.0,0.0,0.0,1.3,1.3,27.7,25.2,28.0,57,2,0.8307970168121247,0.5565755266413303,0
2018-02-27,0.0,26.3,33.2,19.0,0.0,0.0,0.0,0.0,0.0,0.0,0.0,0.0,0.0,1.3,1.3,26.9,25.4,28.3,58,2,0.8402480696078469,0.5422021592729844,0
2018-02-28,0.0,26.3,33.2,19.7,0.0,0.0,0.0,0.0,0.0,0.0,0.0,0.0,0.0,1.3,1.3,26.3,25.8,28.4,59,2,0.8494504794814806,0.527668345562516,0
2018-03-01,0.0,24.8,32.2,17.3,0.0,0.0,0.0,0.0,0.0,0.0,0.0,0.0,0.0,1.3,1.3,26.3,26.7,28.0,60,3,0.8584015232918917,0.512978386299228,0
2018-03-02,0.0,22.8,30.6,15.4,0.0,0.0,0.0,0.0,0.0,0.0,0.0,0.0,0.0,1.3,1.3,24.8,27.7,28.3,61,3,0.8670985522812081,0.4981366284784055,0
2018-03-03,0.0,24.3,32.2,17.2,0.0,0.0,0.0,0.0,1.3,0.0,0.0,0.0,0.0,1.3,1.3,22.8,28.2,24.9,62,3,0.8755389928586302,0.4831474640149687,0
2018-03-04,0.0,25.0,31.6,19.3,0.0,0.0,0.0,0.0,0.0,0.0,0.0,0.0,0.0,0.0,1.3,24.3,27.7,25.6,63,3,0.8837203473619977,0.4680153284438345,0
2018-03-05,0.0,25.2,32.1,19.0,0.0,0.0,0.0,0.0,0.0,0.0,0.0,0.0,0.0,0.0,1.3,25.0,26.9,25.2,64,3,0.8916401947968874,0.45274469960737107,0
2018-03-06,0.0,26.8,33.4,20.9,0.0,0.0,0.0,0.0,0.0,0.0,0.0,0.0,0.0,0.0,1.3,25.2,26.3,25.4,65,3,0.8992961915530253,0.4373400963303323,0
2018-03-07,0.0,27.0,33.7,21.4,0.0,0.0,0.0,0.0,0.0,0.0,0.0,0.0,0.0,0.0,1.3,26.8,26.3,25.8,66,3,0.9066860720977985,0.4218060770826634,0
2018-03-08,0.0,27.2,34.4,21.8,0.0,0.0,0.0,0.0,0.0,0.0,0.0,0.0,0.0,0.0,1.3,27.0,24.8,26.7,67,3,0.9138076496466615,0.40614723863057883,0
2018-03-09,0.0,27.4,34.3,21.3,0.0,0.0,0.0,0.0,0.0,0.0,0.0,0.0,0.0,0.0,1.3,27.2,22.8,27.7,68,3,0.9206588168102428,0.3903682146763026,0
2018-03-10,0.0,27.7,34.4,21.6,0.0,0.0,0.0,0.0,0.0,1.3,0.0,0.0,0.0,0.0,1.3,27.4,24.3,28.2,69,3,0.9272375462179537,0.374473674486883,0
2018-03-11,0.0,27.4,34.2,21.1,0.0,0.0,0.0,0.0,0.0,0.0,0.0,0.0,0.0,0.0,1.3,27.7,25.0,27.7,70,3,0.9335418911179212,0.35846832151248087,0
2018-03-12,0.0,25.5,32.5,19.3,0.0,0.0,0.0,0.0,0.0,0.0,0.0,0.0,0.0,0.0,1.3,27.4,25.2,26.9,71,3,0.9395699859530622,0.342356891994542,0
2018-03-13,0.0,25.3,32.5,18.3,0.0,0.0,0.0,0.0,0.0,0.0,0.0,0.0,0.0,0.0,1.3,25.5,26.8,26.3,72,3,0.945320046913132,0.3261441535642696,0
2018-03-14,0.0,26.0,33.4,18.5,0.0,0.0,0.0,0.0,0.0,0.0,0.0,0.0,0.0,0.0,1.3,25.3,27.0,26.3,73,3,0.9507903724625832,0.3098349038318025,0
2018-03-15,0.0,27.2,33.9,21.4,0.0,0.0,0.0,0.0,0.0,0.0,0.0,0.0,0.0,0.0,1.3,26.0,27.2,24.8,74,3,0.9559793438440766,0.2934339689665273,0
2018-03-16,0.0,25.9,32.5,19.6,0.0,0.0,0.0,0.0,0.0,0.0,0.0,0.0,0.0,0.0,1.3,27.2,27.4,22.8,75,3,0.9608854255574977,0.27694620226893646,0
2018-03-17,0.0,25.5,32.7,19.1,0.0,0.0,0.0,0.0,0.0,0.0,1.3,0.0,0.0,0.0,1.3,25.9,27.7,24.3,76,3,0.9655071658143364,0.2603764827344581,0
2018-03-18,0.0,26.9,32.4,20.7,0.0,0.0,0.0,0.0,0.0,0.0,0.0,0.0,0.0,0.0,0.0,25.5,27.4,25.0,77,3,0.969843196967294,0.24372971360968387,0
2018-03-19,0.0,27.6,34.3,21.9,0.0,0.0,0.0,0.0,0.0,0.0,0.0,0.0,0.0,0.0,0.0,26.9,25.5,25.2,78,3,0.9738922359149924,0.22701082094141847,0
2018-03-20,0.0,28.5,34.7,22.9,0.0,0.0,0.0,0.0,0.0,0.0,0.0,0.0,0.0,0.0,0.0,27.6,25.3,26.8,79,3,0.9776530844816641,0.2102247521189836,0
2018-03-21,0.0,28.4,34.0,23.4,0.0,0.0,0.0,0.0,0.0,0.0,0.0,0.0,0.0,0.0,0.0,28.5,26.0,27.0,80,3,0.981124629771712,0.19337647441020586,0
2018-03-22,0.0,28.3,33.5,23.5,0.0,0.0,0.0,0.0,0.0,0.0,0.0,0.0,0.0,0.0,0.0,28.4,27.2,27.2,81,3,0.984305844499033,0.17647097349152166,0
2018-03-23,0.0,28.8,34.4,23.8,0.0,0.0,0.0,0.0,0.0,0.0,0.0,0.0,0.0,0.0,0.0,28.3,25.9,27.4,82,3,0.9871957872910085,0.15951325197263655,0
2018-03-24,0.0,29.2,34.9,23.8,0.0,0.0,0.0,0.0,0.0,0.0,0.0,0.0,0.0,0.0,0.0,28.8,25.5,27.7,83,3,0.9897936029670716,0.14250832791617088,0
2018-03-25,0.0,29.2,36.0,23.9,0.0,0.0,0.0,0.0,0.0,0.0,0.0,0.0,0.0,0.0,0.0,29.2,26.9,27.4,84,3,0.992098522791769,0.12546123335273648,0
2018-03-26,0.0,28.5,35.7,23.1,0.0,0.0,0.0,0.0,0.0,0.0,0.0,0.0,0.0,0.0,0.0,29.2,27.6,25.5,85,3,0.9941098647022418,0.10837701279187609,0
2018-03-27,0.0,27.6,34.5,22.0,0.0,0.0,0.0,0.0,0.0,0.0,0.0,0.0,0.0,0.0,0.0,28.5,28.5,25.3,86,3,0.9958270335100595,0.09126072172931188,0
2018-03-28,0.0,28.7,34.9,21.8,0.0,0.0,0.0,0.0,0.0,0.0,0.0,0.0,0.0,0.0,0.0,27.6,28.4,26.0,87,3,0.9972495210773451,0.07411742515094437,0
2018-03-29,0.4,27.7,31.9,24.5,0.0,0.0,0.0,0.0,0.0,0.0,0.0,0.0,0.0,0.0,0.0,28.7,28.3,27.2,88,3,0.998376906467142,0.056952196034039754,1
2018-03-30,0.9,26.8,33.1,23.2,0.4,0.0,0.0,0.0,0.0,0.0,0.0,0.4,0.4,0.4,0.4,27.7,28.8,25.9,89,3,0.9992088560679753,0.03977011384605572,1
2018-03-31,0.1,27.6,33.7,22.9,0.9,0.4,0.0,0.0,0.0,0.0,0.0,1.3,1.3,1.3,1.3,26.8,29.2,25.5,90,3,0.9997451236925734,0.022576263041545485,0
2018-04-01,0.0,26.5,33.8,21.1,0.1,0.9,0.4,0.0,0.0,0.0,0.0,1.4000000000000001,1.4000000000000001,1.4000000000000001,1.4000000000000001,27.6,29.2,26.9,91,4,0.9999855506507186,0.005375731557583884,0
2018-04-02,0.0,27.3,33.2,22.1,0.0,0.1,0.9,0.0,0.0,0.0,0.0,0.9999999999999999,1.4000000000000001,1.4000000000000001,1.4000000000000001,26.5,28.5,27.6,92,4,0.9999300657962057,-0.011826390691832589,0
2018-04-03,1.0,27.3,33.1,22.4,0.0,0.0,0.1,0.0,0.0,0.0,0.0,0.1,1.4000000000000001,1.4000000000000001,1.4000000000000001,27.3,27.6,28.5,93,4,0.9995786855478958,-0.029025013321975237,1
2018-04-04,0.0,28.1,33.8,23.0,1.0,0.0,0.0,0.0,0.0,0.0,0.0,1.0,2.4,2.4,2.4,27.3,28.7,28.4,94,4,0.9989315138848577,-0.046215046983708354,0
2018-04-05,0.6,27.1,32.7,21.8,0.0,1.0,0.0,0.4,0.0,0.0,0.0,1.0,2.4,2.4,2.4,28.1,27.7,28.3,95,4,0.9979887423155984,-0.06339140486951038,1
2018-04-06,0.0,27.1,33.3,21.2,0.6,0.0,1.0,0.9,0.0,0.0,0.0,1.6,2.6,3.0,3.0,27.1,26.8,28.8,96,4,0.9967506498213929,-0.08054900421874167,0
2018-04-07,0.0,26.7,33.2,19.4,0.0,0.6,0.0,0.1,0.0,0.0,0.0,0.6,1.7,3.0,3.0,27.1,27.6,29.2,97,4,0.9952176027737294,-0.09768276782171598,0
2018-04-08,0.0,27.1,33.2,20.9,0.0,0.0,0.6,0.0,0.0,0.0,0.0,0.6,1.5999999999999999,3.0,3.0,26.7,26.5,29.2,98,4,0.9933900548258936,-0.11478762552212701,0
2018-04-09,0.0,26.9,33.5,20.5,0.0,0.0,0.0,0.0,0.0,0.0,0.0,0.0,1.5999999999999999,3.0,3.0,27.1,27.3,28.5,99,4,0.9912685467787256,-0.13185851571739118,0
2018-04-10,0.2,27.1,33.5,20.2,0.0,0.0,0.0,1.0,0.0,0.0,0.0,0.0,1.5999999999999999,3.0,3.0,26.9,27.3,27.6,100,4,0.9888537064205885,-0.1488903868564548,1
2018-04-11,0.0,27.3,33.0,22.4,0.2,0.0,0.0,0.0,0.0,0.0,0.0,0.2,0.8,3.2,3.2,27.1,28.1,28.7,101,4,0.986146248341595,-0.16587819893463143,0
2018-04-12,0.0,27.5,33.4,21.9,0.0,0.2,0.0,0.6,0.4,0.0,0.0,0.2,0.8,3.2,3.2,27.3,27.1,27.7,102,4,0.9831469737221499,-0.1828169249850199,0
2018-04-13,0.0,27.3,33.7,21.3,0.0,0.0,0.2,0.0,0.9,0.0,0.0,0.2,0.2,2.8000000000000003,3.2,27.5,27.1,26.8,103,4,0.9798567700958665,-0.1997015525660636,0
2018-04-14,0.0,27.6,34.2,20.7,0.0,0.0,0.0,0.0,0.1,0.0,0.0,0.0,0.2,1.9,3.2,27.3,26.7,27.6,104,4,0.9762766110869321,-0.21652708524481437,0
2018-04-15,0.0,27.4,34.2,21.6,0.0,0.0,0.0,0.0,0.0,0.0,0.0,0.0,0.2,1.7999999999999998,3.2,27.6,27.1,26.5,105,4,0.9724075561219968,-0.23328854407545518,0
2018-04-16,0.0,27.6,33.9,20.7,0.0,0.0,0.0,0.0,0.0,0.0,0.0,0.0,0.2,1.7999999999999998,3.2,27.4,26.9,27.3,106,4,0.9682507501166718,-0.2499809690726521,0
2018-04-17,0.0,27.6,34.2,20.9,0.0,0.0,0.0,0.2,1.0,0.0,0.0,0.0,0.2,1.7999999999999998,3.2,27.6,27.1,27.3,107,4,0.9638074231367307,-0.26659942067929354,0
2018-04-18,0.0,28.0,34.1,22.3,0.0,0.0,0.0,0.0,0.0,0.0,0.0,0.0,0.0,0.8,3.2,27.6,27.3,28.1,108,4,0.9590788900341131,-0.28313898122818354,0
2018-04-19,0.0,28.6,33.6,23.3,0.0,0.0,0.0,0.0,0.6,0.4,0.0,0.0,0.0,0.8,3.2,28.0,27.5,27.1,109,4,0.9540665500578387,-0.2995947563972602,0
2018-04-20,0.0,29.2,34.6,23.9,0.0,0.0,0.0,0.0,0.0,0.9,0.0,0.0,0.0,0.2,3.2,28.6,27.3,27.1,110,4,0.9487718864399473,-0.31596187665790293,0
2018-04-21,0.0,29.1,33.6,25.0,0.0,0.0,0.0,0.0,0.0,0.1,0.0,0.0,0.0,0.2,3.2,29.2,27.6,26.7,111,4,0.9431964659565866,-0.33223549871590435,0
2018-04-22,1.5,27.9,32.2,24.0,0.0,0.0,0.0,0.0,0.0,0.0,0.0,0.0,0.0,0.2,3.2,29.1,27.4,27.1,112,4,0.9373419384643772,-0.3484108069446808,1
2018-04-23,0.0,28.7,33.1,25.6,1.5,0.0,0.0,0.0,0.0,0.0,0.0,1.5,1.5,1.7,4.7,27.9,27.6,26.9,113,4,0.9312100364121947,-0.3644830148102912,0
2018-04-24,0.1,27.8,34.0,23.5,0.0,1.5,0.0,0.0,0.2,1.0,0.0,1.5,1.5,1.7,4.7,28.7,27.6,27.1,114,4,0.9248025743285089,-0.38044736628785164,0
2018-04-25,0.0,27.7,33.9,22.4,0.1,0.0,1.5,0.0,0.0,0.0,0.0,1.6,1.6,1.6,4.8,27.8,28.0,27.3,115,4,0.9181214482844365,-0.39629913726891813,0
2018-04-26,0.0,28.1,34.8,21.7,0.0,0.1,0.0,0.0,0.0,0.6,0.4,0.1,1.6,1.6,4.8,27.7,28.6,27.5,116,4,0.9111686353326631,-0.41203363695942635,0
2018-04-27,0.0,27.4,34.2,20.0,0.0,0.0,0.1,0.0,0.0,0.0,0.9,0.1,1.6,1.6,4.3999999999999995,28.1,29.2,27.3,117,4,0.9039461929224011,-0.42764620926777464,0
2018-04-28,0.0,27.3,34.2,20.1,0.0,0.0,0.0,0.0,0.0,0.0,0.1,0.0,1.6,1.6,3.5,27.4,29.1,27.6,118,4,0.8964562582905575,-0.44313223418263453,0
2018-04-29,0.0,28.1,35.0,20.5,0.0,0.0,0.0,1.5,0.0,0.0,0.0,0.0,1.6,1.6,3.4,27.3,27.9,27.4,119,4,0.8887010478292915,-0.45848712914008766,0
2018-04-30,0.0,28.2,35.1,21.3,0.0,0.0,0.0,0.0,0.0,0.0,0.0,0.0,0.1,1.6,3.4,28.1,28.7,27.6,120,4,0.8806828564301475,-0.47370635037968,0
2018-05-01,0.0,28.4,35.1,21.0,0.0,0.0,0.0,0.1,0.0,0.2,1.0,0.0,0.1,1.6,3.4,28.2,27.8,27.6,121,5,0.8724040568049612,-0.48878539428899265,0
2018-05-02,0.0,29.0,35.1,23.3,0.0,0.0,0.0,0.0,0.0,0.0,0.0,0.0,0.0,1.6,2.3999999999999995,28.4,27.7,28.0,122,5,0.8638670987837349,-0.503719798736334,0
2018-05-03,0.0,29.6,35.9,24.0,0.0,0.0,0.0,0.0,0.0,0.0,0.6,0.0,0.0,1.6,2.3999999999999995,29.0,28.1,28.6,123,5,0.8550745085896932,-0.518505144391157,0
2018-05-04,0.0,30.4,37.0,24.7,0.0,0.0,0.0,0.0,0.0,0.0,0.0,0.0,0.0,1.6,1.8,29.6,27.4,29.2,124,5,0.8460288880917339,-0.533137056031809,0
2018-05-05,0.0,30.0,36.9,24.8,0.0,0.0,0.0,0.0,0.0,0.0,0.0,0.0,0.0,1.6,1.7999999999999998,30.4,27.3,29.1,125,5,0.8367329140344921,-0.5476112038402312,0
2018-05-06,0.1,29.2,34.3,24.7,0.0,0.0,0.0,0.0,1.5,0.0,0.0,0.0,0.0,1.6,1.7999999999999998,30.0,28.1,27.9,126,5,0.8271893372462497,-0.5619233046832195,0
2018-05-07,0.0,28.9,34.4,25.0,0.1,0.0,0.0,0.0,0.0,0.0,0.0,0.1,0.1,0.2,1.8999999999999997,29.2,28.2,28.7,127,5,0.8174009818249189,-0.5760691233798758,0
2018-05-08,0.0,28.6,33.9,24.0,0.0,0.1,0.0,0.0,0.1,0.0,0.2,0.1,0.1,0.2,1.9,28.9,28.4,27.8,128,5,0.8073707443023492,-0.5900444739548627,0
2018-05-09,0.0,28.2,33.4,22.7,0.0,0.0,0.1,0.0,0.0,0.0,0.0,0.1,0.1,0.1,1.6999999999999997,28.6,29.0,27.7,129,5,0.7971015927871943,-0.6038452208771035,0
2018-05-10,0.3,29.2,35.5,22.3,0.0,0.0,0.0,0.0,0.0,0.0,0.0,0.0,0.1,0.1,1.6999999999999997,28.2,29.6,28.1,130,5,0.7865965660866021,-0.6174672802835514,1
2018-05-11,0.0,30.5,36.4,25.0,0.3,0.0,0.0,0.0,0.0,0.0,0.0,0.3,0.4,0.4,1.9999999999999998,29.2,30.4,27.4,131,5,0.7758587728069828,-0.6309066211876704,0
2018-05-12,0.0,31.1,36.4,26.1,0.0,0.3,0.0,0.0,0.0,0.0,0.0,0.3,0.39999999999999997,0.39999999999999997,1.9999999999999998,30.5,30.0,27.3,132,5,0.7648913904341226,-0.6441592666722685,0
2018-05-13,0.0,31.2,37.1,26.6,0.0,0.0,0.3,0.1,0.0,1.5,0.0,0.3,0.39999999999999997,0.39999999999999997,1.9999999999999998,31.1,29.2,28.1,133,5,0.753697664392914,-0.6572212950663319,0
2018-05-14,0.0,31.0,37.5,25.8,0.0,0.0,0.0,0.0,0.0,0.0,0.0,0.0,0.29999999999999993,0.39999999999999997,1.9999999999999998,31.2,28.9,28.2,134,5,0.742280907086982,-0.6700888411055113,0
2018-05-15,0.0,30.6,37.2,24.0,0.0,0.0,0.0,0.0,0.0,0.1,0.0,0.0,0.29999999999999993,0.39999999999999997,1.9999999999999998,31.0,28.6,28.4,135,5,0.7306444969184916,-0.6827580970759147,0
2018-05-16,0.0,28.5,34.3,22.7,0.0,0.0,0.0,0.0,0.0,0.0,0.0,0.0,0.29999999999999993,0.39999999999999997,1.9999999999999998,30.6,28.2,29.0,136,5,0.7187918772884232,-0.6952253139408722,0
2018-05-17,0.0,29.1,34.8,24.1,0.0,0.0,0.0,0.3,0.0,0.0,0.0,0.0,0.29999999999999993,0.39999999999999997,1.9999999999999998,28.5,29.2,29.6,137,5,0.7067265555776158,-0.7074868024503348,0
2018-05-18,0.0,29.5,35.6,23.4,0.0,0.0,0.0,0.0,0.0,0.0,0.0,0.0,0.0,0.39999999999999997,1.9999999999999998,29.1,30.5,30.4,138,5,0.6944521021088763,-0.719538934232584,0
2018-05-19,0.0,30.2,35.5,23.4,0.0,0.0,0.0,0.0,0.0,0.0,0.0,0.0,0.0,0.39999999999999997,1.9999999999999998,29.5,31.1,30.0,139,5,0.6819721490904629,-0.7313781428679254,0
2018-05-20,0.0,30.5,36.5,25.4,0.0,0.0,0.0,0.0,0.1,0.0,1.5,0.0,0.0,0.39999999999999997,1.9999999999999998,30.2,31.2,29.2,140,5,0.6692903895412567,-0.7430009249440493,0
2018-05-21,0.2,29.4,35.6,24.2,0.0,0.0,0.0,0.0,0.0,0.0,0.0,0.0,0.0,0.29999999999999993,0.4999999999999998,30.5,31.0,28.9,141,5,0.6564105761979381,-0.7544038410927472,1
2018-05-22,0.0,27.6,35.2,22.6,0.2,0.0,0.0,0.0,0.0,0.0,0.1,0.2,0.2,0.49999999999999994,0.6999999999999997,29.4,30.6,28.6,142,5,0.6433365204044917,-0.765583517007675,0
2018-05-23,0.1,26.7,32.1,20.8,0.0,0.2,0.0,0.0,0.0,0.0,0.0,0.2,0.2,0.5,0.5999999999999999,27.6,28.5,28.2,143,5,0.6300720909843687,-0.7765366444428655,0
2018-05-24,0.0,27.3,31.7,21.6,0.1,0.0,0.2,0.0,0.3,0.0,0.0,0.30000000000000004,0.30000000000000004,0.6,0.6999999999999998,26.7,29.1,29.2,144,5,0.6166212130956382,-0.7872599821916922,0
2018-05-25,1.4,26.9,29.8,23.5,0.0,0.1,0.0,0.0,0.0,0.0,0.0,0.1,0.30000000000000004,0.29999999999999993,0.6999999999999998,27.3,29.5,30.5,145,5,0.6029878670694714,-0.7977503570459932,1
2018-05-26,0.0,27.9,32.0,24.3,1.4,0.0,0.1,0.0,0.0,0.0,0.0,1.5,1.7,1.6999999999999997,2.0999999999999996,26.9,30.2,31.1,146,5,0.5891760872322963,-0.8080046647350754,0
2018-05-27,0.0,28.0,32.8,23.5,0.0,1.4,0.0,0.0,0.0,0.1,0.0,1.4,1.7,1.6999999999999997,2.0999999999999996,27.9,30.5,31.2,147,5,0.5751899607119775,-0.8180198708443175,0
2018-05-28,0.0,26.7,32.1,22.4,0.0,0.0,1.4,0.2,0.0,0.0,0.0,1.4,1.7,1.6999999999999997,2.0999999999999996,28.0,29.4,31.0,148,5,0.5610336262283677,-0.8277930117131022,0
2018-05-29,1.2,25.0,28.8,22.1,0.0,0.0,0.0,0.0,0.0,0.0,0.0,0.0,1.5,1.6999999999999997,2.0999999999999996,26.7,27.6,30.6,149,5,0.5467112728685939,-0.8373211953118121,1
2018-05-30,17.6,22.9,28.7,19.6,1.2,0.0,0.0,0.1,0.0,0.0,0.0,1.2,2.7,2.8999999999999995,3.3,25.0,26.7,28.5,150,5,0.5322271388474397,-0.8466016020976267,1
2018-05-31,0.2,24.4,30.6,20.8,17.6,1.2,0.0,0.0,0.0,0.3,0.0,18.8,20.200000000000003,20.5,20.900000000000002,22.9,27.3,29.1,151,5,0.5175855102531889,-0.8556314858488706,1
2018-06-01,5.4,24.2,28.3,21.8,0.2,17.6,1.2,1.4,0.0,0.0,0.0,19.0,20.400000000000002,20.7,21.1,24.4,26.9,29.5,152,6,0.5027907197793043,-0.8644081744776648,1
2018-06-02,0.1,25.5,30.0,21.1,5.4,0.2,17.6,0.0,0.0,0.0,0.0,23.200000000000003,24.400000000000006,26.1,26.500000000000004,24.2,27.9,30.2,153,6,0.4878471454423119,-0.8729290708206411,0
2018-06-03,0.0,26.9,31.5,21.4,0.1,5.4,0.2,0.0,0.0,0.0,0.1,5.7,24.500000000000004,26.2,26.6,25.5,28.0,30.5,154,6,0.47275920928627757,-0.881191653407483,0
2018-06-04,0.4,26.5,32.7,21.0,0.0,0.1,5.4,0.0,0.2,0.0,0.0,5.5,24.500000000000004,26.2,26.5,26.9,26.7,29.4,155,6,0.4575313760742512,-0.8891934772070711,1
2018-06-05,0.0,26.3,31.5,22.4,0.4,0.0,0.1,1.2,0.0,0.0,0.0,0.5,24.900000000000006,26.400000000000002,26.900000000000002,26.5,25.0,27.6,156,6,0.44216815196707204,-0.8969321743510065,0
2018-06-06,0.0,25.7,31.6,21.3,0.0,0.4,0.0,17.6,0.1,0.0,0.0,0.4,23.700000000000003,26.400000000000002,26.900000000000002,26.3,22.9,26.7,157,6,0.42667408318992467,-0.9044054548343001,0
2018-06-07,0.0,25.8,31.1,21.4,0.0,0.0,0.4,0.2,0.0,0.0,0.3,0.4,6.1000000000000005,26.3,26.900000000000002,25.7,24.4,27.3,158,6,0.4110537546870351,-0.9116111071930239,0
2018-06-08,0.2,25.2,28.7,22.1,0.0,0.0,0.0,5.4,1.4,0.0,0.0,0.0,5.9,26.3,26.600000000000005,25.8,24.2,26.9,159,6,0.3953117887649151,-0.9185469991587165,1
2018-06-09,0.3,26.0,32.3,22.5,0.2,0.0,0.0,0.1,0.0,0.0,0.0,0.2,0.7,25.1,26.800000000000004,25.2,25.5,27.9,160,6,0.37945284372454435,-0.925211078289358,1
2018-06-10,1.4,25.8,32.9,21.8,0.3,0.2,0.0,0.0,0.0,0.0,0.0,0.5,0.9,25.400000000000002,27.100000000000005,26.0,26.9,28.0,161,6,0.36348161248290634,-0.9316013725767187,1
2018-06-11,0.2,25.9,33.2,21.4,1.4,0.3,0.2,0.4,0.0,0.2,0.0,1.9,2.3,26.8,28.500000000000004,25.8,26.5,26.7,162,6,0.3474028211842774,-0.9377159910299093,1
2018-06-12,0.6,26.1,33.2,20.2,0.2,1.4,0.3,0.0,1.2,0.0,0.0,1.9,2.1,27.0,28.700000000000003,25.9,26.3,25.0,163,6,0.3312212278016865,-0.9435531242349544,1
2018-06-13,4.4,23.4,30.4,20.6,0.6,0.2,1.4,0.0,17.6,0.1,0.0,2.2,2.7,26.400000000000002,29.300000000000004,26.1,25.7,22.9,164,6,0.31494162072895193,-0.9491110448902284,1
2018-06-14,0.0,24.3,29.9,19.3,4.4,0.6,0.2,0.0,0.2,0.0,0.0,5.200000000000001,7.1000000000000005,13.200000000000001,33.7,23.4,25.8,24.4,165,6,0.2985688173637202,-0.9543881083175908,0
2018-06-15,0.0,26.6,31.1,21.2,0.0,4.4,0.6,0.2,5.4,1.4,0.0,5.000000000000001,7.1000000000000005,13.000000000000002,33.7,24.3,25.2,24.2,166,6,0.2821076626819194,-0.9593827529490743,0
2018-06-16,0.6,25.6,32.1,20.9,0.0,0.0,4.4,0.3,0.1,0.0,0.0,4.400000000000001,6.9,7.6000000000000005,33.7,26.6,26.0,25.5,167,6,0.26556302780405594,-0.9640935007889755,1
2018-06-17,1.1,25.6,32.5,21.0,0.6,0.0,0.0,1.4,0.0,0.0,0.0,0.6000000000000009,7.2,8.100000000000001,34.300000000000004,25.6,25.8,26.9,168,6,0.24893980855376657,-0.9685189578512204,1
2018-06-18,0.0,26.4,31.4,20.2,1.1,0.6,0.0,0.2,0.4,0.0,0.2,1.700000000000001,6.900000000000001,9.200000000000001,35.400000000000006,25.6,25.9,26.5,169,6,0.23224292400907015,-0.9726578145718654,0
2018-06-19,0.0,25.5,31.4,19.7,0.0,1.1,0.6,0.6,0.0,1.2,0.0,1.700000000000001,6.700000000000001,8.8,35.2,26.4,26.1,26.3,170,6,0.21547731504673012,-0.976508846196619,0
2018-06-20,0.2,24.1,30.1,20.4,0.0,0.0,1.1,4.4,0.0,17.6,0.1,1.100000000000001,6.1000000000000005,8.8,35.2,25.5,23.4,25.7,171,6,0.19864794288017112,-0.9800709131432666,1
2018-06-21,5.9,22.9,27.8,19.2,0.2,0.0,0.0,0.0,0.0,0.2,0.0,0.2000000000000009,1.9000000000000001,9.0,35.3,24.1,24.3,25.8,172,6,0.18175978759137534,-0.9833429613388902,1
2018-06-22,3.1,22.5,28.1,19.4,5.9,0.2,0.0,0.0,0.2,5.4,1.4,6.100000000000001,7.800000000000001,14.900000000000002,41.2,22.9,26.6,25.2,173,6,0.16481784665719793,-0.9863240225317866,1
2018-06-23,1.6,22.6,27.0,19.0,3.1,5.9,0.2,0.6,0.3,0.1,0.0,9.200000000000001,10.9,17.8,42.900000000000006,22.5,25.6,26.0,174,6,0.14782713347053048,-0.9890132145779883,1
2018-06-24,1.1,22.2,29.1,16.8,1.6,3.1,5.9,1.1,1.4,0.0,0.0,10.600000000000001,11.900000000000002,19.1,44.5,22.6,25.6,25.8,175,6,0.13079267585675922,-0.9914097417023038,1
2018-06-25,1.8,23.4,30.0,18.9,1.1,1.6,3.1,0.0,0.2,0.4,0.0,5.800000000000001,11.9,18.800000000000004,45.6,22.2,26.4,25.9,176,6,0.11371951458594969,-0.9935128947338007,1
2018-06-26,10.9,22.8,28.9,19.0,1.8,1.1,1.6,0.0,0.6,0.0,1.2,4.500000000000001,13.700000000000001,20.4,47.400000000000006,23.4,25.5,26.1,177,6,0.0966127018812031,-0.9953220513156602,1
2018-06-27,3.1,22.7,27.9,19.6,10.9,1.8,1.1,0.2,4.4,0.0,17.6,13.8,24.6,30.700000000000003,57.10000000000001,22.8,24.1,23.4,178,6,0.07947729992362097,-0.9968366760893436,1
2018-06-28,6.4,22.4,27.3,19.3,3.1,10.9,1.8,5.9,0.0,0.0,0.2,15.8,27.5,29.400000000000002,42.6,22.7,22.9,24.3,179,6,0.062318379354325076,-0.998056320853012,1
2018-06-29,11.3,21.8,27.6,18.4,6.4,3.1,10.9,3.1,0.0,0.2,5.4,20.4,28.0,35.8,48.800000000000004,22.4,22.5,26.6,180,6,0.04514101777397193,-0.9989806246941579,1
2018-06-30,1.0,21.6,26.8,17.6,11.3,6.4,3.1,1.6,0.6,0.3,0.1,20.8,36.2,47.1,54.7,21.8,22.6,25.6,181,6,0.02795029824021032,-0.999609314096404,1
2018-07-01,0.2,22.5,26.8,19.4,1.0,11.3,6.4,1.1,1.1,1.4,0.0,18.7,35.6,47.5,55.6,21.6,22.2,25.6,182,7,0.01075130776352193,-0.9999422030204416,1
2018-07-02,0.0,23.0,28.3,18.5,0.2,1.0,11.3,1.8,0.0,0.2,0.4,12.5,34.699999999999996,46.60000000000001,55.800000000000004,22.5,23.4,26.4,183,7,-0.00645086419810515,-0.9999791929590823,0
2018-07-03,0.2,24.0,29.5,18.8,0.0,0.2,1.0,10.9,0.0,0.6,0.0,1.2,32.9,46.60000000000001,55.400000000000006,23.0,22.8,25.5,184,7,-0.023651127245231586,-0.9997202729664083,1
2018-07-04,5.1,23.7,31.0,19.6,0.2,0.0,0.2,3.1,0.2,4.4,0.0,0.4,22.200000000000003,46.800000000000004,55.6,24.0,22.7,24.1,185,7,-0.04084439154329611,-0.9991655196610109,1
2018-07-05,6.8,22.5,27.6,18.9,5.1,0.2,0.0,6.4,5.9,0.0,0.0,5.3,24.200000000000003,51.7,60.7,23.7,22.4,22.9,186,7,-0.05802556932878035,-0.9983150972033183,1
2018-07-06,6.5,21.0,24.7,18.5,6.8,5.1,0.2,11.3,3.1,0.0,0.2,12.1,24.6,52.6,67.5,22.5,21.8,22.5,187,7,-0.07518957641475855,-0.9971692572470178,1
2018-07-07,6.6,21.1,26.8,18.3,6.5,6.8,5.1,1.0,1.6,0.6,0.3,18.4,19.8,56.0,73.8,21.0,21.6,22.6,188,7,-0.09233133369539122,-0.9957283388645872,1
2018-07-08,5.7,22.0,26.3,18.9,6.6,6.5,6.8,0.2,1.1,1.1,1.4,19.9,25.4,61.0,80.10000000000001,21.1,22.5,22.2,189,7,-0.10944576864891556,-0.993992768446958,1
2018-07-09,1.9,22.8,27.9,19.0,5.7,6.6,6.5,0.0,1.8,0.0,0.2,18.8,30.9,65.6,84.4,22.0,23.0,23.4,190,7,-0.12652781683868314,-0.9919630595773397,1
2018-07-10,2.3,22.3,25.9,19.9,1.9,5.7,6.6,0.2,10.9,0.0,0.6,14.2,32.8,65.7,86.1,22.8,24.0,22.8,191,7,-0.1435724234118113,-0.9896398128792412,1
2018-07-11,12.6,22.3,27.6,18.8,2.3,1.9,5.7,5.1,3.1,0.2,4.4,9.9,34.9,57.099999999999994,87.8,22.3,23.7,22.7,192,7,-0.16057454459499376,-0.9870237158387383,1
2018-07-12,3.5,21.7,25.4,18.7,12.6,2.3,1.9,6.8,6.4,5.9,0.0,16.8,42.4,66.6,96.0,22.3,22.5,22.4,193,7,-0.17752914918703497,-0.984115542601034,1
2018-07-13,6.0,22.0,27.5,18.8,3.5,12.6,2.3,6.5,11.3,3.1,0.0,18.4,39.1,63.699999999999996,99.5,21.7,21.0,21.8,194,7,-0.19443122004766195,-0.9809161537413774,1
2018-07-14,2.3,22.7,28.3,18.8,6.0,3.5,12.6,6.6,1.0,1.6,0.6,22.099999999999998,38.6,58.4,105.5,22.0,21.1,21.6,195,7,-0.2112757555821793,-0.9774264960104055,1
2018-07-15,1.4,23.6,29.3,20.0,2.3,6.0,3.5,5.7,0.2,1.1,1.1,11.8,34.3,59.699999999999996,107.2,22.7,22.0,22.5,196,7,-0.2280577712215198,-0.9736476020539838,1
2018-07-16,3.8,23.3,29.0,19.5,1.4,2.3,6.0,1.9,0.0,1.8,0.0,9.7,29.999999999999996,60.9,107.5,23.6,22.8,23.0,197,7,-0.24477230089725957,-0.9695805901076308,1
2018-07-17,13.0,20.5,24.0,18.2,3.8,1.4,2.3,2.3,0.2,10.9,0.0,7.5,31.9,64.69999999999999,111.30000000000001,23.3,22.3,24.0,198,7,-0.2614143985111562,-0.965226663665613,1
2018-07-18,0.4,21.8,26.1,18.1,13.0,3.8,1.4,12.6,5.1,3.1,0.2,18.2,42.599999999999994,77.5,124.30000000000001,20.5,22.3,23.7,199,7,-0.2779791393987801,-0.9605871111248129,1
2018-07-19,6.3,21.0,24.2,19.0,0.4,13.0,3.8,3.5,6.8,6.4,5.9,17.2,30.4,72.8,124.5,21.8,21.7,22.5,200,7,-0.2944616217868012,-0.9556633054034704,1
2018-07-20,1.7000000000000002,22.2,26.7,19.3,6.3,0.4,13.0,6.0,6.5,11.3,3.1,19.7,33.2,72.3,124.89999999999999,21.0,22.0,21.0,201,7,-0.3108569682435036,-0.9504567035349151,1
2018-07-21,1.4,22.0,25.3,19.4,1.7000000000000002,6.3,0.4,2.3,6.6,1.0,1.6,8.4,28.9,67.5,123.5,22.2,22.7,21.1,202,7,-0.3271603271220951,-0.9449688462364056,1
2018-07-22,9.0,22.4,26.2,18.8,1.4,1.7000000000000002,6.3,1.4,5.7,0.2,1.1,9.4,28.0,62.3,123.3,22.0,23.6,22.0,203,7,-0.34336687399638804,-0.939201357453208,1
2018-07-23,4.4,21.3,25.3,18.0,9.0,1.4,1.7000000000000002,3.8,1.9,0.0,1.8,12.100000000000001,35.6,65.6,131.2,22.4,23.3,22.8,204,7,-0.3594718130884232,-0.9331559438780432,1
2018-07-24,13.7,20.1,24.0,18.0,4.4,9.0,1.4,13.0,2.3,0.2,10.9,14.800000000000002,36.2,68.1,133.79999999999998,21.3,20.5,22.3,205,7,-0.3754703786876202,-0.9268343944460494,1
2018-07-25,1.4,20.7,24.4,18.0,13.7,4.4,9.0,0.4,12.6,5.1,3.1,27.1,36.9,79.5,136.6,20.1,21.8,22.3,206,7,-0.3913578365610259,-0.9202385798054075,1
2018-07-26,2.5,21.3,25.1,17.3,1.4,13.7,4.4,6.3,3.5,6.8,6.4,19.5,37.9,68.30000000000001,134.9,20.7,21.0,21.7,207,7,-0.4071294853542516,-0.9133704517637858,1
2018-07-27,8.8,21.1,25.3,17.7,2.5,1.4,13.7,1.7000000000000002,6.0,6.5,11.3,17.6,34.1,67.30000000000001,131.0,21.3,22.2,22.0,208,7,-0.4227806579826773,-0.9062320427107697,1
2018-07-28,10.7,20.2,23.4,17.4,8.8,2.5,1.4,1.4,2.3,6.6,1.0,12.700000000000003,41.2,70.1,128.5,21.1,22.0,22.7,209,7,-0.4383067230125192,-0.898825465016444,1
2018-07-29,3.1,19.9,23.7,17.4,10.7,8.8,2.5,9.0,1.4,5.7,0.2,22.0,50.5,78.5,138.2,20.2,22.4,23.6,210,7,-0.45370308603134424,-0.8911529104063088,1
2018-07-30,0.6,20.7,24.8,18.0,3.1,10.7,8.8,4.4,3.8,1.9,0.0,22.6,44.6,80.2,141.10000000000002,19.9,21.3,23.3,211,7,-0.46896519100763184,-0.8832166493127127,1
2018-07-31,0.0,21.5,25.2,17.3,0.6,3.1,10.7,13.7,13.0,2.3,0.2,14.4,40.800000000000004,77.0,141.70000000000002,20.7,20.1,20.5,212,7,-0.48408852163897587,-0.8750190302029955,0
2018-08-01,0.7000000000000001,21.6,26.7,17.7,0.0,0.6,3.1,1.4,0.4,12.6,5.1,3.700000000000002,27.099999999999998,64.0,141.5,21.5,20.7,21.8,213,8,-0.4990686026885319,-0.8665624788845385,1
2018-08-02,7.9,21.5,26.4,18.5,0.7000000000000001,0.0,0.6,2.5,6.3,3.5,6.8,1.3000000000000018,26.4,64.3,137.1,21.6,21.3,21.0,214,8,-0.5139010013093103,-0.8578494977869301,1
2018-08-03,16.7,20.8,25.4,16.8,7.9,0.7000000000000001,0.0,8.8,1.7000000000000002,6.0,6.5,8.600000000000001,31.8,65.9,138.2,21.5,21.1,22.2,215,8,-0.5285813283559292,-0.8488826652214553,1
2018-08-04,18.8,20.4,24.5,17.9,16.7,7.9,0.7000000000000001,10.7,1.4,2.3,6.6,25.3,39.7,80.89999999999999,148.39999999999998,20.8,20.2,22.0,216,8,-0.5431052396834317,-0.8396646346181327,1
2018-08-05,7.6,20.9,25.2,17.0,18.8,16.7,7.9,3.1,9.0,1.4,5.7,43.400000000000006,47.8,98.30000000000001,160.6,20.4,19.9,22.4,217,8,-0.5574684374327892,-0.8301981337405212,1
2018-08-06,7.2,20.2,24.1,17.0,7.6,18.8,16.7,0.6,4.4,3.8,1.9,43.1,52.3,96.9,162.5,20.9,20.7,21.3,218,8,-0.5716666713027052,-0.8204859638785327,1
2018-08-07,10.1,20.8,25.9,16.9,7.2,7.6,18.8,0.0,13.7,13.0,2.3,33.6,58.9,99.7,167.8,20.2,21.5,20.1,219,8,-0.5856957398073508,-0.8105309990194823,1
2018-08-08,6.8,20.3,24.9,17.7,10.1,7.2,7.6,0.7000000000000001,1.4,0.4,12.6,24.9,69.0,96.1,175.6,20.8,21.6,20.7,220,8,-0.5995514915196489,-0.8003361849976323,1
2018-08-09,4.4,20.4,24.9,17.2,6.8,10.1,7.2,7.9,2.5,6.3,3.5,24.099999999999998,75.1,101.5,169.79999999999998,20.3,21.5,21.3,221,8,-0.6132298262997502,-0.7899045386224707,1
2018-08-10,1.2,21.5,26.0,17.6,4.4,6.8,10.1,16.7,8.8,1.7000000000000002,6.0,21.299999999999997,71.60000000000001,103.4,170.7,20.4,20.8,21.1,222,8,-0.6267266965083301,-0.7792391467859886,1
2018-08-11,6.4,21.4,26.3,18.2,1.2,4.4,6.8,18.8,10.7,1.4,2.3,12.4,56.1,95.8,165.9,21.5,20.4,20.2,223,8,-0.6400381082043503,-0.7683431655492202,1
2018-08-12,9.5,20.4,24.3,18.2,6.4,1.2,4.4,7.6,3.1,9.0,1.4,12.0,43.699999999999996,91.5,170.0,21.4,20.9,19.9,224,8,-0.65316012232693,-0.7572198192083127,1
2018-08-13,6.4,19.7,23.4,17.6,9.5,6.4,1.2,7.2,0.6,4.4,3.8,17.1,45.6,97.89999999999999,178.10000000000002,20.4,20.2,20.7,225,8,-0.666088855860977,-0.7458723993404063,1
2018-08-14,3.1,20.6,25.1,16.9,6.4,9.5,6.4,10.1,0.0,13.7,13.0,22.3,44.8,103.7,180.7,19.7,20.8,21.5,226,8,-0.6788204829862355,-0.734304263829602,1
2018-08-15,14.3,20.8,24.5,18.1,3.1,6.4,9.5,6.8,0.7000000000000001,1.4,0.4,19.0,37.800000000000004,106.8,170.8,20.6,20.3,21.6,227,8,-0.6913512362094071,-0.722518835873311,1
2018-08-16,4.2,20.3,24.3,17.5,14.3,3.1,6.4,4.4,7.9,2.5,6.3,23.799999999999997,45.3,120.4,184.7,20.8,20.4,21.5,228,8,-0.7036774074790128,-0.7105196029692745,1
2018-08-17,16.0,20.6,24.6,17.4,4.2,14.3,3.1,1.2,16.7,8.8,1.7000000000000002,21.6,45.1,116.69999999999999,182.60000000000002,20.3,21.5,20.8,229,8,-0.7157953492826642,-0.6983101158835584,1
2018-08-18,13.2,19.4,22.8,17.3,16.0,4.2,14.3,6.4,18.8,10.7,1.4,34.5,59.9,116.0,196.89999999999998,20.6,21.4,20.4,230,8,-0.7277014757264236,-0.6858939875998223,1
2018-08-19,4.6,20.5,24.7,16.5,13.2,16.0,4.2,9.5,7.6,3.1,9.0,33.4,66.7,110.39999999999999,208.70000000000002,19.4,20.4,20.9,231,8,-0.7393922635959241,-0.673274892250183,1
2018-08-20,3.8,20.6,25.3,17.2,4.6,13.2,16.0,6.4,7.2,0.6,4.4,33.8,61.8,107.39999999999999,204.3,20.5,19.7,20.2,232,8,-0.7508642533989489,-0.6604565640279754,1
2018-08-21,9.9,20.3,24.0,17.8,3.8,4.6,13.2,3.1,10.1,0.0,13.7,21.599999999999998,59.2,104.0,203.70000000000002,20.6,20.6,20.8,233,8,-0.7621140503891487,-0.6474427960827475,1
2018-08-22,18.1,19.3,23.3,17.1,9.9,3.8,4.6,14.3,6.8,0.7000000000000001,1.4,18.3,66.0,103.8,199.89999999999998,20.3,20.8,20.3,234,8,-0.7731383255706026,-0.6342374393978054,1
2018-08-23,6.5,20.4,24.5,17.1,18.1,9.9,3.8,4.2,4.4,7.9,2.5,31.800000000000004,69.80000000000001,115.10000000000001,216.60000000000002,19.3,20.3,20.4,235,8,-0.7839338166829201,-0.620844401650647,1
2018-08-24,8.9,20.7,24.5,18.4,6.5,18.1,9.9,16.0,1.2,16.7,8.8,34.5,72.1,117.2,220.60000000000002,20.4,20.6,21.5,236,8,-0.7944973291665992,-0.6072676460566135,1
2018-08-25,6.3,20.4,25.6,17.3,8.9,6.5,18.1,13.2,6.4,18.8,10.7,33.50000000000001,65.0,124.89999999999999,220.70000000000002,20.7,19.4,21.4,237,8,-0.8048257371083452,-0.593511190196115,1
2018-08-26,12.5,20.4,24.1,17.5,6.3,8.9,6.5,4.6,9.5,7.6,3.1,21.700000000000003,58.1,124.80000000000001,216.3,20.4,20.5,20.4,238,8,-0.8149159841660791,-0.5795791048257612,1
2018-08-27,2.0,21.1,24.4,18.0,12.5,6.3,8.9,3.8,6.4,7.2,0.6,27.700000000000003,66.0,127.80000000000001,225.7,20.4,20.6,19.7,239,8,-0.8247650844733614,-0.5654755126737576,1
2018-08-28,18.9,21.0,25.6,18.1,2.0,12.5,6.3,9.9,3.1,10.1,0.0,20.800000000000004,64.2,123.4,227.1,21.1,20.3,20.6,240,8,-0.8343701235229537,-0.5512045872199277,1
2018-08-29,6.9,19.5,22.6,17.5,18.9,2.0,12.5,18.1,14.3,6.8,0.7000000000000001,33.400000000000006,73.2,139.2,246.0,21.0,19.3,20.8,241,8,-0.8437282590292712,-0.5367705514607103,1
2018-08-30,3.1,20.8,25.4,17.3,6.9,18.9,2.0,6.5,4.2,4.4,7.9,27.800000000000004,62.0,131.79999999999998,252.20000000000002,19.5,20.4,20.3,242,8,-0.8528367217694595,-0.522177676659508,1
2018-08-31,7.9,20.5,25.2,17.7,3.1,6.9,18.9,8.9,16.0,1.2,16.7,28.900000000000002,58.6,130.70000000000002,247.4,20.8,20.7,20.6,243,8,-0.8616928164028521,-0.5074302810827518,1
2018-09-01,2.9,20.7,24.2,17.8,7.9,3.1,6.9,6.3,13.2,6.4,18.8,17.900000000000006,57.6,122.60000000000001,238.6,20.5,20.4,19.4,244,9,-0.8702939222685674,-0.49253272872205434,1
2018-09-02,3.7,20.9,25.6,17.7,2.9,7.9,3.1,12.5,4.6,9.5,7.6,13.900000000000004,54.199999999999996,112.3,222.7,20.7,20.4,20.5,245,9,-0.8786374941610001,-0.4774894280028391,1
2018-09-03,18.2,21.4,26.6,18.0,3.7,2.9,7.9,2.0,3.8,6.4,7.2,14.500000000000004,45.400000000000006,111.4,218.8,20.9,21.1,20.6,246,9,-0.886721063082993,-0.46230483047981086,1
2018-09-04,23.0,19.1,21.1,17.0,18.2,3.7,2.9,18.9,9.9,3.1,10.1,24.800000000000004,61.6,125.8,229.79999999999998,21.4,21.0,20.3,247,9,-0.8945422369764496,-0.4469834295196741,1
2018-09-05,4.0,20.2,26.0,16.3,23.0,18.2,3.7,6.9,18.1,14.3,6.8,44.900000000000006,65.7,138.9,242.7,19.1,19.5,19.3,248,9,-0.9020987014301837,-0.43152975897147144,1
2018-09-06,14.5,20.7,25.6,16.6,4.0,23.0,18.2,3.1,6.5,4.2,4.4,45.2,62.8,124.8,239.9,20.2,20.8,20.4,249,9,-0.9093882203647925,-0.4159483918249421,1
2018-09-07,1.0,20.8,25.6,17.8,14.5,4.0,23.0,7.9,8.9,16.0,1.2,41.5,74.19999999999999,132.79999999999998,250.0,20.7,20.5,20.7,250,9,-0.9164086366943458,-0.4002439388573056,1
2018-09-08,15.8,20.5,24.7,17.0,1.0,14.5,4.0,2.9,6.3,13.2,6.4,19.5,67.30000000000001,124.9,249.79999999999998,20.8,20.7,20.4,251,9,-0.9231578729647039,-0.38442104726885545,1
2018-09-09,8.2,20.3,24.2,17.6,15.8,1.0,14.5,3.7,12.5,4.6,9.5,31.3,80.2,134.39999999999998,259.2,20.5,20.9,20.4,252,9,-0.9296339319682695,-0.3684843993077793,1
2018-09-10,3.0,21.0,27.0,17.8,8.2,15.8,1.0,18.2,2.0,3.8,6.4,25.0,84.69999999999999,130.1,257.9,20.3,21.4,21.1,253,9,-0.9358348973349941,-0.35243871088460327,1
2018-09-11,1.7000000000000002,21.9,26.6,18.1,3.0,8.2,15.8,23.0,18.9,9.9,3.1,27.0,69.5,131.1,254.5,21.0,19.1,21.0,254,9,-0.9417589340994617,-0.33628873017668287,1
2018-09-12,4.3,21.0,24.9,18.3,1.7000000000000002,3.0,8.2,4.0,6.9,18.1,14.3,12.899999999999999,48.2,113.9,253.1,21.9,20.2,19.5,255,9,-0.9474042892438845,-0.32003923622313857,1
2018-09-13,4.2,20.4,24.6,17.8,4.3,1.7000000000000002,3.0,14.5,3.1,6.5,4.2,9.0,48.5,111.3,243.1,21.0,20.7,20.8,256,9,-0.9527692922168511,-0.30369503751065885,1
2018-09-14,2.6,20.6,25.0,16.8,4.2,4.3,1.7000000000000002,1.0,7.9,8.9,16.0,10.2,38.2,112.4,243.1,20.4,20.8,20.5,257,9,-0.9578523554276669,-0.28726097055059635,1
2018-09-15,0.9,22.1,26.3,17.8,2.6,4.2,4.3,15.8,2.9,6.3,13.2,11.100000000000001,39.8,107.1,229.70000000000002,20.6,20.5,20.7,258,9,-0.9626519747161487,-0.2707418984477642,1
2018-09-16,2.4,21.4,26.3,18.1,0.9,2.6,4.2,8.2,3.7,12.5,4.6,7.7,24.9,105.10000000000001,217.4,22.1,20.3,20.9,259,9,-0.9671667297977312,-0.2541427094613622,1
2018-09-17,0.4,22.0,27.1,17.8,2.4,0.9,2.6,3.0,18.2,2.0,3.8,5.9,19.1,103.8,215.2,21.4,21.0,21.4,260,9,-0.97139528468375,-0.23746831555846842,1
2018-09-18,2.9,22.1,25.8,18.8,0.4,2.4,0.9,1.7000000000000002,23.0,18.9,9.9,3.6999999999999997,16.5,86.0,211.79999999999998,22.0,21.9,19.1,261,9,-0.9753363880767837,-0.2207236509605022,1
2018-09-19,2.5,21.4,26.1,18.7,2.9,0.4,2.4,4.3,4.0,6.9,18.1,5.699999999999999,17.7,65.89999999999999,204.79999999999998,22.1,21.0,20.2,262,9,-0.9789888737409319,-0.20391367068311472,1
2018-09-20,3.1,22.2,26.1,17.9,2.5,2.9,0.4,4.2,14.5,3.1,6.5,5.8,15.9,64.39999999999999,189.2,21.4,20.4,20.7,263,9,-0.9823516608469237,-0.18704334906991657,1
2018-09-21,8.0,22.2,25.8,18.4,3.1,2.5,2.9,2.6,1.0,7.9,8.9,8.5,14.799999999999999,53.0,185.79999999999998,22.2,20.6,20.8,264,9,-0.9854237542919524,-0.17011767832049052,1
2018-09-22,3.4,21.9,26.8,18.6,8.0,3.1,2.5,0.9,15.8,2.9,6.3,13.600000000000001,20.2,60.0,184.89999999999998,22.2,22.1,20.5,265,9,-0.9882042449941422,-0.15314166701312007,1
2018-09-23,1.1,22.3,27.9,17.5,3.4,8.0,3.1,2.4,8.2,3.7,12.5,14.500000000000002,22.7,47.6,182.0,21.9,21.4,20.3,266,9,-0.9906923101615609,-0.13612033862266704,1
2018-09-24,0.0,23.5,28.7,19.3,1.1,3.4,8.0,0.4,3.0,18.2,2.0,12.500000000000002,21.4,40.5,170.6,22.3,22.0,21.0,267,9,-0.9928872135356962,-0.11905873003404988,0
2018-09-25,0.0,23.0,27.9,18.0,0.0,1.1,3.4,2.9,1.7000000000000002,23.0,18.9,4.500000000000002,21.0,37.5,168.6,23.5,22.1,21.9,268,9,-0.994788305609327,-0.10196189005174576,0
2018-09-26,0.0,22.3,28.2,17.4,0.0,0.0,1.1,2.5,4.3,4.0,6.9,1.1000000000000019,18.1,35.8,149.7,23.0,21.4,21.0,269,9,-0.9963950238187231,-0.08483487790576538,0
2018-09-27,0.0,23.5,28.6,18.5,0.0,0.0,0.0,3.1,4.2,14.5,3.1,0.0,15.6,31.5,142.79999999999998,22.3,22.2,20.4,270,9,-0.9977068927101168,-0.06768276175455162,0
2018-09-28,0.0,23.6,29.9,17.9,0.0,0.0,0.0,8.0,2.6,1.0,7.9,0.0,12.5,27.3,139.7,23.5,22.2,20.6,271,9,-0.9987235240803972,-0.050510617185222886,0
2018-09-29,0.0,23.8,28.9,19.4,0.0,0.0,0.0,3.4,0.9,15.8,2.9,0.0,4.5,24.7,131.79999999999998,23.6,21.9,22.1,272,9,-0.9994446170919858,-0.033323525711631344,0
2018-09-30,0.0,23.8,28.7,18.9,0.0,0.0,0.0,1.1,2.4,8.2,3.7,0.0,1.1,23.8,128.9,23.8,22.3,21.4,273,9,-0.9998699583618592,-0.016126573270657762,0
2018-10-01,0.0,23.8,28.9,19.3,0.0,0.0,0.0,0.0,0.4,3.0,18.2,0.0,0.0,21.4,125.19999999999999,23.8,23.5,22.0,274,10,-0.9999994220246925,0.001075151282798226,0
2018-10-02,0.0,23.8,29.3,19.4,0.0,0.0,0.0,0.0,2.9,1.7000000000000002,23.0,0.0,0.0,21.0,107.0,23.8,23.0,22.1,275,10,-0.999832969770105,0.018276557681691223,0
2018-10-03,0.0,23.8,28.3,20.2,0.0,0.0,0.0,0.0,2.5,4.3,4.0,0.0,0.0,18.1,84.0,23.8,22.3,21.4,276,10,-0.9993706508539969,0.03547255575312556,0
2018-10-04,0.0,24.3,29.8,20.7,0.0,0.0,0.0,0.0,3.1,4.2,14.5,0.0,0.0,15.6,80.0,23.8,23.5,22.2,277,10,-0.9986126020839734,0.052658056924614005,0
2018-10-05,0.0,25.2,30.2,21.7,0.0,0.0,0.0,0.0,8.0,2.6,1.0,0.0,0.0,12.5,65.5,24.3,23.6,22.2,278,10,-0.9975590477788613,0.06982797572987089,0
2018-10-06,0.0,25.6,30.3,22.4,0.0,0.0,0.0,0.0,3.4,0.9,15.8,0.0,0.0,4.5,64.5,25.2,23.8,21.9,279,10,-0.9962102997023297,0.0869772313136861,0
2018-10-07,0.0,25.0,29.6,21.1,0.0,0.0,0.0,0.0,1.1,2.4,8.2,0.0,0.0,1.1,48.699999999999996,25.6,23.8,22.3,280,10,-0.9945667569706337,0.1041007489354256,0
2018-10-08,0.6,24.0,28.3,20.1,0.0,0.0,0.0,0.0,0.0,0.4,3.0,0.0,0.0,0.0,40.5,25.0,23.8,23.5,281,10,-0.9926289059345095,0.121193461470736,1
2018-10-09,0.0,24.7,29.3,19.7,0.6,0.0,0.0,0.0,0.0,2.9,1.7000000000000002,0.6000000000000018,0.6,0.6,38.1,24.0,23.8,23.0,282,10,-0.9903973200352558,0.1382503109109819,0
2018-10-10,0.0,25.1,29.5,21.1,0.0,0.6,0.0,0.0,0.0,2.5,4.3,0.6000000000000018,0.6,0.6,36.4,24.7,23.8,22.3,283,10,-0.9878726596350429,0.15526624985999563,0
2018-10-11,0.0,23.8,28.2,19.8,0.0,0.0,0.6,0.0,0.0,3.1,4.2,0.6000000000000018,0.6,0.6,32.1,25.1,24.3,23.5,284,10,-0.9850556718215013,0.172236243027682,0
2018-10-12,0.0,24.8,28.5,20.3,0.0,0.0,0.0,0.0,0.0,8.0,2.6,0.0,0.6,0.6,27.900000000000002,23.8,25.2,23.6,285,10,-0.981947190186646,0.18915526872004093,0
2018-10-13,0.0,25.1,28.3,21.3,0.0,0.0,0.0,0.0,0.0,3.4,0.9,0.0,0.6,0.6,25.3,24.8,25.6,23.8,286,10,-0.9785481345802031,0.20601832032517084,0
2018-10-14,0.0,25.3,29.1,21.1,0.0,0.0,0.0,0.0,0.0,1.1,2.4,0.0,0.6,0.6,24.400000000000002,25.1,25.0,23.8,287,10,-0.9748595108374125,0.22282040779479959,0
2018-10-15,0.0,24.4,29.0,19.9,0.0,0.0,0.0,0.6,0.0,0.0,0.4,0.0,0.6,0.6,22.0,25.3,24.0,23.8,288,10,-0.9708824104813836,0.23955655912092708,0
2018-10-16,0.0,24.3,28.6,19.6,0.0,0.0,0.0,0.0,0.0,0.0,2.9,0.0,0.0,0.6,21.6,24.4,24.7,23.8,289,10,-0.9666180104000972,0.2562218218071163,0
2018-10-17,0.0,24.3,28.9,19.2,0.0,0.0,0.0,0.0,0.0,0.0,2.5,0.0,0.0,0.6,18.700000000000003,24.3,25.1,23.8,290,10,-0.9620675724981452,0.27281126433401914,0
2018-10-18,0.0,24.9,29.8,20.8,0.0,0.0,0.0,0.0,0.0,0.0,3.1,0.0,0.0,0.6,16.200000000000003,24.3,23.8,24.3,291,10,-0.957232443323312,0.28931997761869527,0
2018-10-19,0.9,23.5,28.9,19.5,0.0,0.0,0.0,0.0,0.0,0.0,8.0,0.0,0.0,0.6,13.1,24.9,24.8,25.2,292,10,-0.9521140536681102,0.3057430764672831,1
2018-10-20,4.1,21.3,26.2,18.1,0.9,0.0,0.0,0.0,0.0,0.0,3.4,0.9000000000000018,0.9,1.5,6.0,23.5,25.1,25.6,293,10,-0.9467139181463862,0.3220757010206104,1
2018-10-21,0.0,23.2,28.2,18.3,4.1,0.9,0.0,0.0,0.0,0.0,1.1,5.000000000000002,5.0,5.6,6.699999999999999,21.3,25.3,25.0,294,10,-0.9410336347451197,0.3383130181923076,0
2018-10-22,0.0,24.2,28.7,20.8,0.0,4.1,0.9,0.0,0.6,0.0,0.0,5.000000000000002,5.0,5.6,5.6,23.2,24.4,24.0,295,10,-0.9350748843515574,0.3544502230989869,0
2018-10-23,0.0,24.4,30.4,20.7,0.0,0.0,4.1,0.0,0.0,0.0,0.0,4.100000000000001,5.0,5.0,5.6,24.2,24.3,24.7,296,10,-0.9288394302558068,0.3704825404820963,0
2018-10-24,0.0,24.9,30.2,21.0,0.0,0.0,0.0,0.0,0.0,0.0,0.0,0.0,5.0,5.0,5.6,24.4,24.3,25.1,297,10,-0.9223291176290545,0.3864052261209853,0
2018-10-25,0.0,25.4,30.9,20.9,0.0,0.0,0.0,0.0,0.0,0.0,0.0,0.0,5.0,5.0,5.6,24.9,24.9,23.8,298,10,-0.9155458729775467,0.40221356823680365,0
2018-10-26,0.0,25.9,30.6,22.1,0.0,0.0,0.0,0.9,0.0,0.0,0.0,0.0,5.0,5.0,5.6,25.4,23.5,24.8,299,10,-0.9084917035725082,0.41790288888678667,0
2018-10-27,0.0,26.2,31.7,22.5,0.0,0.0,0.0,4.1,0.0,0.0,0.0,0.0,4.1,5.0,5.6,25.9,21.3,25.1,300,10,-0.9011686968561569,0.4334685453485363,0
2018-10-28,0.0,25.9,31.0,21.2,0.0,0.0,0.0,0.0,0.0,0.0,0.0,0.0,0.0,5.0,5.6,26.2,23.2,25.3,301,10,-0.8935790198239952,0.4489059314938798,0
2018-10-29,0.0,25.7,31.0,21.5,0.0,0.0,0.0,0.0,0.0,0.6,0.0,0.0,0.0,5.0,5.6,25.9,24.2,24.4,302,10,-0.8857249183835637,0.4642104791518923,0
2018-10-30,0.0,24.2,30.2,20.2,0.0,0.0,0.0,0.0,0.0,0.0,0.0,0.0,0.0,5.0,5.6,25.7,24.4,24.3,303,10,-0.8776087166898392,0.4793776594606945,0
2018-10-31,0.0,25.0,30.0,21.5,0.0,0.0,0.0,0.0,0.0,0.0,0.0,0.0,0.0,5.0,5.6,24.2,24.9,24.3,304,10,-0.8692328164574792,0.49440298420761813,0
2018-11-01,0.0,24.8,29.9,20.7,0.0,0.0,0.0,0.0,0.0,0.0,0.0,0.0,0.0,5.0,5.6,25.0,25.4,24.9,305,11,-0.8605996962501181,0.5092820071573356,0
2018-11-02,0.0,24.5,30.2,20.1,0.0,0.0,0.0,0.0,0.9,0.0,0.0,0.0,0.0,5.0,5.6,24.8,25.9,23.5,306,11,-0.8517119107469189,0.5240103253675756,0
2018-11-03,0.0,24.8,29.3,19.9,0.0,0.0,0.0,0.0,4.1,0.0,0.0,0.0,0.0,4.1,5.6,24.5,26.2,21.3,307,11,-0.8425720899866032,0.5385835804920232,0
2018-11-04,0.0,24.6,28.4,20.6,0.0,0.0,0.0,0.0,0.0,0.0,0.0,0.0,0.0,0.0,5.6,24.8,25.9,23.2,308,11,-0.8331829385891785,0.5529974600700271,0
2018-11-05,0.0,24.3,28.7,19.7,0.0,0.0,0.0,0.0,0.0,0.0,0.6,0.0,0.0,0.0,5.6,24.6,25.7,24.2,309,11,-0.8235472349556007,0.5672476988027229,0
2018-11-06,0.0,24.5,28.8,21.0,0.0,0.0,0.0,0.0,0.0,0.0,0.0,0.0,0.0,0.0,4.999999999999999,24.3,24.2,24.4,310,11,-0.8136678304455991,0.5813300798152042,0
2018-11-07,0.0,24.8,28.8,21.3,0.0,0.0,0.0,0.0,0.0,0.0,0.0,0.0,0.0,0.0,4.999999999999999,24.5,25.0,24.9,311,11,-0.8035476485339116,0.5952404359043674,0
2018-11-08,0.0,24.9,29.0,20.8,0.0,0.0,0.0,0.0,0.0,0.0,0.0,0.0,0.0,0.0,4.999999999999999,24.8,24.8,25.4,312,11,-0.7931896839451843,0.6089746507720486,0
2018-11-09,0.1,23.8,28.5,18.7,0.0,0.0,0.0,0.0,0.0,0.9,0.0,0.0,0.0,0.0,4.999999999999999,24.9,24.5,25.9,313,11,-0.7825970017677834,0.6225286602431057,0
2018-11-10,0.1,23.3,28.0,19.2,0.1,0.0,0.0,0.0,0.0,4.1,0.0,0.10000000000000178,0.1,0.1,5.099999999999999,23.8,24.8,26.2,314,11,-0.7717727365467837,0.6358984534680745,0
2018-11-11,0.4,24.0,30.0,18.9,0.1,0.1,0.0,0.0,0.0,0.0,0.0,0.2000000000000018,0.2,0.2,5.199999999999999,23.3,24.6,25.9,315,11,-0.7607200913564104,0.6490800741100398,1
2018-11-12,0.0,24.8,30.2,20.2,0.4,0.1,0.1,0.0,0.0,0.0,0.0,0.6000000000000019,0.6000000000000001,0.6000000000000001,5.599999999999999,24.0,24.3,25.7,316,11,-0.7494423368521953,0.6620696215153815,0
2018-11-13,0.0,25.1,31.1,18.6,0.0,0.4,0.1,0.0,0.0,0.0,0.0,0.5000000000000018,0.6000000000000001,0.6000000000000001,5.599999999999999,24.8,24.5,24.2,317,11,-0.7379428103031386,0.6748632518680403,0
2018-11-14,0.2,24.5,30.0,19.9,0.0,0.0,0.4,0.0,0.0,0.0,0.0,0.4000000000000018,0.6000000000000001,0.6000000000000001,5.599999999999999,25.1,24.8,25.0,318,11,-0.7262249146041543,0.6874571793269664,1
2018-11-15,0.6,22.6,28.8,17.9,0.2,0.0,0.0,0.0,0.0,0.0,0.0,0.2000000000000018,0.8,0.8,5.799999999999999,24.5,24.9,24.8,319,11,-0.7142921172691032,0.699847677146407,1
2018-11-16,0.0,22.9,28.4,18.3,0.6,0.2,0.0,0.1,0.0,0.0,0.9,0.8000000000000018,1.4,1.4,6.3999999999999995,22.6,23.8,24.5,320,11,-0.7021479494046978,0.7120310787787131,0
2018-11-17,0.3,23.6,29.9,18.8,0.0,0.6,0.2,0.1,0.0,0.0,4.1,0.8000000000000017,1.2999999999999998,1.4,5.5,22.9,23.3,24.8,321,11,-0.6897960046655887,0.7240037789593305,1
2018-11-18,0.0,24.8,29.5,18.5,0.3,0.0,0.6,0.4,0.0,0.0,0.0,0.9000000000000017,1.5,1.7,1.7,23.6,24.0,24.6,322,11,-0.6772399381909491,0.7357622347736527,0
2018-11-19,0.0,25.0,30.5,20.4,0.0,0.3,0.0,0.0,0.0,0.0,0.0,0.30000000000000177,1.0999999999999999,1.7,1.7,24.8,24.8,24.3,323,11,-0.6644834655228552,0.7473029667054297,0
2018-11-20,0.0,24.9,30.8,21.4,0.0,0.0,0.3,0.0,0.0,0.0,0.0,0.30000000000000177,1.0999999999999999,1.7,1.7,25.0,25.1,24.5,324,11,-0.6515303615068021,0.75862255966641,0
2018-11-21,0.0,25.2,30.8,21.3,0.0,0.0,0.0,0.2,0.0,0.0,0.0,0.0,1.0999999999999999,1.7,1.7,24.9,24.5,24.8,325,11,-0.6383844591746642,0.769717664006921,0
2018-11-22,0.0,25.1,30.3,21.0,0.0,0.0,0.0,0.6,0.0,0.0,0.0,0.0,0.8999999999999999,1.7,1.7,25.2,22.6,24.9,326,11,-0.6250496486104377,0.7805849965070866,0
2018-11-23,0.0,25.0,29.4,20.4,0.0,0.0,0.0,0.0,0.1,0.0,0.0,0.0,0.3,1.7,1.7,25.1,22.9,23.8,327,11,-0.6115298757991053,0.7912213413483807,0
2018-11-24,0.0,24.6,30.3,18.9,0.0,0.0,0.0,0.3,0.1,0.0,0.0,0.0,0.3,1.5999999999999999,1.7,25.0,23.6,23.3,328,11,-0.5978291414589552,0.801623551065242,0
2018-11-25,0.0,24.6,30.6,18.7,0.0,0.0,0.0,0.0,0.4,0.0,0.0,0.0,0.0,1.5,1.7,24.6,24.8,24.0,329,11,-0.5839514998576998,0.8117885474764613,0
2018-11-26,0.0,25.2,30.4,20.8,0.0,0.0,0.0,0.0,0.0,0.0,0.0,0.0,0.0,1.0999999999999999,1.7,24.6,25.0,24.8,330,11,-0.5699010576127624,0.821713322596059,0
2018-11-27,0.0,25.3,30.1,21.4,0.0,0.0,0.0,0.0,0.0,0.0,0.0,0.0,0.0,1.0999999999999999,1.7,25.2,24.9,25.1,331,11,-0.5556819724760489,0.8313949395234058,0
2018-11-28,0.0,25.2,31.2,20.9,0.0,0.0,0.0,0.0,0.2,0.0,0.0,0.0,0.0,1.0999999999999999,1.7,25.3,25.2,24.5,332,11,-0.5412984521036173,0.8408305333122887,0
2018-11-29,0.0,25.1,30.1,20.6,0.0,0.0,0.0,0.0,0.6,0.0,0.0,0.0,0.0,0.8999999999999999,1.7,25.2,25.1,22.6,333,11,-0.5267547528105542,0.8500173118187018,0
2018-11-30,0.0,25.3,30.9,21.3,0.0,0.0,0.0,0.0,0.0,0.1,0.0,0.0,0.0,0.3,1.7,25.1,25.0,22.9,334,11,-0.5120551783114646,0.8589525565270845,0
2018-12-01,0.0,25.4,31.6,20.9,0.0,0.0,0.0,0.0,0.3,0.1,0.0,0.0,0.0,0.3,1.7,25.3,24.6,23.6,335,12,-0.4972040784469378,0.8676336233547726,0
2018-12-02,0.0,25.5,31.4,21.3,0.0,0.0,0.0,0.0,0.0,0.4,0.0,0.0,0.0,0.0,1.7,25.4,24.6,24.8,336,12,-0.4822058478963526,0.8760579434344281,0
2018-12-03,0.0,25.0,30.0,20.1,0.0,0.0,0.0,0.0,0.0,0.0,0.0,0.0,0.0,0.0,1.7,25.5,25.2,25.0,337,12,-0.46706492487743034,0.8842230238742036,0
2018-12-04,0.0,24.5,30.5,19.9,0.0,0.0,0.0,0.0,0.0,0.0,0.0,0.0,0.0,0.0,1.7,25.0,25.3,24.9,338,12,-0.451785789832884,0.8921264484954345,0
2018-12-05,0.0,23.8,30.3,18.0,0.0,0.0,0.0,0.0,0.0,0.2,0.0,0.0,0.0,0.0,1.7,24.5,25.2,25.2,339,12,-0.4363729641045924,0.8997658785476209,0
2018-12-06,0.0,23.1,28.9,17.2,0.0,0.0,0.0,0.0,0.0,0.6,0.0,0.0,0.0,0.0,1.7,23.8,25.1,25.1,340,12,-0.42083100859565564,0.9071390534005044,0
2018-12-07,0.0,24.0,30.2,17.6,0.0,0.0,0.0,0.0,0.0,0.0,0.1,0.0,0.0,0.0,1.7,23.1,25.3,25.0,341,12,-0.4051645224207563,0.9142437912130223,0
2018-12-08,0.0,24.1,30.3,18.4,0.0,0.0,0.0,0.0,0.0,0.3,0.1,0.0,0.0,0.0,1.5999999999999999,24.0,25.4,24.6,342,12,-0.3893781415452015,0.9210779895789526,0
2018-12-09,0.0,24.3,29.4,19.0,0.0,0.0,0.0,0.0,0.0,0.0,0.4,0.0,0.0,0.0,1.5,24.1,25.5,24.6,343,12,-0.37347653741307074,0.9276396261490467,0
2018-12-10,0.0,22.7,28.6,17.6,0.0,0.0,0.0,0.0,0.0,0.0,0.0,0.0,0.0,0.0,1.0999999999999999,24.3,25.0,25.2,344,12,-0.3574644155648614,0.9339267592294762,0
2018-12-11,0.0,23.9,29.7,17.8,0.0,0.0,0.0,0.0,0.0,0.0,0.0,0.0,0.0,0.0,1.0999999999999999,22.7,24.5,25.3,345,12,-0.34134651424503615,0.9399375283564133,0
2018-12-12,0.1,23.6,29.0,18.2,0.0,0.0,0.0,0.0,0.0,0.0,0.2,0.0,0.0,0.0,1.0999999999999999,23.9,23.8,25.2,346,12,-0.3251276029999093,0.9456701548465688,0
2018-12-13,0.0,24.5,30.9,19.0,0.1,0.0,0.0,0.0,0.0,0.0,0.6,0.10000000000000178,0.1,0.1,1.0,23.6,23.1,25.1,347,12,-0.30881248126625377,0.9511229423235357,0
2018-12-14,0.0,24.4,30.2,19.9,0.0,0.1,0.0,0.0,0.0,0.0,0.0,0.10000000000000178,0.1,0.1,0.4,24.5,24.0,25.3,348,12,-0.29240597695107734,0.9562942772197719,0
2018-12-15,0.0,25.1,30.4,19.7,0.0,0.0,0.1,0.0,0.0,0.0,0.3,0.10000000000000178,0.1,0.1,0.4,24.4,24.1,25.4,349,12,-0.27591294500296043,0.9611826292540837,0
2018-12-16,0.0,24.4,29.9,19.9,0.0,0.0,0.0,0.0,0.0,0.0,0.0,0.0,0.1,0.1,0.1,25.1,24.3,25.5,350,12,-0.2593382659754056,0.9657865518844574,0
2018-12-17,0.0,23.6,30.2,18.5,0.0,0.0,0.0,0.0,0.0,0.0,0.0,0.0,0.1,0.1,0.1,24.4,22.7,25.0,351,12,-0.2426868445825954,0.9701046827361175,0
2018-12-18,0.0,23.5,29.9,17.8,0.0,0.0,0.0,0.0,0.0,0.0,0.0,0.0,0.1,0.1,0.1,23.6,23.9,24.5,352,12,-0.22596360824801906,0.974135744004672,0
2018-12-19,0.0,23.5,29.6,18.5,0.0,0.0,0.0,0.1,0.0,0.0,0.0,0.0,0.1,0.1,0.1,23.5,23.6,23.8,353,12,-0.20917350564635637,0.9778785428342386,0
2018-12-20,0.0,23.7,29.7,18.7,0.0,0.0,0.0,0.0,0.0,0.0,0.0,0.0,0.0,0.1,0.1,23.5,24.5,23.1,354,12,-0.19232150523909483,0.9813319716704275,0
2018-12-21,0.0,23.5,29.8,17.8,0.0,0.0,0.0,0.0,0.0,0.0,0.0,0.0,0.0,0.1,0.1,23.7,24.4,24.0,355,12,-0.17541259380427843,0.9844950085880858,0
2018-12-22,0.0,22.9,28.9,17.9,0.0,0.0,0.0,0.0,0.0,0.0,0.0,0.0,0.0,0.1,0.1,23.5,25.1,24.1,356,12,-0.15845177496083632,0.9873667175937016,0
2018-12-23,0.0,24.0,29.8,18.5,0.0,0.0,0.0,0.0,0.0,0.0,0.0,0.0,0.0,0.1,0.1,22.9,24.4,24.3,357,12,-0.14144406768794202,0.9899462489023779,0
2018-12-24,0.0,24.4,30.3,19.0,0.0,0.0,0.0,0.0,0.0,0.0,0.0,0.0,0.0,0.1,0.1,24.0,23.6,22.7,358,12,-0.12439450483979998,0.9922328391893008,0
2018-12-25,0.0,24.8,31.1,19.8,0.0,0.0,0.0,0.0,0.0,0.0,0.0,0.0,0.0,0.1,0.1,24.4,23.5,23.9,359,12,-0.10730813165636247,0.9942258118156161,0
2018-12-26,0.0,24.5,31.2,18.9,0.0,0.0,0.0,0.0,0.1,0.0,0.0,0.0,0.0,0.1,0.1,24.8,23.5,23.6,360,12,-0.09019000427034513,0.9959245770286599,0
2018-12-27,0.0,24.3,30.4,17.4,0.0,0.0,0.0,0.0,0.0,0.0,0.0,0.0,0.0,0.0,0.1,24.5,23.7,24.5,361,12,-0.07304518821104743,0.9973286321364752,0
2018-12-28,0.0,24.0,30.4,17.8,0.0,0.0,0.0,0.0,0.0,0.0,0.0,0.0,0.0,0.0,0.1,24.3,23.5,24.4,362,12,-0.05587875690537313,0.9984375616565666,0
2018-12-29,0.0,24.2,31.5,18.1,0.0,0.0,0.0,0.0,0.0,0.0,0.0,0.0,0.0,0.0,0.1,24.0,22.9,25.1,363,12,-0.03869579017652689,0.9992510374388481,0
2018-12-30,0.0,23.8,30.6,17.7,0.0,0.0,0.0,0.0,0.0,0.0,0.0,0.0,0.0,0.0,0.1,24.2,24.0,24.4,364,12,-0.021501372740813793,0.999768818762748,0
2018-12-31,0.0,24.1,31.1,17.2,0.0,0.0,0.0,0.0,0.0,0.0,0.0,0.0,0.0,0.0,0.1,23.8,24.4,23.6,365,12,-0.004300592702981974,0.9999907524084426,0
2019-01-01,0.0,25.0,31.5,19.7,0.0,0.0,0.0,0.0,0.0,0.0,0.0,0.0,0.0,0.0,0.1,24.1,24.8,23.5,1,1,0.017201575418260506,0.9998520419557735,0
2019-01-02,0.0,24.5,30.8,18.9,0.0,0.0,0.0,0.0,0.0,0.1,0.0,0.0,0.0,0.0,0.1,25.0,24.5,23.5,2,1,0.03439806061360801,0.9994082116062598,0
2019-01-03,0.0,24.1,31.1,16.9,0.0,0.0,0.0,0.0,0.0,0.0,0.0,0.0,0.0,0.0,0.1,24.5,24.3,23.7,3,1,0.051584366869408364,0.9986686402879997,0
2019-01-04,0.0,25.0,31.0,20.2,0.0,0.0,0.0,0.0,0.0,0.0,0.0,0.0,0.0,0.0,0.1,24.1,24.0,23.5,4,1,0.06875540848113941,0.9976335468520451,0
2019-01-05,0.0,24.4,31.0,19.6,0.0,0.0,0.0,0.0,0.0,0.0,0.0,0.0,0.0,0.0,0.1,25.0,24.2,22.9,5,1,0.08590610426133272,0.9963032375991965,0
2019-01-06,0.0,24.0,30.6,17.2,0.0,0.0,0.0,0.0,0.0,0.0,0.0,0.0,0.0,0.0,0.1,24.4,23.8,24.0,6,1,0.10303137904317879,0.9946781061893646,0
2019-01-07,0.0,24.6,32.5,15.9,0.0,0.0,0.0,0.0,0.0,0.0,0.0,0.0,0.0,0.0,0.1,24.0,24.1,24.4,7,1,0.1201261651823505,0.9927586335250793,0
2019-01-08,0.0,24.6,32.1,17.6,0.0,0.0,0.0,0.0,0.0,0.0,0.0,0.0,0.0,0.0,0.1,24.6,25.0,24.8,8,1,0.13718540405660057,0.9905453876091833,0
2019-01-09,0.0,24.2,31.8,18.2,0.0,0.0,0.0,0.0,0.0,0.0,0.1,0.0,0.0,0.0,0.1,24.6,24.5,24.5,9,1,0.1542040475626894,0.988039023376751,0
2019-01-10,0.0,24.6,31.2,19.5,0.0,0.0,0.0,0.0,0.0,0.0,0.0,0.0,0.0,0.0,0.0,24.2,24.1,24.3,10,1,0.17117705961019986,0.985240282501282,0
2019-01-11,0.0,24.7,31.5,19.8,0.0,0.0,0.0,0.0,0.0,0.0,0.0,0.0,0.0,0.0,0.0,24.6,25.0,24.0,11,1,0.18809941761179758,0.9821499931752291,0
2019-01-12,0.0,24.7,30.9,19.4,0.0,0.0,0.0,0.0,0.0,0.0,0.0,0.0,0.0,0.0,0.0,24.7,24.4,24.2,12,1,0.20496611396949532,0.9787690698649216,0
2019-01-13,0.0,25.9,31.9,19.6,0.0,0.0,0.0,0.0,0.0,0.0,0.0,0.0,0.0,0.0,0.0,24.7,24.0,23.8,13,1,0.22177215755648186,0.975098513039961,0
2019-01-14,0.0,25.1,31.7,18.2,0.0,0.0,0.0,0.0,0.0,0.0,0.0,0.0,0.0,0.0,0.0,25.9,24.6,24.1,14,1,0.23851257519407648,0.9711394088771653,0
2019-01-15,0.0,24.4,31.3,17.7,0.0,0.0,0.0,0.0,0.0,0.0,0.0,0.0,0.0,0.0,0.0,25.1,24.6,25.0,15,1,0.2551824131233728,0.9668929289391521,0
2019-01-16,0.0,24.6,31.7,17.8,0.0,0.0,0.0,0.0,0.0,0.0,0.0,0.0,0.0,0.0,0.0,24.4,24.2,24.5,16,1,0.2717767384711357,0.9623603298276545,0
2019-01-17,0.0,23.8,30.9,16.6,0.0,0.0,0.0,0.0,0.0,0.0,0.0,0.0,0.0,0.0,0.0,24.6,24.6,24.1,17,1,0.2882906407095177,0.9575429528116719,0
2019-01-18,0.0,24.3,31.3,17.8,0.0,0.0,0.0,0.0,0.0,0.0,0.0,0.0,0.0,0.0,0.0,23.8,24.7,25.0,18,1,0.3047192331091634,0.9524422234305676,0
2019-01-19,0.0,23.7,30.6,17.2,0.0,0.0,0.0,0.0,0.0,0.0,0.0,0.0,0.0,0.0,0.0,24.3,24.7,24.4,19,1,0.321057654185271,0.9470596510722283,0
2019-01-20,0.0,23.8,31.2,16.7,0.0,0.0,0.0,0.0,0.0,0.0,0.0,0.0,0.0,0.0,0.0,23.7,25.9,24.0,20,1,0.3373010691361842,0.9413968285264122,0
2019-01-21,0.0,24.4,31.4,17.2,0.0,0.0,0.0,0.0,0.0,0.0,0.0,0.0,0.0,0.0,0.0,23.8,25.1,24.6,21,1,0.3534446712740877,0.9354554315134164,0
2019-01-22,0.0,24.4,31.5,17.6,0.0,0.0,0.0,0.0,0.0,0.0,0.0,0.0,0.0,0.0,0.0,24.4,24.4,24.6,22,1,0.3694836834473831,0.9292372181882051,0
2019-01-23,0.0,25.1,31.7,18.2,0.0,0.0,0.0,0.0,0.0,0.0,0.0,0.0,0.0,0.0,0.0,24.4,24.6,24.2,23,1,0.38541335945432564,0.9227440286201427,0
2019-01-24,0.0,25.3,31.8,18.6,0.0,0.0,0.0,0.0,0.0,0.0,0.0,0.0,0.0,0.0,0.0,25.1,23.8,24.6,24,1,0.4012289854475009,0.9159777842484877,0
2019-01-25,0.0,26.5,32.5,20.3,0.0,0.0,0.0,0.0,0.0,0.0,0.0,0.0,0.0,0.0,0.0,25.3,24.3,24.7,25,1,0.4169258813287287,0.908940487313808,0
2019-01-26,0.0,27.2,32.9,21.8,0.0,0.0,0.0,0.0,0.0,0.0,0.0,0.0,0.0,0.0,0.0,26.5,23.7,24.7,26,1,0.4324994021339788,0.901634220265486,0
2019-01-27,0.0,27.3,33.3,22.3,0.0,0.0,0.0,0.0,0.0,0.0,0.0,0.0,0.0,0.0,0.0,27.2,23.8,25.9,27,1,0.44794493940789115,0.8940611451454876,0
2019-01-28,0.0,27.5,32.6,21.5,0.0,0.0,0.0,0.0,0.0,0.0,0.0,0.0,0.0,0.0,0.0,27.3,24.4,25.1,28,1,0.4632579225674917,0.88622350294858,0
2019-01-29,0.0,26.9,33.7,19.1,0.0,0.0,0.0,0.0,0.0,0.0,0.0,0.0,0.0,0.0,0.0,27.5,24.4,24.4,29,1,0.4784338202547012,0.8781236129591848,0
2019-01-30,0.0,27.4,33.5,22.6,0.0,0.0,0.0,0.0,0.0,0.0,0.0,0.0,0.0,0.0,0.0,26.9,25.1,24.6,30,1,0.49346814167723735,0.8697638720650646,0
2019-01-31,0.0,26.6,33.3,22.2,0.0,0.0,0.0,0.0,0.0,0.0,0.0,0.0,0.0,0.0,0.0,27.4,25.3,23.8,31,1,0.5083564379375122,0.8611467540480452,0
2019-02-01,0.0,26.4,32.8,21.9,0.0,0.0,0.0,0.0,0.0,0.0,0.0,0.0,0.0,0.0,0.0,26.6,26.5,24.3,32,2,0.5230943033491326,0.8522748088519838,0
2019-02-02,0.0,26.4,32.7,22.0,0.0,0.0,0.0,0.0,0.0,0.0,0.0,0.0,0.0,0.0,0.0,26.4,27.2,23.7,33,2,0.5376773767406141,0.8431506618282,0
2019-02-03,0.0,26.1,32.6,19.9,0.0,0.0,0.0,0.0,0.0,0.0,0.0,0.0,0.0,0.0,0.0,26.4,27.3,23.8,34,2,0.5521013427459208,0.8337770129585915,0
2019-02-04,0.0,25.9,32.7,19.7,0.0,0.0,0.0,0.0,0.0,0.0,0.0,0.0,0.0,0.0,0.0,26.1,27.5,24.4,35,2,0.5663619330814524,0.8241566360566663,0
2019-02-05,0.0,26.0,32.5,20.6,0.0,0.0,0.0,0.0,0.0,0.0,0.0,0.0,0.0,0.0,0.0,25.9,26.9,24.4,36,2,0.580454927809098,0.8142923779467267,0
2019-02-06,0.0,26.8,33.2,21.6,0.0,0.0,0.0,0.0,0.0,0.0,0.0,0.0,0.0,0.0,0.0,26.0,27.4,25.1,37,2,0.5943761565849831,0.804187157621448,0
2019-02-07,0.0,26.7,32.8,21.3,0.0,0.0,0.0,0.0,0.0,0.0,0.0,0.0,0.0,0.0,0.0,26.8,26.6,25.3,38,2,0.6081214998935418,0.7938439653781019,0
2019-02-08,0.0,27.5,33.4,22.6,0.0,0.0,0.0,0.0,0.0,0.0,0.0,0.0,0.0,0.0,0.0,26.7,26.4,26.5,39,2,0.6216868902665479,0.7832658619336791,0
2019-02-09,0.0,26.9,33.8,20.1,0.0,0.0,0.0,0.0,0.0,0.0,0.0,0.0,0.0,0.0,0.0,27.5,26.4,27.2,40,2,0.6350683134867438,0.7724559775191742,0
2019-02-10,0.0,26.3,33.4,19.1,0.0,0.0,0.0,0.0,0.0,0.0,0.0,0.0,0.0,0.0,0.0,26.9,26.1,27.3,41,2,0.6482618097757122,0.7614175109532997,0
2019-02-11,0.0,24.1,31.2,17.3,0.0,0.0,0.0,0.0,0.0,0.0,0.0,0.0,0.0,0.0,0.0,26.3,25.9,27.5,42,2,0.6612634749656386,0.7501537286959042,0
2019-02-12,0.0,25.4,31.8,18.4,0.0,0.0,0.0,0.0,0.0,0.0,0.0,0.0,0.0,0.0,0.0,24.1,26.0,26.9,43,2,0.6740694616546161,0.7386679638813748,0
2019-02-13,0.0,26.6,33.0,19.7,0.0,0.0,0.0,0.0,0.0,0.0,0.0,0.0,0.0,0.0,0.0,25.4,26.8,27.4,44,2,0.6866759803451553,0.726963615332308,0
2019-02-14,0.0,25.3,31.0,20.4,0.0,0.0,0.0,0.0,0.0,0.0,0.0,0.0,0.0,0.0,0.0,26.6,26.7,26.6,45,2,0.6990793005655562,0.7150441465537444,0
2019-02-15,0.0,24.8,30.6,19.9,0.0,0.0,0.0,0.0,0.0,0.0,0.0,0.0,0.0,0.0,0.0,25.3,27.5,26.4,46,2,0.7112757519738152,0.7029130847082615,0
2019-02-16,0.0,24.1,31.3,17.9,0.0,0.0,0.0,0.0,0.0,0.0,0.0,0.0,0.0,0.0,0.0,24.8,26.9,26.4,47,2,0.7232617254437388,0.6905740195722294,0
2019-02-17,0.0,24.3,31.2,17.6,0.0,0.0,0.0,0.0,0.0,0.0,0.0,0.0,0.0,0.0,0.0,24.1,26.3,26.1,48,2,0.7350336741329412,0.6780306024735382,0
2019-02-18,0.0,24.0,31.0,17.3,0.0,0.0,0.0,0.0,0.0,0.0,0.0,0.0,0.0,0.0,0.0,24.3,24.1,25.9,49,2,0.746588114532413,0.6652865452111116,0
2019-02-19,0.0,22.5,30.5,15.7,0.0,0.0,0.0,0.0,0.0,0.0,0.0,0.0,0.0,0.0,0.0,24.0,25.4,26.0,50,2,0.7579216274973472,0.6523456189565257,0
2019-02-20,0.0,24.0,32.3,15.7,0.0,0.0,0.0,0.0,0.0,0.0,0.0,0.0,0.0,0.0,0.0,22.5,26.6,26.8,51,2,0.7690308592589181,0.6392116531380588,0
2019-02-21,0.0,25.3,32.8,17.5,0.0,0.0,0.0,0.0,0.0,0.0,0.0,0.0,0.0,0.0,0.0,24.0,25.3,26.7,52,2,0.7799125224167177,0.6258885343075018,0
2019-02-22,0.0,25.0,32.1,19.0,0.0,0.0,0.0,0.0,0.0,0.0,0.0,0.0,0.0,0.0,0.0,25.3,24.8,27.5,53,2,0.7905633969115482,0.612380204990065,0
2019-02-23,0.0,25.3,31.9,18.1,0.0,0.0,0.0,0.0,0.0,0.0,0.0,0.0,0.0,0.0,0.0,25.0,24.1,26.9,54,2,0.8009803309782905,0.5986906625177214,0
2019-02-24,0.0,27.4,33.6,20.5,0.0,0.0,0.0,0.0,0.0,0.0,0.0,0.0,0.0,0.0,0.0,25.3,24.3,26.3,55,2,0.8111602420785621,0.5848239578463322,0
2019-02-25,0.0,28.1,33.9,22.8,0.0,0.0,0.0,0.0,0.0,0.0,0.0,0.0,0.0,0.0,0.0,27.4,24.0,24.1,56,2,0.8211001178128892,0.5707841943569036,0
2019-02-26,0.0,28.1,34.1,22.9,0.0,0.0,0.0,0.0,0.0,0.0,0.0,0.0,0.0,0.0,0.0,28.1,22.5,25.4,57,2,0.8307970168121247,0.5565755266413303,0
2019-02-27,0.0,28.8,35.1,23.5,0.0,0.0,0.0,0.0,0.0,0.0,0.0,0.0,0.0,0.0,0.0,28.1,24.0,26.6,58,2,0.8402480696078469,0.5422021592729844,0
2019-02-28,0.0,27.0,32.9,21.3,0.0,0.0,0.0,0.0,0.0,0.0,0.0,0.0,0.0,0.0,0.0,28.8,25.3,25.3,59,2,0.8494504794814806,0.527668345562516,0
2019-03-01,0.0,24.9,31.9,18.5,0.0,0.0,0.0,0.0,0.0,0.0,0.0,0.0,0.0,0.0,0.0,27.0,25.0,24.8,60,3,0.8584015232918917,0.512978386299228,0
2019-03-02,0.0,24.8,32.2,17.0,0.0,0.0,0.0,0.0,0.0,0.0,0.0,0.0,0.0,0.0,0.0,24.9,25.3,24.1,61,3,0.8670985522812081,0.4981366284784055,0
2019-03-03,0.0,24.8,32.1,16.7,0.0,0.0,0.0,0.0,0.0,0.0,0.0,0.0,0.0,0.0,0.0,24.8,27.4,24.3,62,3,0.8755389928586302,0.4831474640149687,0
2019-03-04,0.0,26.2,33.3,19.3,0.0,0.0,0.0,0.0,0.0,0.0,0.0,0.0,0.0,0.0,0.0,24.8,28.1,24.0,63,3,0.8837203473619977,0.4680153284438345,0
2019-03-05,0.0,25.3,33.0,18.8,0.0,0.0,0.0,0.0,0.0,0.0,0.0,0.0,0.0,0.0,0.0,26.2,28.1,22.5,64,3,0.8916401947968874,0.45274469960737107,0
2019-03-06,0.0,24.8,32.2,17.4,0.0,0.0,0.0,0.0,0.0,0.0,0.0,0.0,0.0,0.0,0.0,25.3,28.8,24.0,65,3,0.8992961915530253,0.4373400963303323,0
2019-03-07,0.0,24.2,31.6,17.7,0.0,0.0,0.0,0.0,0.0,0.0,0.0,0.0,0.0,0.0,0.0,24.8,27.0,25.3,66,3,0.9066860720977985,0.4218060770826634,0
2019-03-08,0.0,23.5,31.1,16.2,0.0,0.0,0.0,0.0,0.0,0.0,0.0,0.0,0.0,0.0,0.0,24.2,24.9,25.0,67,3,0.9138076496466615,0.40614723863057883,0
2019-03-09,0.0,24.8,32.6,16.3,0.0,0.0,0.0,0.0,0.0,0.0,0.0,0.0,0.0,0.0,0.0,23.5,24.8,25.3,68,3,0.9206588168102428,0.3903682146763026,0
2019-03-10,0.0,26.6,33.4,20.5,0.0,0.0,0.0,0.0,0.0,0.0,0.0,0.0,0.0,0.0,0.0,24.8,24.8,27.4,69,3,0.9272375462179537,0.374473674486883,0
2019-03-11,0.0,26.8,33.9,19.8,0.0,0.0,0.0,0.0,0.0,0.0,0.0,0.0,0.0,0.0,0.0,26.6,26.2,28.1,70,3,0.9335418911179212,0.35846832151248087,0
2019-03-12,0.0,27.1,34.3,19.5,0.0,0.0,0.0,0.0,0.0,0.0,0.0,0.0,0.0,0.0,0.0,26.8,25.3,28.1,71,3,0.9395699859530622,0.342356891994542,0
2019-03-13,0.0,28.0,34.7,20.9,0.0,0.0,0.0,0.0,0.0,0.0,0.0,0.0,0.0,0.0,0.0,27.1,24.8,28.8,72,3,0.945320046913132,0.3261441535642696,0
2019-03-14,0.0,27.8,34.4,20.8,0.0,0.0,0.0,0.0,0.0,0.0,0.0,0.0,0.0,0.0,0.0,28.0,24.2,27.0,73,3,0.9507903724625832,0.3098349038318025,0
2019-03-15,0.0,28.0,34.4,22.2,0.0,0.0,0.0,0.0,0.0,0.0,0.0,0.0,0.0,0.0,0.0,27.8,23.5,24.9,74,3,0.9559793438440766,0.2934339689665273,0
2019-03-16,0.0,27.2,34.1,21.4,0.0,0.0,0.0,0.0,0.0,0.0,0.0,0.0,0.0,0.0,0.0,28.0,24.8,24.8,75,3,0.9608854255574977,0.27694620226893646,0
2019-03-17,0.0,27.0,34.5,20.0,0.0,0.0,0.0,0.0,0.0,0.0,0.0,0.0,0.0,0.0,0.0,27.2,26.6,24.8,76,3,0.9655071658143364,0.2603764827344581,0
2019-03-18,0.0,27.4,34.4,20.4,0.0,0.0,0.0,0.0,0.0,0.0,0.0,0.0,0.0,0.0,0.0,27.0,26.8,26.2,77,3,0.969843196967294,0.24372971360968387,0
2019-03-19,0.0,27.9,34.5,22.9,0.0,0.0,0.0,0.0,0.0,0.0,0.0,0.0,0.0,0.0,0.0,27.4,27.1,25.3,78,3,0.9738922359149924,0.22701082094141847,0
2019-03-20,0.0,28.9,34.7,22.5,0.0,0.0,0.0,0.0,0.0,0.0,0.0,0.0,0.0,0.0,0.0,27.9,28.0,24.8,79,3,0.9776530844816641,0.2102247521189836,0
2019-03-21,0.0,28.8,34.7,23.3,0.0,0.0,0.0,0.0,0.0,0.0,0.0,0.0,0.0,0.0,0.0,28.9,27.8,24.2,80,3,0.981124629771712,0.19337647441020586,0
2019-03-22,0.0,29.1,35.5,23.5,0.0,0.0,0.0,0.0,0.0,0.0,0.0,0.0,0.0,0.0,0.0,28.8,28.0,23.5,81,3,0.984305844499033,0.17647097349152166,0
2019-03-23,0.0,29.7,35.7,23.6,0.0,0.0,0.0,0.0,0.0,0.0,0.0,0.0,0.0,0.0,0.0,29.1,27.2,24.8,82,3,0.9871957872910085,0.15951325197263655,0
2019-03-24,0.0,29.8,36.3,23.9,0.0,0.0,0.0,0.0,0.0,0.0,0.0,0.0,0.0,0.0,0.0,29.7,27.0,26.6,83,3,0.9897936029670716,0.14250832791617088,0
2019-03-25,0.0,29.1,35.2,22.4,0.0,0.0,0.0,0.0,0.0,0.0,0.0,0.0,0.0,0.0,0.0,29.8,27.4,26.8,84,3,0.992098522791769,0.12546123335273648,0
2019-03-26,0.0,26.9,34.1,20.6,0.0,0.0,0.0,0.0,0.0,0.0,0.0,0.0,0.0,0.0,0.0,29.1,27.9,27.1,85,3,0.9941098647022418,0.10837701279187609,0
2019-03-27,0.0,27.3,34.7,19.5,0.0,0.0,0.0,0.0,0.0,0.0,0.0,0.0,0.0,0.0,0.0,26.9,28.9,28.0,86,3,0.9958270335100595,0.09126072172931188,0
2019-03-28,0.0,27.3,34.7,20.4,0.0,0.0,0.0,0.0,0.0,0.0,0.0,0.0,0.0,0.0,0.0,27.3,28.8,27.8,87,3,0.9972495210773451,0.07411742515094437,0
2019-03-29,0.0,27.5,34.2,21.1,0.0,0.0,0.0,0.0,0.0,0.0,0.0,0.0,0.0,0.0,0.0,27.3,29.1,28.0,88,3,0.998376906467142,0.056952196034039754,0
2019-03-30,0.0,28.4,34.4,22.2,0.0,0.0,0.0,0.0,0.0,0.0,0.0,0.0,0.0,0.0,0.0,27.5,29.7,27.2,89,3,0.9992088560679753,0.03977011384605572,0
2019-03-31,0.0,28.2,35.1,21.0,0.0,0.0,0.0,0.0,0.0,0.0,0.0,0.0,0.0,0.0,0.0,28.4,29.8,27.0,90,3,0.9997451236925734,0.022576263041545485,0
2019-04-01,0.0,27.3,33.8,19.4,0.0,0.0,0.0,0.0,0.0,0.0,0.0,0.0,0.0,0.0,0.0,28.2,29.1,27.4,91,4,0.9999855506507186,0.005375731557583884,0
2019-04-02,0.0,27.0,34.0,20.1,0.0,0.0,0.0,0.0,0.0,0.0,0.0,0.0,0.0,0.0,0.0,27.3,26.9,27.9,92,4,0.9999300657962057,-0.011826390691832589,0
2019-04-03,0.0,26.5,33.0,20.5,0.0,0.0,0.0,0.0,0.0,0.0,0.0,0.0,0.0,0.0,0.0,27.0,27.3,28.9,93,4,0.9995786855478958,-0.029025013321975237,0
2019-04-04,0.0,27.4,34.2,20.0,0.0,0.0,0.0,0.0,0.0,0.0,0.0,0.0,0.0,0.0,0.0,26.5,27.3,28.8,94,4,0.9989315138848577,-0.046215046983708354,0
2019-04-05,0.0,28.1,35.1,21.0,0.0,0.0,0.0,0.0,0.0,0.0,0.0,0.0,0.0,0.0,0.0,27.4,27.5,29.1,95,4,0.9979887423155984,-0.06339140486951038,0
2019-04-06,0.0,28.9,34.9,22.4,0.0,0.0,0.0,0.0,0.0,0.0,0.0,0.0,0.0,0.0,0.0,28.1,28.4,29.7,96,4,0.9967506498213929,-0.08054900421874167,0
2019-04-07,0.0,29.4,35.4,23.8,0.0,0.0,0.0,0.0,0.0,0.0,0.0,0.0,0.0,0.0,0.0,28.9,28.2,29.8,97,4,0.9952176027737294,-0.09768276782171598,0
2019-04-08,0.0,30.2,36.0,24.8,0.0,0.0,0.0,0.0,0.0,0.0,0.0,0.0,0.0,0.0,0.0,29.4,27.3,29.1,98,4,0.9933900548258936,-0.11478762552212701,0
2019-04-09,0.0,30.4,36.0,25.4,0.0,0.0,0.0,0.0,0.0,0.0,0.0,0.0,0.0,0.0,0.0,30.2,27.0,26.9,99,4,0.9912685467787256,-0.13185851571739118,0
2019-04-10,0.0,30.2,35.7,25.6,0.0,0.0,0.0,0.0,0.0,0.0,0.0,0.0,0.0,0.0,0.0,30.4,26.5,27.3,100,4,0.9888537064205885,-0.1488903868564548,0
2019-04-11,0.0,30.2,35.2,25.7,0.0,0.0,0.0,0.0,0.0,0.0,0.0,0.0,0.0,0.0,0.0,30.2,27.4,27.3,101,4,0.986146248341595,-0.16587819893463143,0
2019-04-12,0.0,29.1,33.8,24.5,0.0,0.0,0.0,0.0,0.0,0.0,0.0,0.0,0.0,0.0,0.0,30.2,28.1,27.5,102,4,0.9831469737221499,-0.1828169249850199,0
2019-04-13,0.0,27.8,34.6,21.1,0.0,0.0,0.0,0.0,0.0,0.0,0.0,0.0,0.0,0.0,0.0,29.1,28.9,28.4,103,4,0.9798567700958665,-0.1997015525660636,0
2019-04-14,0.0,27.8,34.3,20.7,0.0,0.0,0.0,0.0,0.0,0.0,0.0,0.0,0.0,0.0,0.0,27.8,29.4,28.2,104,4,0.9762766110869321,-0.21652708524481437,0
2019-04-15,0.0,29.3,35.4,22.4,0.0,0.0,0.0,0.0,0.0,0.0,0.0,0.0,0.0,0.0,0.0,27.8,30.2,27.3,105,4,0.9724075561219968,-0.23328854407545518,0
2019-04-16,0.0,30.2,36.1,24.3,0.0,0.0,0.0,0.0,0.0,0.0,0.0,0.0,0.0,0.0,0.0,29.3,30.4,27.0,106,4,0.9682507501166718,-0.2499809690726521,0
2019-04-17,0.0,29.8,35.3,22.5,0.0,0.0,0.0,0.0,0.0,0.0,0.0,0.0,0.0,0.0,0.0,30.2,30.2,26.5,107,4,0.9638074231367307,-0.26659942067929354,0
2019-04-18,0.0,29.7,35.7,25.3,0.0,0.0,0.0,0.0,0.0,0.0,0.0,0.0,0.0,0.0,0.0,29.8,30.2,27.4,108,4,0.9590788900341131,-0.28313898122818354,0
2019-04-19,0.5,27.6,34.8,23.5,0.0,0.0,0.0,0.0,0.0,0.0,0.0,0.0,0.0,0.0,0.0,29.7,29.1,28.1,109,4,0.9540665500578387,-0.2995947563972602,1
2019-04-20,0.2,26.7,31.7,23.7,0.5,0.0,0.0,0.0,0.0,0.0,0.0,0.5000000000000018,0.5,0.5,0.5,27.6,27.8,28.9,110,4,0.9487718864399473,-0.31596187665790293,1
2019-04-21,0.0,26.9,34.3,21.8,0.2,0.5,0.0,0.0,0.0,0.0,0.0,0.7000000000000017,0.7,0.7,0.7,26.7,27.8,29.4,111,4,0.9431964659565866,-0.33223549871590435,0
2019-04-22,0.0,26.7,33.9,21.3,0.0,0.2,0.5,0.0,0.0,0.0,0.0,0.7000000000000017,0.7,0.7,0.7,26.9,29.3,30.2,112,4,0.9373419384643772,-0.3484108069446808,0
2019-04-23,0.0,27.9,34.1,21.4,0.0,0.0,0.2,0.0,0.0,0.0,0.0,0.2000000000000018,0.7,0.7,0.7,26.7,30.2,30.4,113,4,0.9312100364121947,-0.3644830148102912,0
2019-04-24,0.0,29.5,35.8,23.0,0.0,0.0,0.0,0.0,0.0,0.0,0.0,0.0,0.7,0.7,0.7,27.9,29.8,30.2,114,4,0.9248025743285089,-0.38044736628785164,0
2019-04-25,0.0,29.7,35.5,23.7,0.0,0.0,0.0,0.0,0.0,0.0,0.0,0.0,0.7,0.7,0.7,29.5,29.7,30.2,115,4,0.9181214482844365,-0.39629913726891813,0
2019-04-26,0.0,30.2,35.4,25.4,0.0,0.0,0.0,0.5,0.0,0.0,0.0,0.0,0.7,0.7,0.7,29.7,27.6,29.1,116,4,0.9111686353326631,-0.41203363695942635,0
2019-04-27,0.0,30.0,34.8,25.7,0.0,0.0,0.0,0.2,0.0,0.0,0.0,0.0,0.2,0.7,0.7,30.2,26.7,27.8,117,4,0.9039461929224011,-0.42764620926777464,0
2019-04-28,0.0,29.7,34.9,23.6,0.0,0.0,0.0,0.0,0.0,0.0,0.0,0.0,0.0,0.7,0.7,30.0,26.9,27.8,118,4,0.8964562582905575,-0.44313223418263453,0
2019-04-29,0.0,30.6,35.7,25.9,0.0,0.0,0.0,0.0,0.0,0.0,0.0,0.0,0.0,0.7,0.7,29.7,26.7,29.3,119,4,0.8887010478292915,-0.45848712914008766,0
2019-04-30,0.0,31.0,35.8,26.4,0.0,0.0,0.0,0.0,0.0,0.0,0.0,0.0,0.0,0.7,0.7,30.6,27.9,30.2,120,4,0.8806828564301475,-0.47370635037968,0
2019-05-01,0.0,30.7,34.9,26.3,0.0,0.0,0.0,0.0,0.0,0.0,0.0,0.0,0.0,0.7,0.7,31.0,29.5,29.8,121,5,0.8724040568049612,-0.48878539428899265,0
2019-05-02,0.0,31.0,35.3,27.2,0.0,0.0,0.0,0.0,0.0,0.0,0.0,0.0,0.0,0.7,0.7,30.7,29.7,29.7,122,5,0.8638670987837349,-0.503719798736334,0
2019-05-03,0.0,31.4,36.7,27.8,0.0,0.0,0.0,0.0,0.5,0.0,0.0,0.0,0.0,0.7,0.7,31.0,30.2,27.6,123,5,0.8550745085896932,-0.518505144391157,0
2019-05-04,0.0,31.9,36.8,27.6,0.0,0.0,0.0,0.0,0.2,0.0,0.0,0.0,0.0,0.2,0.7,31.4,30.0,26.7,124,5,0.8460288880917339,-0.533137056031809,0
2019-05-05,0.0,31.8,36.8,27.7,0.0,0.0,0.0,0.0,0.0,0.0,0.0,0.0,0.0,0.0,0.7,31.9,29.7,26.9,125,5,0.8367329140344921,-0.5476112038402312,0
2019-05-06,0.0,31.3,36.8,27.0,0.0,0.0,0.0,0.0,0.0,0.0,0.0,0.0,0.0,0.0,0.7,31.8,30.6,26.7,126,5,0.8271893372462497,-0.5619233046832195,0
2019-05-07,0.0,30.8,36.5,27.2,0.0,0.0,0.0,0.0,0.0,0.0,0.0,0.0,0.0,0.0,0.7,31.3,31.0,27.9,127,5,0.8174009818249189,-0.5760691233798758,0
2019-05-08,0.0,29.9,34.8,24.6,0.0,0.0,0.0,0.0,0.0,0.0,0.0,0.0,0.0,0.0,0.7,30.8,30.7,29.5,128,5,0.8073707443023492,-0.5900444739548627,0
2019-05-09,3.9,26.1,31.0,22.2,0.0,0.0,0.0,0.0,0.0,0.0,0.0,0.0,0.0,0.0,0.7,29.9,31.0,29.7,129,5,0.7971015927871943,-0.6038452208771035,1
2019-05-10,0.0,27.6,33.4,21.7,3.9,0.0,0.0,0.0,0.0,0.5,0.0,3.9000000000000017,3.9,3.9,4.6,26.1,31.4,30.2,130,5,0.7865965660866021,-0.6174672802835514,0
2019-05-11,0.0,28.8,34.2,23.8,0.0,3.9,0.0,0.0,0.0,0.2,0.0,3.9000000000000017,3.9,3.9,4.6,27.6,31.9,30.0,131,5,0.7758587728069828,-0.6309066211876704,0
2019-05-12,0.0,28.1,33.6,23.3,0.0,0.0,3.9,0.0,0.0,0.0,0.0,3.9000000000000017,3.9,3.9,4.6,28.8,31.8,29.7,132,5,0.7648913904341226,-0.6441592666722685,0
2019-05-13,0.0,29.7,35.6,24.0,0.0,0.0,0.0,0.0,0.0,0.0,0.0,0.0,3.9,3.9,4.6,28.1,31.3,30.6,133,5,0.753697664392914,-0.6572212950663319,0
2019-05-14,0.0,30.9,35.9,26.2,0.0,0.0,0.0,0.0,0.0,0.0,0.0,0.0,3.9,3.9,4.6,29.7,30.8,31.0,134,5,0.742280907086982,-0.6700888411055113,0
2019-05-15,0.0,30.1,36.1,25.9,0.0,0.0,0.0,0.0,0.0,0.0,0.0,0.0,3.9,3.9,4.6,30.9,29.9,30.7,135,5,0.7306444969184916,-0.6827580970759147,0
2019-05-16,0.0,29.6,35.8,24.3,0.0,0.0,0.0,3.9,0.0,0.0,0.0,0.0,3.9,3.9,4.6,30.1,26.1,31.0,136,5,0.7187918772884232,-0.6952253139408722,0
2019-05-17,0.0,29.2,35.2,23.6,0.0,0.0,0.0,0.0,0.0,0.0,0.5,0.0,0.0,3.9,4.6,29.6,27.6,31.4,137,5,0.7067265555776158,-0.7074868024503348,0
2019-05-18,0.0,30.3,35.7,25.1,0.0,0.0,0.0,0.0,0.0,0.0,0.2,0.0,0.0,3.9,4.1,29.2,28.8,31.9,138,5,0.6944521021088763,-0.719538934232584,0
2019-05-19,0.2,27.9,32.2,24.3,0.0,0.0,0.0,0.0,0.0,0.0,0.0,0.0,0.0,3.9,3.9,30.3,28.1,31.8,139,5,0.6819721490904629,-0.7313781428679254,1
2019-05-20,0.0,27.7,33.0,22.1,0.2,0.0,0.0,0.0,0.0,0.0,0.0,0.2000000000000018,0.2,4.1,4.1,27.9,29.7,31.3,140,5,0.6692903895412567,-0.7430009249440493,0
2019-05-21,0.0,27.8,32.5,24.0,0.0,0.2,0.0,0.0,0.0,0.0,0.0,0.2000000000000018,0.2,4.1,4.1,27.7,30.9,30.8,141,5,0.6564105761979381,-0.7544038410927472,0
2019-05-22,0.0,26.7,31.7,22.0,0.0,0.0,0.2,0.0,0.0,0.0,0.0,0.2000000000000018,0.2,4.1,4.1,27.8,30.1,29.9,142,5,0.6433365204044917,-0.765583517007675,0
2019-05-23,0.0,27.4,32.6,23.3,0.0,0.0,0.0,0.0,3.9,0.0,0.0,0.0,0.2,4.1,4.1,26.7,29.6,26.1,143,5,0.6300720909843687,-0.7765366444428655,0
2019-05-24,4.4,26.1,32.7,21.4,0.0,0.0,0.0,0.0,0.0,0.0,0.0,0.0,0.2,0.2,4.1,27.4,29.2,27.6,144,5,0.6166212130956382,-0.7872599821916922,1
2019-05-25,3.5,23.5,29.8,20.2,4.4,0.0,0.0,0.0,0.0,0.0,0.0,4.400000000000002,4.6000000000000005,4.6000000000000005,8.5,26.1,30.3,28.8,145,5,0.6029878670694714,-0.7977503570459932,1
2019-05-26,0.0,26.0,32.5,19.3,3.5,4.4,0.0,0.2,0.0,0.0,0.0,7.900000000000002,8.100000000000001,8.100000000000001,12.0,23.5,27.9,28.1,146,5,0.5891760872322963,-0.8080046647350754,0
2019-05-27,0.0,27.3,33.1,22.9,0.0,3.5,4.4,0.0,0.0,0.0,0.0,7.900000000000002,7.9,8.100000000000001,12.0,26.0,27.7,29.7,147,5,0.5751899607119775,-0.8180198708443175,0
2019-05-28,0.7000000000000001,25.8,32.0,21.3,0.0,0.0,3.5,0.0,0.0,0.0,0.0,3.5000000000000018,7.9,8.100000000000001,12.0,27.3,27.8,30.9,148,5,0.5610336262283677,-0.8277930117131022,1
2019-05-29,2.9,24.4,31.3,19.7,0.7000000000000001,0.0,0.0,0.0,0.0,0.0,0.0,0.7000000000000018,8.6,8.8,12.7,25.8,26.7,30.1,149,5,0.5467112728685939,-0.8373211953118121,1
2019-05-30,1.8,25.1,31.2,20.9,2.9,0.7000000000000001,0.0,0.0,0.0,3.9,0.0,3.600000000000002,11.5,11.700000000000001,15.6,24.4,27.4,29.6,150,5,0.5322271388474397,-0.8466016020976267,1
2019-05-31,3.5,24.5,31.8,20.4,1.8,2.9,0.7000000000000001,4.4,0.0,0.0,0.0,5.400000000000002,13.3,13.5,17.4,25.1,26.1,29.2,151,5,0.5175855102531889,-0.8556314858488706,1
2019-06-01,0.2,24.7,32.2,19.5,3.5,1.8,2.9,3.5,0.0,0.0,0.0,8.200000000000003,12.4,17.0,20.9,24.5,23.5,30.3,152,6,0.5027907197793043,-0.8644081744776648,1
2019-06-02,1.8,23.9,30.4,18.6,0.2,3.5,1.8,0.0,0.2,0.0,0.0,5.500000000000002,9.1,17.2,21.1,24.7,26.0,27.9,153,6,0.4878471454423119,-0.8729290708206411,1
2019-06-03,0.0,27.0,33.5,20.7,1.8,0.2,3.5,0.0,0.0,0.0,0.0,5.500000000000002,10.9,18.8,22.9,23.9,27.3,27.7,154,6,0.47275920928627757,-0.881191653407483,0
2019-06-04,13.1,25.1,31.6,20.6,0.0,1.8,0.2,0.7000000000000001,0.0,0.0,0.0,2.0000000000000018,10.9,18.8,22.9,27.0,25.8,27.8,155,6,0.4575313760742512,-0.8891934772070711,1
2019-06-05,1.1,24.6,30.9,20.3,13.1,0.0,1.8,2.9,0.0,0.0,0.0,14.900000000000002,23.3,31.900000000000002,36.0,25.1,24.4,26.7,156,6,0.44216815196707204,-0.8969321743510065,1
2019-06-06,0.1,24.2,31.2,20.2,1.1,13.1,0.0,1.8,0.0,0.0,3.9,14.200000000000001,21.5,33.0,37.1,24.6,25.1,27.4,157,6,0.42667408318992467,-0.9044054548343001,0
2019-06-07,3.1,24.1,29.3,20.8,0.1,1.1,13.1,3.5,4.4,0.0,0.0,14.3,19.8,33.1,33.300000000000004,24.2,24.5,26.1,158,6,0.4110537546870351,-0.9116111071930239,1
2019-06-08,1.3,24.7,29.5,21.0,3.1,0.1,1.1,0.2,3.5,0.0,0.0,4.3000000000000025,19.4,31.8,36.4,24.1,24.7,23.5,159,6,0.3953117887649151,-0.9185469991587165,1
2019-06-09,2.1,23.9,30.8,20.1,1.3,3.1,0.1,1.8,0.0,0.2,0.0,4.500000000000002,20.5,29.6,37.7,24.7,23.9,26.0,160,6,0.37945284372454435,-0.925211078289358,1
2019-06-10,15.6,21.6,25.5,19.1,2.1,1.3,3.1,0.0,0.0,0.0,0.0,6.500000000000003,20.8,31.7,39.800000000000004,23.9,27.0,27.3,161,6,0.36348161248290634,-0.9316013725767187,1
2019-06-11,3.0,22.4,27.3,18.5,15.6,2.1,1.3,13.1,0.7000000000000001,0.0,0.0,19.0,36.4,47.3,55.400000000000006,21.6,25.1,25.8,162,6,0.3474028211842774,-0.9377159910299093,1
2019-06-12,3.7,22.9,27.8,19.5,3.0,15.6,2.1,1.1,2.9,0.0,0.0,20.700000000000003,26.3,49.60000000000001,58.400000000000006,22.4,24.6,24.4,163,6,0.3312212278016865,-0.9435531242349544,1
2019-06-13,2.1,22.5,26.4,18.9,3.7,3.0,15.6,0.1,1.8,0.0,0.0,22.3,28.9,50.4,62.1,22.9,24.2,25.1,164,6,0.31494162072895193,-0.9491110448902284,1
2019-06-14,4.1,23.1,26.8,20.2,2.1,3.7,3.0,3.1,3.5,4.4,0.0,8.800000000000002,30.900000000000002,50.7,64.2,22.5,24.1,24.5,165,6,0.2985688173637202,-0.9543881083175908,1
2019-06-15,5.3,22.8,26.7,19.3,4.1,2.1,3.7,1.3,0.2,3.5,0.0,9.900000000000002,31.9,51.300000000000004,68.3,23.1,24.7,24.7,166,6,0.2821076626819194,-0.9593827529490743,1
2019-06-16,0.0,23.4,27.7,19.7,5.3,4.1,2.1,2.1,1.8,0.0,0.2,11.500000000000002,35.9,56.4,73.60000000000001,22.8,23.9,23.9,167,6,0.26556302780405594,-0.9640935007889755,0
2019-06-17,5.5,23.6,27.8,19.6,0.0,5.3,4.1,15.6,0.0,0.0,0.0,9.400000000000002,33.8,54.6,73.4,23.4,21.6,27.0,168,6,0.24893980855376657,-0.9685189578512204,1
2019-06-18,8.4,21.9,27.5,18.9,5.5,0.0,5.3,3.0,13.1,0.7000000000000001,0.0,10.800000000000002,23.7,60.1,78.9,23.6,22.4,25.1,169,6,0.23224292400907015,-0.9726578145718654,1
2019-06-19,1.8,22.6,27.5,18.6,8.4,5.5,0.0,3.7,1.1,2.9,0.0,13.900000000000002,29.1,55.400000000000006,87.3,21.9,22.9,24.6,170,6,0.21547731504673012,-0.976508846196619,1
2019-06-20,3.0,22.7,27.6,18.9,1.8,8.4,5.5,2.1,0.1,1.8,0.0,15.700000000000005,27.200000000000003,56.1,89.1,22.6,22.5,24.2,171,6,0.19864794288017112,-0.9800709131432666,1
2019-06-21,0.7000000000000001,23.9,28.7,20.1,3.0,1.8,8.4,4.1,3.1,3.5,4.4,13.200000000000003,28.1,59.0,92.1,22.7,23.1,24.1,172,6,0.18175978759137534,-0.9833429613388902,1
2019-06-22,0.3,24.0,28.5,20.5,0.7000000000000001,3.0,1.8,5.3,1.3,0.2,3.5,5.5000000000000036,24.7,56.6,88.39999999999999,23.9,22.8,24.7,173,6,0.16481784665719793,-0.9863240225317866,1
2019-06-23,2.4,23.0,28.0,19.5,0.3,0.7000000000000001,3.0,0.0,2.1,1.8,0.0,4.0000000000000036,19.700000000000003,55.6,85.2,24.0,23.4,23.9,174,6,0.14782713347053048,-0.9890132145779883,1
2019-06-24,2.4,23.0,27.8,19.5,2.4,0.3,0.7000000000000001,5.5,15.6,0.0,0.0,3.4000000000000035,22.1,55.9,87.6,23.0,23.6,21.6,175,6,0.13079267585675922,-0.9914097417023038,1
2019-06-25,1.0,23.5,28.7,19.3,2.4,2.4,0.3,8.4,3.0,13.1,0.7000000000000001,5.100000000000003,19.0,42.699999999999996,90.0,23.0,21.9,22.4,176,6,0.11371951458594969,-0.9935128947338007,1
2019-06-26,0.9,24.4,29.3,18.9,1.0,2.4,2.4,1.8,3.7,1.1,2.9,5.800000000000003,11.6,40.7,90.30000000000001,23.5,22.6,22.9,177,6,0.0966127018812031,-0.9953220513156602,1
2019-06-27,0.3,23.8,28.4,20.7,0.9,1.0,2.4,3.0,2.1,0.1,1.8,4.300000000000003,10.7,37.9,88.3,24.4,22.7,22.5,178,6,0.07947729992362097,-0.9968366760893436,1
2019-06-28,1.6,24.6,28.8,21.0,0.3,0.9,1.0,0.7000000000000001,4.1,3.1,3.5,2.2000000000000037,8.0,36.1,86.8,23.8,23.9,23.1,179,6,0.062318379354325076,-0.998056320853012,1
2019-06-29,4.0,22.9,27.8,19.9,1.6,0.3,0.9,0.3,5.3,1.3,0.2,2.8000000000000034,8.9,33.6,84.9,24.6,24.0,22.8,180,6,0.04514101777397193,-0.9989806246941579,1
2019-06-30,1.4,23.0,27.9,19.0,4.0,1.6,0.3,2.4,0.0,2.1,1.8,5.900000000000004,12.599999999999998,32.300000000000004,88.7,22.9,23.0,23.4,181,6,0.02795029824021032,-0.999609314096404,1
2019-07-01,7.6,22.2,27.9,19.1,1.4,4.0,1.6,2.4,5.5,15.6,0.0,7.0000000000000036,11.6,33.7,88.3,23.0,23.0,23.6,182,7,0.01075130776352193,-0.9999422030204416,1
2019-07-02,0.8,22.5,27.8,18.9,7.6,1.4,4.0,1.0,8.4,3.0,13.1,13.000000000000004,16.799999999999997,35.8,95.9,22.2,23.5,21.9,183,7,-0.00645086419810515,-0.9999791929590823,1
2019-07-03,0.4,22.7,27.6,19.1,0.8,7.6,1.4,0.9,1.8,3.7,1.1,9.800000000000002,16.599999999999998,28.2,83.60000000000001,22.5,24.4,22.6,184,7,-0.023651127245231586,-0.9997202729664083,1
2019-07-04,4.2,22.8,27.9,18.4,0.4,0.8,7.6,0.3,3.0,2.1,0.1,8.800000000000002,16.099999999999998,26.799999999999997,82.9,22.7,23.8,22.7,185,7,-0.04084439154329611,-0.9991655196610109,1
2019-07-05,1.4,23.1,27.7,19.1,4.2,0.4,0.8,1.6,0.7000000000000001,4.1,3.1,5.400000000000003,20.0,28.0,87.0,22.8,24.6,23.9,186,7,-0.05802556932878035,-0.9983150972033183,1
2019-07-06,0.3,23.8,28.8,19.9,1.4,4.2,0.4,4.0,0.3,5.3,1.3,6.0000000000000036,19.799999999999997,28.7,85.3,23.1,22.9,24.0,187,7,-0.07518957641475855,-0.9971692572470178,1
2019-07-07,6.6,22.5,28.6,19.3,0.3,1.4,4.2,1.4,2.4,0.0,2.1,5.900000000000003,16.099999999999998,28.7,84.3,23.8,23.0,23.0,188,7,-0.09233133369539122,-0.9957283388645872,1
2019-07-08,7.9,21.6,26.6,18.6,6.6,0.3,1.4,7.6,2.4,5.5,15.6,8.300000000000002,21.3,32.9,88.80000000000001,22.5,22.2,23.0,189,7,-0.10944576864891556,-0.993992768446958,1
2019-07-09,4.4,21.5,26.0,18.4,7.9,6.6,0.3,0.8,1.0,8.4,3.0,14.800000000000002,21.6,38.4,81.1,21.6,22.5,23.5,190,7,-0.12652781683868314,-0.9919630595773397,1
2019-07-10,2.9,22.7,27.9,19.3,4.4,7.9,6.6,0.4,0.9,1.8,3.7,18.900000000000006,25.2,41.800000000000004,82.5,21.5,22.7,24.4,191,7,-0.1435724234118113,-0.9896398128792412,1
2019-07-11,4.1,22.1,26.6,18.7,2.9,4.4,7.9,4.2,0.3,3.0,2.1,15.200000000000003,27.700000000000003,43.800000000000004,81.69999999999999,22.7,22.8,23.8,192,7,-0.16057454459499376,-0.9870237158387383,1
2019-07-12,7.3,20.5,24.3,18.2,4.1,2.9,4.4,1.4,1.6,0.7000000000000001,4.1,11.400000000000002,27.599999999999998,47.599999999999994,83.7,22.1,23.1,24.6,193,7,-0.17752914918703497,-0.984115542601034,1
2019-07-13,2.1,21.1,24.9,17.9,7.3,4.1,2.9,0.3,4.0,0.3,5.3,14.300000000000002,33.5,53.3,86.9,20.5,23.8,22.9,194,7,-0.19443122004766195,-0.9809161537413774,1
2019-07-14,1.5,21.3,25.4,17.8,2.1,7.3,4.1,6.6,1.4,2.4,0.0,13.500000000000002,35.300000000000004,51.4,83.69999999999999,21.1,22.5,23.0,195,7,-0.2112757555821793,-0.9774264960104055,1
2019-07-15,0.2,21.6,25.8,17.9,1.5,2.1,7.3,7.9,7.6,2.4,5.5,10.900000000000002,30.2,51.5,85.19999999999999,21.3,21.6,22.2,196,7,-0.2280577712215198,-0.9736476020539838,1
2019-07-16,3.3,21.5,25.7,18.1,0.2,1.5,2.1,4.4,0.8,1.0,8.4,3.800000000000003,22.5,44.1,79.89999999999999,21.6,21.5,22.5,197,7,-0.24477230089725957,-0.9695805901076308,1
2019-07-17,7.4,21.2,24.5,18.4,3.3,0.2,1.5,2.9,0.4,0.9,1.8,5.000000000000003,21.4,46.6,74.8,21.5,22.7,22.7,198,7,-0.2614143985111562,-0.965226663665613,1
2019-07-18,5.3,20.7,24.9,17.8,7.4,3.3,0.2,4.1,4.2,0.3,3.0,10.900000000000002,25.9,53.6,80.4,21.2,22.1,22.8,199,7,-0.2779791393987801,-0.9605871111248129,1
2019-07-19,5.7,21.2,25.4,18.0,5.3,7.4,3.3,7.3,1.4,1.6,0.7000000000000001,16.000000000000004,27.1,54.699999999999996,82.7,20.7,20.5,23.1,200,7,-0.2944616217868012,-0.9556633054034704,1
2019-07-20,6.0,21.7,25.3,19.1,5.7,5.3,7.4,2.1,0.3,4.0,0.3,18.400000000000002,25.5,59.0,87.7,21.2,21.1,23.8,201,7,-0.3108569682435036,-0.9504567035349151,1
2019-07-21,6.1,21.9,25.5,18.8,6.0,5.7,5.3,1.5,6.6,1.4,2.4,17.000000000000004,29.400000000000002,64.7,93.4,21.7,21.3,22.5,202,7,-0.3271603271220951,-0.9449688462364056,1
2019-07-22,14.0,20.9,24.1,18.2,6.1,6.0,5.7,0.2,7.9,7.6,2.4,17.8,34.0,64.2,97.1,21.9,21.6,21.6,203,7,-0.34336687399638804,-0.939201357453208,1
2019-07-23,8.4,20.4,23.5,18.4,14.0,6.1,6.0,3.3,4.4,0.8,1.0,26.1,47.8,70.3,108.69999999999999,20.9,21.5,21.5,204,7,-0.3594718130884232,-0.9331559438780432,1
2019-07-24,0.3,22.1,26.0,18.1,8.4,14.0,6.1,7.4,2.9,0.4,0.9,28.5,52.900000000000006,74.3,116.1,20.4,21.2,22.7,205,7,-0.3754703786876202,-0.9268343944460494,1
2019-07-25,0.0,23.7,26.7,19.3,0.3,8.4,14.0,5.3,4.1,4.2,0.3,22.7,45.8,71.7,115.5,22.1,20.7,22.1,206,7,-0.3913578365610259,-0.9202385798054075,0
2019-07-26,0.1,23.0,25.8,21.0,0.0,0.3,8.4,5.7,7.3,1.4,1.6,8.700000000000003,40.5,67.6,115.2,23.7,21.2,20.5,207,7,-0.4071294853542516,-0.9133704517637858,0
2019-07-27,3.5,22.8,26.0,20.3,0.1,0.0,0.3,6.0,2.1,0.3,4.0,0.4000000000000018,34.9,60.4,113.7,23.0,21.7,21.1,208,7,-0.4227806579826773,-0.9062320427107697,1
2019-07-28,0.7000000000000001,22.3,26.1,19.3,3.5,0.1,0.0,6.1,1.5,6.6,1.4,3.600000000000002,32.4,61.8,113.2,22.8,21.9,21.3,209,7,-0.4383067230125192,-0.898825465016444,1
2019-07-29,5.6,22.1,25.5,18.6,0.7000000000000001,3.5,0.1,14.0,0.2,7.9,7.6,4.300000000000002,27.0,61.0,112.5,22.3,20.9,21.6,210,7,-0.45370308603134424,-0.8911529104063088,1
2019-07-30,2.4,21.6,26.7,17.8,5.6,0.7000000000000001,3.5,8.4,3.3,4.4,0.8,9.8,18.6,66.4,110.5,22.1,20.4,21.5,211,7,-0.46896519100763184,-0.8832166493127127,1
2019-07-31,3.1,21.1,24.9,18.7,2.4,5.6,0.7000000000000001,0.3,7.4,2.9,0.4,8.700000000000001,12.6,65.5,112.1,21.6,22.1,21.2,212,7,-0.48408852163897587,-0.8750190302029955,1
2019-08-01,6.8,20.2,23.8,18.2,3.1,2.4,5.6,0.0,5.3,4.1,4.2,11.100000000000001,15.399999999999999,61.2,114.8,21.1,23.7,20.7,213,8,-0.4990686026885319,-0.8665624788845385,1
2019-08-02,12.9,20.0,22.5,18.1,6.8,3.1,2.4,0.1,5.7,7.3,1.4,12.3,22.2,62.7,117.4,20.2,23.0,21.2,214,8,-0.5139010013093103,-0.8578494977869301,1
2019-08-03,4.0,21.1,24.9,18.7,12.9,6.8,3.1,3.5,6.0,2.1,0.3,22.800000000000004,35.0,69.9,128.9,20.0,22.8,21.7,215,8,-0.5285813283559292,-0.8488826652214553,1
2019-08-04,11.0,21.2,24.9,18.7,4.0,12.9,6.8,0.7000000000000001,6.1,1.5,6.6,23.700000000000003,35.5,67.9,132.6,21.1,22.3,21.9,216,8,-0.5431052396834317,-0.8396646346181327,1
2019-08-05,12.7,19.9,22.3,17.5,11.0,4.0,12.9,5.6,14.0,0.2,7.9,27.900000000000006,45.8,72.8,137.0,21.2,22.1,20.9,217,8,-0.5574684374327892,-0.8301981337405212,1
2019-08-06,1.1,19.9,24.1,17.1,12.7,11.0,4.0,2.4,8.4,3.3,4.4,27.700000000000003,52.900000000000006,71.5,141.79999999999998,19.9,21.6,20.4,218,8,-0.5716666713027052,-0.8204859638785327,1
2019-08-07,8.2,20.4,23.9,18.2,1.1,12.7,11.0,3.1,0.3,7.4,2.9,24.8,51.599999999999994,64.2,138.5,19.9,21.1,22.1,219,8,-0.5856957398073508,-0.8105309990194823,1
2019-08-08,3.8,21.4,24.7,18.3,8.2,1.1,12.7,6.8,0.0,5.3,4.1,22.0,56.7,72.1,143.8,20.4,20.2,23.7,220,8,-0.5995514915196489,-0.8003361849976323,1
2019-08-09,22.0,19.7,22.3,17.7,3.8,8.2,1.1,12.9,0.1,5.7,7.3,13.100000000000001,53.699999999999996,75.9,143.5,21.4,20.0,23.0,221,8,-0.6132298262997502,-0.7899045386224707,1
2019-08-10,7.5,19.4,22.2,17.5,22.0,3.8,8.2,4.0,3.5,6.0,2.1,34.0,62.8,97.79999999999998,158.2,19.7,21.1,22.8,222,8,-0.6267266965083301,-0.7792391467859886,1
2019-08-11,0.1,19.8,22.0,17.9,7.5,22.0,3.8,11.0,0.7000000000000001,6.1,1.5,33.3,66.3,101.79999999999998,163.6,19.4,21.2,22.3,223,8,-0.6400381082043503,-0.7683431655492202,0
2019-08-12,1.4,19.3,21.4,17.7,0.1,7.5,22.0,12.7,5.6,14.0,0.2,29.6,55.4,101.2,162.2,19.8,19.9,22.1,224,8,-0.65316012232693,-0.7572198192083127,1
2019-08-13,5.5,20.8,24.1,18.2,1.4,0.1,7.5,1.1,2.4,8.4,3.3,9.0,44.1,97.0,163.39999999999998,19.3,19.9,21.6,225,8,-0.666088855860977,-0.7458723993404063,1
2019-08-14,4.7,20.5,24.2,17.8,5.5,1.4,0.1,8.2,3.1,0.3,7.4,7.0,48.5,100.1,165.6,20.8,20.4,21.1,226,8,-0.6788204829862355,-0.734304263829602,1
2019-08-15,9.3,21.2,25.9,17.2,4.7,5.5,1.4,3.8,6.8,0.0,5.3,11.600000000000001,45.0,101.69999999999999,162.9,20.5,21.4,20.2,227,8,-0.6913512362094071,-0.722518835873311,1
2019-08-16,1.9,20.5,23.7,17.2,9.3,4.7,5.5,22.0,12.9,0.1,5.7,19.5,50.5,104.19999999999999,166.89999999999998,21.2,19.7,20.0,228,8,-0.7036774074790128,-0.7105196029692745,1
2019-08-17,8.8,19.6,21.9,17.9,1.9,9.3,4.7,7.5,4.0,3.5,6.0,15.900000000000002,30.4,93.19999999999999,163.1,20.5,19.4,21.1,229,8,-0.7157953492826642,-0.6983101158835584,1
2019-08-18,22.6,20.3,24.1,17.9,8.8,1.9,9.3,0.1,11.0,0.7000000000000001,6.1,20.000000000000004,31.700000000000003,97.99999999999999,165.9,19.6,19.8,21.2,230,8,-0.7277014757264236,-0.6858939875998223,1
2019-08-19,7.0,20.5,25.2,17.3,22.6,8.8,1.9,1.4,12.7,5.6,14.0,33.300000000000004,54.2,109.60000000000001,182.4,20.3,19.3,19.9,231,8,-0.7393922635959241,-0.673274892250183,1
2019-08-20,7.0,21.0,25.4,17.9,7.0,22.6,8.8,5.5,1.1,2.4,8.4,38.400000000000006,59.800000000000004,103.9,175.4,20.5,20.8,19.9,232,8,-0.7508642533989489,-0.6604565640279754,1
2019-08-21,1.8,21.7,25.8,18.9,7.0,7.0,22.6,4.7,8.2,3.1,0.3,36.6,61.300000000000004,109.8,174.0,21.0,20.5,20.4,233,8,-0.7621140503891487,-0.6474427960827475,1
2019-08-22,27.3,20.9,24.9,18.2,1.8,7.0,7.0,9.3,3.8,6.8,0.0,15.8,58.4,103.4,175.5,21.7,21.2,21.4,234,8,-0.7731383255706026,-0.6342374393978054,1
2019-08-23,25.7,19.6,22.7,17.2,27.3,1.8,7.0,1.9,22.0,12.9,0.1,36.1,76.4,126.9,202.79999999999998,20.9,20.5,19.7,235,8,-0.7839338166829201,-0.620844401650647,1
2019-08-24,11.4,19.8,24.2,16.8,25.7,27.3,1.8,8.8,7.5,4.0,3.5,54.8,100.2,130.6,228.4,19.6,19.6,19.4,236,8,-0.7944973291665992,-0.6072676460566135,1
2019-08-25,0.5,21.1,26.5,16.5,11.4,25.7,27.3,22.6,0.1,11.0,0.7000000000000001,64.4,102.8,134.5,236.29999999999998,19.8,20.3,19.8,237,8,-0.8048257371083452,-0.593511190196115,1
2019-08-26,10.7,21.2,26.1,17.6,0.5,11.4,25.7,7.0,1.4,12.7,5.6,37.6,80.69999999999999,134.9,236.1,21.1,20.5,19.3,238,8,-0.8149159841660791,-0.5795791048257612,1
2019-08-27,9.1,19.5,23.1,16.9,10.7,0.5,11.4,7.0,5.5,1.1,2.4,22.6,84.39999999999999,144.2,241.20000000000002,21.2,21.0,20.8,239,8,-0.8247650844733614,-0.5654755126737576,1
2019-08-28,3.7,20.1,24.3,17.7,9.1,10.7,0.5,1.8,4.7,8.2,3.1,20.299999999999997,86.5,147.8,247.9,19.5,21.7,20.5,240,8,-0.8343701235229537,-0.5512045872199277,1
2019-08-29,2.5,21.0,25.1,17.1,3.7,9.1,10.7,27.3,9.3,3.8,6.8,23.5,88.39999999999999,146.8,248.5,20.1,20.9,21.2,241,8,-0.8437282590292712,-0.5367705514607103,1
2019-08-30,4.5,21.3,26.4,17.9,2.5,3.7,9.1,25.7,1.9,22.0,12.9,15.3,63.6,140.0,244.2,21.0,19.6,20.5,242,8,-0.8528367217694595,-0.522177676659508,1
2019-08-31,6.1,21.3,25.9,18.4,4.5,2.5,3.7,11.4,8.8,7.5,4.0,10.7,42.400000000000006,142.6,235.79999999999998,21.3,19.8,19.6,243,8,-0.8616928164028521,-0.5074302810827518,1
2019-09-01,4.5,21.4,26.6,17.6,6.1,4.5,2.5,0.5,22.6,0.1,11.0,13.1,37.099999999999994,139.9,237.9,21.3,21.1,20.3,244,9,-0.8702939222685674,-0.49253272872205434,1
2019-09-02,6.1,21.3,25.5,18.3,4.5,6.1,4.5,10.7,7.0,1.4,12.7,15.1,41.099999999999994,121.8,231.4,21.4,21.2,20.5,245,9,-0.8786374941610001,-0.4774894280028391,1
2019-09-03,1.7000000000000002,22.4,27.2,18.3,6.1,4.5,6.1,9.1,7.0,5.5,1.1,16.7,36.5,120.9,224.8,21.3,19.5,21.0,246,9,-0.886721063082993,-0.46230483047981086,1
2019-09-04,6.2,21.4,25.6,18.8,1.7000000000000002,6.1,4.5,3.7,1.8,4.7,8.2,12.3,29.1,115.6,225.4,22.4,20.1,21.7,247,9,-0.8945422369764496,-0.4469834295196741,1
2019-09-05,4.4,21.3,24.7,18.3,6.2,1.7000000000000002,6.1,2.5,27.3,9.3,3.8,14.0,31.6,120.0,223.4,21.4,21.0,20.9,248,9,-0.9020987014301837,-0.43152975897147144,1
2019-09-06,8.6,20.7,25.1,18.5,4.4,6.2,1.7000000000000002,4.5,25.7,1.9,22.0,12.3,33.5,97.1,224.0,21.3,21.3,19.6,249,9,-0.9093882203647925,-0.4159483918249421,1
2019-09-07,5.0,21.1,25.0,18.5,8.6,4.4,6.2,6.1,11.4,8.8,7.5,19.200000000000003,37.6,80.0,210.60000000000002,20.7,21.3,19.8,250,9,-0.9164086366943458,-0.4002439388573056,1
2019-09-08,4.8,21.0,25.2,18.4,5.0,8.6,4.4,4.5,0.5,22.6,0.1,18.0,36.5,73.6,208.10000000000002,21.1,21.4,21.1,251,9,-0.9231578729647039,-0.38442104726885545,1
2019-09-09,12.5,20.6,23.5,17.7,4.8,5.0,8.6,6.1,10.7,7.0,1.4,18.4,36.8,77.89999999999999,212.8,21.0,21.3,21.2,252,9,-0.9296339319682695,-0.3684843993077793,1
2019-09-10,13.0,20.3,23.7,17.8,12.5,4.8,5.0,1.7000000000000002,9.1,7.0,5.5,22.299999999999997,43.2,79.69999999999999,223.9,20.6,22.4,19.5,253,9,-0.9358348973349941,-0.35243871088460327,1
2019-09-11,5.4,20.2,24.1,17.4,13.0,12.5,4.8,6.2,3.7,1.8,4.7,30.299999999999997,54.5,83.6,231.4,20.3,21.4,20.1,254,9,-0.9417589340994617,-0.33628873017668287,1
2019-09-12,10.2,20.7,26.3,17.2,5.4,13.0,12.5,4.4,2.5,27.3,9.3,30.9,53.7,85.3,232.1,20.2,21.3,21.0,255,9,-0.9474042892438845,-0.32003923622313857,1
2019-09-13,3.2,21.4,25.9,18.1,10.2,5.4,13.0,8.6,4.5,25.7,1.9,28.599999999999998,59.5,93.0,233.0,20.7,20.7,21.3,256,9,-0.9527692922168511,-0.30369503751065885,1
2019-09-14,5.9,21.3,25.0,17.6,3.2,10.2,5.4,5.0,6.1,11.4,8.8,18.799999999999997,54.1,91.7,234.3,21.4,21.1,21.3,257,9,-0.9578523554276669,-0.28726097055059635,1
2019-09-15,2.3,20.9,25.1,17.8,5.9,3.2,10.2,4.8,4.5,0.5,22.6,19.299999999999997,55.0,91.5,231.4,21.3,21.0,21.4,258,9,-0.9626519747161487,-0.2707418984477642,1
2019-09-16,1.9,22.2,26.4,17.9,2.3,5.9,3.2,12.5,6.1,10.7,7.0,11.399999999999999,52.5,89.30000000000001,211.1,20.9,20.6,21.3,259,9,-0.9671667297977312,-0.2541427094613622,1
2019-09-17,10.3,22.0,25.8,19.3,1.9,2.3,5.9,13.0,1.7000000000000002,9.1,7.0,10.1,41.9,85.1,206.0,22.2,20.3,22.4,260,9,-0.97139528468375,-0.23746831555846842,1
2019-09-18,9.5,20.9,25.5,17.9,10.3,1.9,2.3,5.4,6.2,3.7,1.8,14.5,39.2,93.7,209.3,22.0,20.2,21.4,261,9,-0.9753363880767837,-0.2207236509605022,1
2019-09-19,3.7,22.0,26.8,17.2,9.5,10.3,1.9,10.2,4.4,2.5,27.3,21.7,43.300000000000004,97.0,217.0,20.9,20.7,21.3,262,9,-0.9789888737409319,-0.20391367068311472,1
2019-09-20,0.0,23.3,27.3,19.0,3.7,9.5,10.3,3.2,8.6,4.5,25.7,23.5,36.8,96.3,193.4,22.0,21.4,20.7,263,9,-0.9823516608469237,-0.18704334906991657,0
2019-09-21,4.1,22.1,25.4,18.8,0.0,3.7,9.5,5.9,5.0,6.1,11.4,13.2,33.6,87.7,167.7,23.3,21.3,21.1,264,9,-0.9854237542919524,-0.17011767832049052,1
2019-09-22,4.4,21.0,24.7,17.7,4.1,0.0,3.7,2.3,4.8,4.5,0.5,7.8,31.8,86.80000000000001,160.4,22.1,20.9,21.0,265,9,-0.9882042449941422,-0.15314166701312007,1
2019-09-23,0.7000000000000001,21.4,25.6,17.8,4.4,4.1,0.0,1.9,12.5,6.1,10.7,8.5,33.9,86.4,164.3,21.0,22.2,20.6,266,9,-0.9906923101615609,-0.13612033862266704,1
2019-09-24,4.5,21.7,26.3,17.8,0.7000000000000001,4.4,4.1,10.3,13.0,1.7000000000000002,9.1,9.2,32.7,74.60000000000001,154.29999999999998,21.4,22.0,20.3,267,9,-0.9928872135356962,-0.11905873003404988,1
2019-09-25,0.0,22.8,27.0,17.7,4.5,0.7000000000000001,4.4,9.5,5.4,6.2,3.7,9.600000000000001,26.9,66.1,149.7,21.7,20.9,20.2,268,9,-0.994788305609327,-0.10196189005174576,0
2019-09-26,0.1,23.6,26.7,19.4,0.0,4.5,0.7000000000000001,3.7,10.2,4.4,2.5,5.2,17.4,60.7,146.0,22.8,22.0,20.7,269,9,-0.9963950238187231,-0.08483487790576538,0
2019-09-27,5.6,21.6,25.4,18.9,0.1,0.0,4.5,0.0,3.2,8.6,4.5,4.6,13.799999999999999,50.6,143.60000000000002,23.6,23.3,21.4,270,9,-0.9977068927101168,-0.06768276175455162,1
2019-09-28,2.2,20.6,24.0,17.9,5.6,0.1,0.0,4.1,5.9,5.0,6.1,5.699999999999999,19.4,53.0,144.70000000000002,21.6,22.1,21.3,271,9,-0.9987235240803972,-0.050510617185222886,1
2019-09-29,0.2,22.1,26.5,17.1,2.2,5.6,0.1,4.4,2.3,4.8,4.5,7.8999999999999995,17.5,49.3,140.79999999999998,20.6,21.0,20.9,272,9,-0.9994446170919858,-0.033323525711631344,1
2019-09-30,12.6,21.5,25.4,18.9,0.2,2.2,5.6,0.7000000000000001,1.9,12.5,6.1,8.0,13.3,47.2,136.5,22.1,21.4,22.2,273,9,-0.9998699583618592,-0.016126573270657762,1
2019-10-01,23.4,19.6,23.0,17.5,12.6,0.2,2.2,4.5,10.3,13.0,1.7000000000000002,15.0,25.2,57.900000000000006,143.0,21.5,21.7,22.0,274,10,-0.9999994220246925,0.001075151282798226,1
2019-10-02,3.6,21.0,25.9,17.8,23.4,12.6,0.2,0.0,9.5,5.4,6.2,36.2,44.099999999999994,71.0,164.70000000000002,19.6,22.8,20.9,275,10,-0.999832969770105,0.018276557681691223,1
2019-10-03,5.7,21.0,25.0,17.6,3.6,23.4,12.6,0.1,3.7,10.2,4.4,39.599999999999994,47.699999999999996,65.1,162.1,21.0,23.6,22.0,276,10,-0.9993706508539969,0.03547255575312556,1
2019-10-04,0.0,22.0,27.9,17.8,5.7,3.6,23.4,5.6,0.0,3.2,8.6,32.7,53.3,67.1,163.4,21.0,21.6,23.3,277,10,-0.9986126020839734,0.052658056924614005,0
2019-10-05,0.3,21.7,25.8,17.9,0.0,5.7,3.6,2.2,4.1,5.9,5.0,9.3,47.7,67.1,154.79999999999998,22.0,20.6,22.1,278,10,-0.9975590477788613,0.06982797572987089,1
2019-10-06,0.3,21.8,25.7,18.3,0.3,0.0,5.7,0.2,4.4,2.3,4.8,6.000000000000001,45.8,63.3,150.1,21.7,22.1,21.0,279,10,-0.9962102997023297,0.0869772313136861,1
2019-10-07,0.0,22.2,27.4,17.3,0.3,0.3,0.0,12.6,0.7000000000000001,1.9,12.5,0.6,45.9,59.2,145.6,21.8,21.5,21.4,280,10,-0.9945667569706337,0.1041007489354256,0
2019-10-08,0.1,22.8,28.3,19.4,0.0,0.3,0.3,23.4,4.5,10.3,13.0,0.6,33.3,58.5,133.1,22.2,19.6,21.7,281,10,-0.9926289059345095,0.121193461470736,0
2019-10-09,1.4,22.4,27.1,18.1,0.1,0.0,0.3,3.6,0.0,9.5,5.4,0.4,10.0,54.1,120.2,22.8,21.0,22.8,282,10,-0.9903973200352558,0.1382503109109819,1
2019-10-10,0.2,22.1,26.8,18.7,1.4,0.1,0.0,5.7,0.1,3.7,10.2,1.5,7.800000000000001,55.5,116.2,22.4,21.0,23.6,283,10,-0.9878726596350429,0.15526624985999563,1
2019-10-11,0.5,22.0,27.4,18.0,0.2,1.4,0.1,0.0,5.6,0.0,3.2,1.7,2.3,55.599999999999994,106.2,22.1,22.0,21.6,284,10,-0.9850556718215013,0.172236243027682,1
2019-10-12,1.9,22.1,26.9,18.2,0.5,0.2,1.4,0.3,2.2,4.1,5.9,2.0999999999999996,2.8,50.5,103.5,22.0,21.7,20.6,285,10,-0.981947190186646,0.18915526872004093,1
2019-10-13,14.3,20.5,24.2,18.1,1.9,0.5,0.2,0.3,0.2,4.4,2.3,2.5999999999999996,4.4,50.2,99.5,22.1,21.8,22.1,286,10,-0.9785481345802031,0.20601832032517084,1
2019-10-14,1.2,21.3,26.6,17.8,14.3,1.9,0.5,0.0,12.6,0.7000000000000001,1.9,16.7,18.400000000000002,64.3,111.5,20.5,22.2,21.5,287,10,-0.9748595108374125,0.22282040779479959,1
2019-10-15,0.0,22.4,28.0,17.8,1.2,14.3,1.9,0.1,23.4,4.5,10.3,17.4,19.6,52.900000000000006,110.8,21.3,22.8,19.6,288,10,-0.9708824104813836,0.23955655912092708,0
2019-10-16,0.0,22.8,27.6,19.5,0.0,1.2,14.3,1.4,3.6,0.0,9.5,15.499999999999998,19.5,29.5,100.5,22.4,22.4,21.0,289,10,-0.9666180104000972,0.2562218218071163,0
2019-10-17,0.1,22.5,26.6,18.5,0.0,0.0,1.2,0.2,5.7,0.1,3.7,1.1999999999999982,18.1,25.9,91.0,22.8,22.1,21.0,290,10,-0.9620675724981452,0.27281126433401914,0
2019-10-18,0.0,22.1,27.8,16.4,0.1,0.0,0.0,0.5,0.0,5.6,0.0,0.09999999999999823,18.000000000000004,20.3,87.4,22.5,22.0,22.0,291,10,-0.957232443323312,0.28931997761869527,0
2019-10-19,0.2,23.1,28.1,19.9,0.0,0.1,0.0,1.9,0.3,2.2,4.1,0.09999999999999823,17.500000000000004,20.3,87.4,22.1,22.1,21.7,292,10,-0.9521140536681102,0.3057430764672831,1
2019-10-20,0.0,24.1,29.6,20.9,0.2,0.0,0.1,14.3,0.3,0.2,4.4,0.29999999999999827,15.800000000000002,20.2,83.49999999999999,23.1,20.5,21.8,293,10,-0.9467139181463862,0.3220757010206104,0
2019-10-21,0.0,23.6,28.0,19.2,0.0,0.2,0.0,1.2,0.0,12.6,0.7000000000000001,0.19999999999999823,1.5000000000000018,19.9,79.1,24.1,21.3,22.2,294,10,-0.9410336347451197,0.3383130181923076,0
2019-10-22,0.0,23.3,28.3,19.5,0.0,0.0,0.2,0.0,0.1,23.4,4.5,0.19999999999999823,0.3000000000000018,19.9,78.39999999999999,23.6,22.4,22.8,295,10,-0.9350748843515574,0.3544502230989869,0
2019-10-23,0.0,23.6,29.1,18.6,0.0,0.0,0.0,0.0,1.4,3.6,0.0,0.0,0.3000000000000018,19.8,73.89999999999999,23.3,22.8,22.4,296,10,-0.9288394302558068,0.3704825404820963,0
2019-10-24,0.0,23.6,28.8,17.1,0.0,0.0,0.0,0.1,0.2,5.7,0.1,0.0,0.3000000000000018,18.4,73.89999999999999,23.6,22.5,22.1,297,10,-0.9223291176290545,0.3864052261209853,0
2019-10-25,0.0,23.6,28.0,18.4,0.0,0.0,0.0,0.0,0.5,0.0,5.6,0.0,0.2000000000000018,18.2,73.8,23.6,22.1,22.0,298,10,-0.9155458729775467,0.40221356823680365,0
2019-10-26,0.3,24.3,27.9,20.1,0.0,0.0,0.0,0.2,1.9,0.3,2.2,0.0,0.2000000000000018,17.7,68.19999999999999,23.6,23.1,22.1,299,10,-0.9084917035725082,0.41790288888678667,1
2019-10-27,0.0,24.2,29.4,18.7,0.3,0.0,0.0,0.0,14.3,0.3,0.2,0.2999999999999982,0.30000000000000177,16.1,66.3,24.3,24.1,20.5,300,10,-0.9011686968561569,0.4334685453485363,0
2019-10-28,0.0,24.3,28.0,20.1,0.0,0.3,0.0,0.0,1.2,0.0,12.6,0.2999999999999982,0.30000000000000177,1.7999999999999998,66.10000000000001,24.2,23.6,21.3,301,10,-0.8935790198239952,0.4489059314938798,0
2019-10-29,0.1,23.6,28.3,18.8,0.0,0.0,0.3,0.0,0.0,0.1,23.4,0.2999999999999982,0.30000000000000177,0.6,53.49999999999999,24.3,23.3,22.4,302,10,-0.8857249183835637,0.4642104791518923,0
2019-10-30,0.0,24.5,29.9,18.8,0.1,0.0,0.0,0.0,0.0,1.4,3.6,0.09999999999999823,0.4000000000000018,0.7,30.2,23.6,23.6,22.8,303,10,-0.8776087166898392,0.4793776594606945,0
2019-10-31,0.0,24.3,29.9,19.0,0.0,0.1,0.0,0.0,0.1,0.2,5.7,0.09999999999999823,0.4000000000000018,0.7,26.599999999999998,24.5,23.6,22.5,304,10,-0.8692328164574792,0.49440298420761813,0
2019-11-01,0.0,25.6,29.0,19.6,0.0,0.0,0.1,0.0,0.0,0.5,0.0,0.09999999999999823,0.4000000000000018,0.6,20.9,24.3,23.6,22.1,305,11,-0.8605996962501181,0.5092820071573356,0
2019-11-02,0.0,24.9,29.6,20.0,0.0,0.0,0.0,0.3,0.2,1.9,0.3,0.0,0.4000000000000018,0.6,20.9,25.6,24.3,23.1,306,11,-0.8517119107469189,0.5240103253675756,0
2019-11-03,0.0,25.6,30.7,21.8,0.0,0.0,0.0,0.0,0.0,14.3,0.3,0.0,0.10000000000000178,0.3999999999999999,20.599999999999998,24.9,24.2,24.1,307,11,-0.8425720899866032,0.5385835804920232,0
2019-11-04,0.0,25.4,30.6,21.7,0.0,0.0,0.0,0.0,0.0,1.2,0.0,0.0,0.10000000000000178,0.3999999999999999,20.299999999999997,25.6,24.3,23.6,308,11,-0.8331829385891785,0.5529974600700271,0
2019-11-05,0.0,25.1,30.1,21.7,0.0,0.0,0.0,0.1,0.0,0.0,0.1,0.0,0.10000000000000178,0.3999999999999999,20.299999999999997,25.4,23.6,23.3,309,11,-0.8235472349556007,0.5672476988027229,0
2019-11-06,0.0,25.1,30.2,21.6,0.0,0.0,0.0,0.0,0.0,0.0,1.4,0.0,0.0,0.3999999999999999,20.2,25.1,24.5,23.6,310,11,-0.8136678304455991,0.5813300798152042,0
2019-11-07,0.0,24.5,28.9,19.0,0.0,0.0,0.0,0.0,0.0,0.1,0.2,0.0,0.0,0.3999999999999999,18.799999999999997,25.1,24.3,23.6,311,11,-0.8035476485339116,0.5952404359043674,0
2019-11-08,0.0,24.3,28.5,19.9,0.0,0.0,0.0,0.0,0.0,0.0,0.5,0.0,0.0,0.3999999999999999,18.599999999999998,24.5,25.6,23.6,312,11,-0.7931896839451843,0.6089746507720486,0
2019-11-09,0.0,24.9,29.2,20.1,0.0,0.0,0.0,0.0,0.3,0.2,1.9,0.0,0.0,0.3999999999999999,18.099999999999998,24.3,24.9,24.3,313,11,-0.7825970017677834,0.6225286602431057,0
2019-11-10,0.0,24.0,28.4,20.2,0.0,0.0,0.0,0.0,0.0,0.0,14.3,0.0,0.0,0.1,16.2,24.9,25.6,24.2,314,11,-0.7717727365467837,0.6358984534680745,0
2019-11-11,0.0,24.8,29.6,19.2,0.0,0.0,0.0,0.0,0.0,0.0,1.2,0.0,0.0,0.1,1.9,24.0,25.4,24.3,315,11,-0.7607200913564104,0.6490800741100398,0
2019-11-12,0.0,25.3,29.2,21.3,0.0,0.0,0.0,0.0,0.1,0.0,0.0,0.0,0.0,0.1,0.7,24.8,25.1,23.6,316,11,-0.7494423368521953,0.6620696215153815,0
2019-11-13,0.0,25.1,29.4,21.3,0.0,0.0,0.0,0.0,0.0,0.0,0.0,0.0,0.0,0.0,0.7,25.3,25.1,24.5,317,11,-0.7379428103031386,0.6748632518680403,0
2019-11-14,0.0,25.0,30.3,19.0,0.0,0.0,0.0,0.0,0.0,0.0,0.1,0.0,0.0,0.0,0.7,25.1,24.5,24.3,318,11,-0.7262249146041543,0.6874571793269664,0
2019-11-15,0.0,25.3,30.3,19.5,0.0,0.0,0.0,0.0,0.0,0.0,0.0,0.0,0.0,0.0,0.6,25.0,24.3,25.6,319,11,-0.7142921172691032,0.699847677146407,0
2019-11-16,0.0,25.1,30.2,18.9,0.0,0.0,0.0,0.0,0.0,0.3,0.2,0.0,0.0,0.0,0.6,25.3,24.9,24.9,320,11,-0.7021479494046978,0.7120310787787131,0
2019-11-17,0.0,24.8,30.0,19.9,0.0,0.0,0.0,0.0,0.0,0.0,0.0,0.0,0.0,0.0,0.3999999999999999,25.1,24.0,25.6,321,11,-0.6897960046655887,0.7240037789593305,0
2019-11-18,0.0,24.9,29.7,18.8,0.0,0.0,0.0,0.0,0.0,0.0,0.0,0.0,0.0,0.0,0.3999999999999999,24.8,24.8,25.4,322,11,-0.6772399381909491,0.7357622347736527,0
2019-11-19,0.0,24.8,30.1,19.4,0.0,0.0,0.0,0.0,0.0,0.1,0.0,0.0,0.0,0.0,0.3999999999999999,24.9,25.3,25.1,323,11,-0.6644834655228552,0.7473029667054297,0
2019-11-20,0.0,24.8,29.4,20.3,0.0,0.0,0.0,0.0,0.0,0.0,0.0,0.0,0.0,0.0,0.3999999999999999,24.8,25.1,25.1,324,11,-0.6515303615068021,0.75862255966641,0
2019-11-21,0.0,24.5,29.3,19.1,0.0,0.0,0.0,0.0,0.0,0.0,0.0,0.0,0.0,0.0,0.3999999999999999,24.8,25.0,24.5,325,11,-0.6383844591746642,0.769717664006921,0
2019-11-22,0.0,24.3,29.6,20.1,0.0,0.0,0.0,0.0,0.0,0.0,0.0,0.0,0.0,0.0,0.3999999999999999,24.5,25.3,24.3,326,11,-0.6250496486104377,0.7805849965070866,0
2019-11-23,0.3,24.1,29.0,20.4,0.0,0.0,0.0,0.0,0.0,0.0,0.3,0.0,0.0,0.0,0.3999999999999999,24.3,25.1,24.9,327,11,-0.6115298757991053,0.7912213413483807,1
2019-11-24,0.2,23.4,28.5,19.4,0.3,0.0,0.0,0.0,0.0,0.0,0.0,0.2999999999999982,0.30000000000000177,0.3,0.4,24.1,24.8,24.0,328,11,-0.5978291414589552,0.801623551065242,1
2019-11-25,0.3,23.6,28.1,18.5,0.2,0.3,0.0,0.0,0.0,0.0,0.0,0.4999999999999982,0.5000000000000018,0.5,0.6000000000000001,23.4,24.9,24.8,329,11,-0.5839514998576998,0.8117885474764613,1
2019-11-26,0.1,23.3,29.2,18.4,0.3,0.2,0.3,0.0,0.0,0.0,0.1,0.7999999999999983,0.8000000000000018,0.8,0.9,23.6,24.8,25.3,330,11,-0.5699010576127624,0.821713322596059,0
2019-11-27,0.0,24.8,29.9,20.0,0.1,0.3,0.2,0.0,0.0,0.0,0.0,0.5999999999999982,0.9000000000000018,0.9,0.9,23.3,24.8,25.1,331,11,-0.5556819724760489,0.8313949395234058,0
2019-11-28,0.0,23.9,29.3,18.6,0.0,0.1,0.3,0.0,0.0,0.0,0.0,0.39999999999999825,0.9000000000000018,0.9,0.9,24.8,24.5,25.0,332,11,-0.5412984521036173,0.8408305333122887,0
2019-11-29,0.0,24.4,29.6,19.5,0.0,0.0,0.1,0.0,0.0,0.0,0.0,0.09999999999999823,0.9000000000000018,0.9,0.9,23.9,24.3,25.3,333,11,-0.5267547528105542,0.8500173118187018,0
2019-11-30,0.0,24.4,30.2,20.0,0.0,0.0,0.0,0.3,0.0,0.0,0.0,0.0,0.9000000000000018,0.9,0.9,24.4,24.1,25.1,334,11,-0.5120551783114646,0.8589525565270845,0
2019-12-01,0.0,24.7,29.9,19.9,0.0,0.0,0.0,0.2,0.0,0.0,0.0,0.0,0.6000000000000019,0.9,0.9,24.4,23.4,24.8,335,12,-0.4972040784469378,0.8676336233547726,0
2019-12-02,0.0,23.7,29.2,19.1,0.0,0.0,0.0,0.3,0.0,0.0,0.0,0.0,0.4000000000000018,0.9,0.9,24.7,23.6,24.9,336,12,-0.4822058478963526,0.8760579434344281,0
2019-12-03,0.0,23.1,28.5,17.0,0.0,0.0,0.0,0.1,0.0,0.0,0.0,0.0,0.10000000000000178,0.9,0.9,23.7,23.3,24.8,337,12,-0.46706492487743034,0.8842230238742036,0
2019-12-04,0.0,23.0,29.0,17.1,0.0,0.0,0.0,0.0,0.0,0.0,0.0,0.0,0.0,0.9,0.9,23.1,24.8,24.8,338,12,-0.451785789832884,0.8921264484954345,0
2019-12-05,0.0,23.4,29.3,17.5,0.0,0.0,0.0,0.0,0.0,0.0,0.0,0.0,0.0,0.9,0.9,23.0,23.9,24.5,339,12,-0.4363729641045924,0.8997658785476209,0
2019-12-06,0.0,23.8,29.9,18.7,0.0,0.0,0.0,0.0,0.0,0.0,0.0,0.0,0.0,0.9,0.9,23.4,24.4,24.3,340,12,-0.42083100859565564,0.9071390534005044,0
2019-12-07,0.0,24.3,30.1,19.5,0.0,0.0,0.0,0.0,0.3,0.0,0.0,0.0,0.0,0.9,0.9,23.8,24.4,24.1,341,12,-0.4051645224207563,0.9142437912130223,0
2019-12-08,0.0,24.4,30.2,19.9,0.0,0.0,0.0,0.0,0.2,0.0,0.0,0.0,0.0,0.6000000000000001,0.9,24.3,24.7,23.4,342,12,-0.3893781415452015,0.9210779895789526,0
2019-12-09,0.0,24.9,31.0,19.7,0.0,0.0,0.0,0.0,0.3,0.0,0.0,0.0,0.0,0.4,0.9,24.4,23.7,23.6,343,12,-0.37347653741307074,0.9276396261490467,0
2019-12-10,0.0,25.1,30.8,20.0,0.0,0.0,0.0,0.0,0.1,0.0,0.0,0.0,0.0,0.1,0.9,24.9,23.1,23.3,344,12,-0.3574644155648614,0.9339267592294762,0
2019-12-11,0.2,25.5,31.4,21.1,0.0,0.0,0.0,0.0,0.0,0.0,0.0,0.0,0.0,0.0,0.9,25.1,23.0,24.8,345,12,-0.34134651424503615,0.9399375283564133,1
2019-12-12,0.4,24.3,28.0,21.0,0.2,0.0,0.0,0.0,0.0,0.0,0.0,0.19999999999999823,0.2000000000000018,0.2,1.1,25.5,23.4,23.9,346,12,-0.3251276029999093,0.9456701548465688,1
2019-12-13,0.0,25.5,30.9,20.9,0.4,0.2,0.0,0.0,0.0,0.0,0.0,0.5999999999999983,0.6000000000000019,0.6000000000000001,1.5,24.3,23.8,24.4,347,12,-0.30881248126625377,0.9511229423235357,0
2019-12-14,0.0,25.6,30.9,21.7,0.0,0.4,0.2,0.0,0.0,0.3,0.0,0.5999999999999983,0.6000000000000019,0.6000000000000001,1.5,25.5,24.3,24.4,348,12,-0.29240597695107734,0.9562942772197719,0
2019-12-15,0.0,24.8,30.9,19.2,0.0,0.0,0.4,0.0,0.0,0.2,0.0,0.39999999999999825,0.6000000000000019,0.6000000000000001,1.5,25.6,24.4,24.7,349,12,-0.27591294500296043,0.9611826292540837,0
2019-12-16,0.0,23.5,29.3,18.8,0.0,0.0,0.0,0.0,0.0,0.3,0.0,0.0,0.6000000000000019,0.6000000000000001,1.5,24.8,24.9,23.7,350,12,-0.2593382659754056,0.9657865518844574,0
2019-12-17,0.0,23.2,29.1,17.7,0.0,0.0,0.0,0.0,0.0,0.1,0.0,0.0,0.6000000000000019,0.6000000000000001,1.5,23.5,25.1,23.1,351,12,-0.2426868445825954,0.9701046827361175,0
2019-12-18,0.0,23.6,29.7,18.5,0.0,0.0,0.0,0.2,0.0,0.0,0.0,0.0,0.6000000000000019,0.6000000000000001,1.5,23.2,25.5,23.0,352,12,-0.22596360824801906,0.974135744004672,0
2019-12-19,0.0,24.4,30.3,19.0,0.0,0.0,0.0,0.4,0.0,0.0,0.0,0.0,0.4000000000000018,0.6000000000000001,1.5,23.6,24.3,23.4,353,12,-0.20917350564635637,0.9778785428342386,0
2019-12-20,0.0,24.2,29.8,19.4,0.0,0.0,0.0,0.0,0.0,0.0,0.0,0.0,0.0,0.6000000000000001,1.5,24.4,25.5,23.8,354,12,-0.19232150523909483,0.9813319716704275,0
2019-12-21,0.0,23.6,29.1,18.4,0.0,0.0,0.0,0.0,0.0,0.0,0.3,0.0,0.0,0.6000000000000001,1.5,24.2,25.6,24.3,355,12,-0.17541259380427843,0.9844950085880858,0
2019-12-22,0.0,23.0,29.2,17.1,0.0,0.0,0.0,0.0,0.0,0.0,0.2,0.0,0.0,0.6000000000000001,1.2000000000000002,23.6,24.8,24.4,356,12,-0.15845177496083632,0.9873667175937016,0
2019-12-23,0.0,21.8,28.6,16.2,0.0,0.0,0.0,0.0,0.0,0.0,0.3,0.0,0.0,0.6000000000000001,1.0,23.0,23.5,24.9,357,12,-0.14144406768794202,0.9899462489023779,0
2019-12-24,0.0,20.9,28.2,14.2,0.0,0.0,0.0,0.0,0.0,0.0,0.1,0.0,0.0,0.6000000000000001,0.7000000000000001,21.8,23.2,25.1,358,12,-0.12439450483979998,0.9922328391893008,0
2019-12-25,0.0,21.0,27.8,15.0,0.0,0.0,0.0,0.0,0.2,0.0,0.0,0.0,0.0,0.6000000000000001,0.6000000000000001,20.9,23.6,25.5,359,12,-0.10730813165636247,0.9942258118156161,0
2019-12-26,0.0,21.4,28.7,14.9,0.0,0.0,0.0,0.0,0.4,0.0,0.0,0.0,0.0,0.4,0.6000000000000001,21.0,24.4,24.3,360,12,-0.09019000427034513,0.9959245770286599,0
2019-12-27,0.0,21.0,28.4,15.1,0.0,0.0,0.0,0.0,0.0,0.0,0.0,0.0,0.0,0.0,0.6000000000000001,21.4,24.2,25.5,361,12,-0.07304518821104743,0.9973286321364752,0
2019-12-28,0.0,21.0,27.8,14.4,0.0,0.0,0.0,0.0,0.0,0.0,0.0,0.0,0.0,0.0,0.6000000000000001,21.0,23.6,25.6,362,12,-0.05587875690537313,0.9984375616565666,0
2019-12-29,0.0,21.8,29.6,14.9,0.0,0.0,0.0,0.0,0.0,0.0,0.0,0.0,0.0,0.0,0.6000000000000001,21.0,23.0,24.8,363,12,-0.03869579017652689,0.9992510374388481,0
2019-12-30,0.0,23.4,30.9,17.4,0.0,0.0,0.0,0.0,0.0,0.0,0.0,0.0,0.0,0.0,0.6000000000000001,21.8,21.8,23.5,364,12,-0.021501372740813793,0.999768818762748,0
2019-12-31,0.0,24.0,31.2,17.4,0.0,0.0,0.0,0.0,0.0,0.0,0.0,0.0,0.0,0.0,0.6000000000000001,23.4,20.9,23.2,365,12,-0.004300592702981974,0.9999907524084426,0
2020-01-01,0.0,24.8,31.3,18.6,0.0,0.0,0.0,0.0,0.0,0.2,0.0,0.0,0.0,0.0,0.6000000000000001,24.0,21.0,23.6,1,1,0.017201575418260506,0.9998520419557735,0
2020-01-02,0.0,24.7,29.9,19.5,0.0,0.0,0.0,0.0,0.0,0.4,0.0,0.0,0.0,0.0,0.6000000000000001,24.8,21.4,24.4,2,1,0.03439806061360801,0.9994082116062598,0
2020-01-03,0.0,25.2,30.5,20.2,0.0,0.0,0.0,0.0,0.0,0.0,0.0,0.0,0.0,0.0,0.6000000000000001,24.7,21.0,24.2,3,1,0.051584366869408364,0.9986686402879997,0
2020-01-04,0.0,24.8,31.1,19.5,0.0,0.0,0.0,0.0,0.0,0.0,0.0,0.0,0.0,0.0,0.6000000000000001,25.2,21.0,23.6,4,1,0.06875540848113941,0.9976335468520451,0
2020-01-05,0.0,22.0,27.9,17.0,0.0,0.0,0.0,0.0,0.0,0.0,0.0,0.0,0.0,0.0,0.6000000000000001,24.8,21.8,23.0,5,1,0.08590610426133272,0.9963032375991965,0
2020-01-06,0.0,22.3,29.0,16.1,0.0,0.0,0.0,0.0,0.0,0.0,0.0,0.0,0.0,0.0,0.6000000000000001,22.0,23.4,21.8,6,1,0.10303137904317879,0.9946781061893646,0
2020-01-07,0.0,23.4,30.5,16.0,0.0,0.0,0.0,0.0,0.0,0.0,0.0,0.0,0.0,0.0,0.6000000000000001,22.3,24.0,20.9,7,1,0.1201261651823505,0.9927586335250793,0
2020-01-08,0.0,24.1,31.7,17.9,0.0,0.0,0.0,0.0,0.0,0.0,0.2,0.0,0.0,0.0,0.6000000000000001,23.4,24.8,21.0,8,1,0.13718540405660057,0.9905453876091833,0
2020-01-09,0.0,22.4,29.6,15.9,0.0,0.0,0.0,0.0,0.0,0.0,0.4,0.0,0.0,0.0,0.4,24.1,24.7,21.4,9,1,0.1542040475626894,0.988039023376751,0
2020-01-10,0.0,20.3,27.0,14.5,0.0,0.0,0.0,0.0,0.0,0.0,0.0,0.0,0.0,0.0,0.0,22.4,25.2,21.0,10,1,0.17117705961019986,0.985240282501282,0
2020-01-11,0.0,18.5,25.8,12.1,0.0,0.0,0.0,0.0,0.0,0.0,0.0,0.0,0.0,0.0,0.0,20.3,24.8,21.0,11,1,0.18809941761179758,0.9821499931752291,0
2020-01-12,0.0,19.7,27.6,11.5,0.0,0.0,0.0,0.0,0.0,0.0,0.0,0.0,0.0,0.0,0.0,18.5,22.0,21.8,12,1,0.20496611396949532,0.9787690698649216,0
2020-01-13,0.0,20.7,28.8,13.3,0.0,0.0,0.0,0.0,0.0,0.0,0.0,0.0,0.0,0.0,0.0,19.7,22.3,23.4,13,1,0.22177215755648186,0.975098513039961,0
2020-01-14,0.0,22.2,29.9,14.0,0.0,0.0,0.0,0.0,0.0,0.0,0.0,0.0,0.0,0.0,0.0,20.7,23.4,24.0,14,1,0.23851257519407648,0.9711394088771653,0
2020-01-15,0.0,24.8,32.2,19.4,0.0,0.0,0.0,0.0,0.0,0.0,0.0,0.0,0.0,0.0,0.0,22.2,24.1,24.8,15,1,0.2551824131233728,0.9668929289391521,0
2020-01-16,0.0,25.4,32.0,19.3,0.0,0.0,0.0,0.0,0.0,0.0,0.0,0.0,0.0,0.0,0.0,24.8,22.4,24.7,16,1,0.2717767384711357,0.9623603298276545,0
2020-01-17,0.0,24.3,31.5,18.0,0.0,0.0,0.0,0.0,0.0,0.0,0.0,0.0,0.0,0.0,0.0,25.4,20.3,25.2,17,1,0.2882906407095177,0.9575429528116719,0
2020-01-18,0.0,23.1,30.6,15.6,0.0,0.0,0.0,0.0,0.0,0.0,0.0,0.0,0.0,0.0,0.0,24.3,18.5,24.8,18,1,0.3047192331091634,0.9524422234305676,0
2020-01-19,0.0,22.5,29.9,15.7,0.0,0.0,0.0,0.0,0.0,0.0,0.0,0.0,0.0,0.0,0.0,23.1,19.7,22.0,19,1,0.321057654185271,0.9470596510722283,0
2020-01-20,0.0,22.3,30.0,15.4,0.0,0.0,0.0,0.0,0.0,0.0,0.0,0.0,0.0,0.0,0.0,22.5,20.7,22.3,20,1,0.3373010691361842,0.9413968285264122,0
2020-01-21,0.0,21.0,28.8,14.5,0.0,0.0,0.0,0.0,0.0,0.0,0.0,0.0,0.0,0.0,0.0,22.3,22.2,23.4,21,1,0.3534446712740877,0.9354554315134164,0
2020-01-22,0.0,20.0,27.6,13.0,0.0,0.0,0.0,0.0,0.0,0.0,0.0,0.0,0.0,0.0,0.0,21.0,24.8,24.1,22,1,0.3694836834473831,0.9292372181882051,0
2020-01-23,0.0,19.4,26.4,12.4,0.0,0.0,0.0,0.0,0.0,0.0,0.0,0.0,0.0,0.0,0.0,20.0,25.4,22.4,23,1,0.38541335945432564,0.9227440286201427,0
2020-01-24,0.0,20.2,27.7,12.9,0.0,0.0,0.0,0.0,0.0,0.0,0.0,0.0,0.0,0.0,0.0,19.4,24.3,20.3,24,1,0.4012289854475009,0.9159777842484877,0
2020-01-25,0.0,20.0,28.4,13.0,0.0,0.0,0.0,0.0,0.0,0.0,0.0,0.0,0.0,0.0,0.0,20.2,23.1,18.5,25,1,0.4169258813287287,0.908940487313808,0
2020-01-26,0.0,20.8,28.8,13.6,0.0,0.0,0.0,0.0,0.0,0.0,0.0,0.0,0.0,0.0,0.0,20.0,22.5,19.7,26,1,0.4324994021339788,0.901634220265486,0
2020-01-27,0.0,22.6,30.5,14.6,0.0,0.0,0.0,0.0,0.0,0.0,0.0,0.0,0.0,0.0,0.0,20.8,22.3,20.7,27,1,0.44794493940789115,0.8940611451454876,0
2020-01-28,0.0,22.5,30.0,15.1,0.0,0.0,0.0,0.0,0.0,0.0,0.0,0.0,0.0,0.0,0.0,22.6,21.0,22.2,28,1,0.4632579225674917,0.88622350294858,0
2020-01-29,0.0,22.1,29.5,14.5,0.0,0.0,0.0,0.0,0.0,0.0,0.0,0.0,0.0,0.0,0.0,22.5,20.0,24.8,29,1,0.4784338202547012,0.8781236129591848,0
2020-01-30,0.0,23.0,30.6,16.2,0.0,0.0,0.0,0.0,0.0,0.0,0.0,0.0,0.0,0.0,0.0,22.1,19.4,25.4,30,1,0.49346814167723735,0.8697638720650646,0
2020-01-31,0.0,22.6,28.9,15.8,0.0,0.0,0.0,0.0,0.0,0.0,0.0,0.0,0.0,0.0,0.0,23.0,20.2,24.3,31,1,0.5083564379375122,0.8611467540480452,0
2020-02-01,0.0,22.8,29.9,16.0,0.0,0.0,0.0,0.0,0.0,0.0,0.0,0.0,0.0,0.0,0.0,22.6,20.0,23.1,32,2,0.5230943033491326,0.8522748088519838,0
2020-02-02,0.0,22.8,29.9,16.1,0.0,0.0,0.0,0.0,0.0,0.0,0.0,0.0,0.0,0.0,0.0,22.8,20.8,22.5,33,2,0.5376773767406141,0.8431506618282,0
2020-02-03,0.0,23.4,30.8,16.7,0.0,0.0,0.0,0.0,0.0,0.0,0.0,0.0,0.0,0.0,0.0,22.8,22.6,22.3,34,2,0.5521013427459208,0.8337770129585915,0
2020-02-04,0.0,23.4,30.8,16.6,0.0,0.0,0.0,0.0,0.0,0.0,0.0,0.0,0.0,0.0,0.0,23.4,22.5,21.0,35,2,0.5663619330814524,0.8241566360566663,0
2020-02-05,0.0,23.5,30.8,16.8,0.0,0.0,0.0,0.0,0.0,0.0,0.0,0.0,0.0,0.0,0.0,23.4,22.1,20.0,36,2,0.580454927809098,0.8142923779467267,0
2020-02-06,0.0,25.0,31.2,18.3,0.0,0.0,0.0,0.0,0.0,0.0,0.0,0.0,0.0,0.0,0.0,23.5,23.0,19.4,37,2,0.5943761565849831,0.804187157621448,0
2020-02-07,0.0,25.9,32.3,19.6,0.0,0.0,0.0,0.0,0.0,0.0,0.0,0.0,0.0,0.0,0.0,25.0,22.6,20.2,38,2,0.6081214998935418,0.7938439653781019,0
2020-02-08,0.0,26.2,34.2,19.8,0.0,0.0,0.0,0.0,0.0,0.0,0.0,0.0,0.0,0.0,0.0,25.9,22.8,20.0,39,2,0.6216868902665479,0.7832658619336791,0
2020-02-09,0.0,26.2,33.9,19.3,0.0,0.0,0.0,0.0,0.0,0.0,0.0,0.0,0.0,0.0,0.0,26.2,22.8,20.8,40,2,0.6350683134867438,0.7724559775191742,0
2020-02-10,0.0,24.0,31.9,16.4,0.0,0.0,0.0,0.0,0.0,0.0,0.0,0.0,0.0,0.0,0.0,26.2,23.4,22.6,41,2,0.6482618097757122,0.7614175109532997,0
2020-02-11,0.0,20.3,28.2,14.2,0.0,0.0,0.0,0.0,0.0,0.0,0.0,0.0,0.0,0.0,0.0,24.0,23.4,22.5,42,2,0.6612634749656386,0.7501537286959042,0
2020-02-12,0.0,22.6,30.3,15.5,0.0,0.0,0.0,0.0,0.0,0.0,0.0,0.0,0.0,0.0,0.0,20.3,23.5,22.1,43,2,0.6740694616546161,0.7386679638813748,0
2020-02-13,0.0,24.2,31.6,17.4,0.0,0.0,0.0,0.0,0.0,0.0,0.0,0.0,0.0,0.0,0.0,22.6,25.0,23.0,44,2,0.6866759803451553,0.726963615332308,0
2020-02-14,0.0,25.9,32.3,19.5,0.0,0.0,0.0,0.0,0.0,0.0,0.0,0.0,0.0,0.0,0.0,24.2,25.9,22.6,45,2,0.6990793005655562,0.7150441465537444,0
2020-02-15,0.0,27.0,33.4,21.5,0.0,0.0,0.0,0.0,0.0,0.0,0.0,0.0,0.0,0.0,0.0,25.9,26.2,22.8,46,2,0.7112757519738152,0.7029130847082615,0
2020-02-16,0.0,26.9,33.0,20.5,0.0,0.0,0.0,0.0,0.0,0.0,0.0,0.0,0.0,0.0,0.0,27.0,26.2,22.8,47,2,0.7232617254437388,0.6905740195722294,0
2020-02-17,0.0,27.2,33.9,19.7,0.0,0.0,0.0,0.0,0.0,0.0,0.0,0.0,0.0,0.0,0.0,26.9,24.0,23.4,48,2,0.7350336741329412,0.6780306024735382,0
2020-02-18,0.0,27.1,33.7,21.0,0.0,0.0,0.0,0.0,0.0,0.0,0.0,0.0,0.0,0.0,0.0,27.2,20.3,23.4,49,2,0.746588114532413,0.6652865452111116,0
2020-02-19,0.0,25.8,32.3,19.7,0.0,0.0,0.0,0.0,0.0,0.0,0.0,0.0,0.0,0.0,0.0,27.1,22.6,23.5,50,2,0.7579216274973472,0.6523456189565257,0
2020-02-20,0.0,24.5,31.5,18.5,0.0,0.0,0.0,0.0,0.0,0.0,0.0,0.0,0.0,0.0,0.0,25.8,24.2,25.0,51,2,0.7690308592589181,0.6392116531380588,0
2020-02-21,0.0,25.3,33.0,17.5,0.0,0.0,0.0,0.0,0.0,0.0,0.0,0.0,0.0,0.0,0.0,24.5,25.9,25.9,52,2,0.7799125224167177,0.6258885343075018,0
2020-02-22,0.0,26.1,34.9,18.5,0.0,0.0,0.0,0.0,0.0,0.0,0.0,0.0,0.0,0.0,0.0,25.3,27.0,26.2,53,2,0.7905633969115482,0.612380204990065,0
2020-02-23,0.0,26.7,34.6,20.0,0.0,0.0,0.0,0.0,0.0,0.0,0.0,0.0,0.0,0.0,0.0,26.1,26.9,26.2,54,2,0.8009803309782905,0.5986906625177214,0
2020-02-24,0.0,25.8,33.4,20.4,0.0,0.0,0.0,0.0,0.0,0.0,0.0,0.0,0.0,0.0,0.0,26.7,27.2,24.0,55,2,0.8111602420785621,0.5848239578463322,0
2020-02-25,0.3,23.3,29.5,18.3,0.0,0.0,0.0,0.0,0.0,0.0,0.0,0.0,0.0,0.0,0.0,25.8,27.1,20.3,56,2,0.8211001178128892,0.5707841943569036,1
2020-02-26,0.0,25.6,32.2,19.0,0.3,0.0,0.0,0.0,0.0,0.0,0.0,0.2999999999999982,0.30000000000000177,0.3,0.3,23.3,25.8,22.6,57,2,0.8307970168121247,0.5565755266413303,0
2020-02-27,0.0,26.3,34.4,18.0,0.0,0.3,0.0,0.0,0.0,0.0,0.0,0.2999999999999982,0.30000000000000177,0.3,0.3,25.6,24.5,24.2,58,2,0.8402480696078469,0.5422021592729844,0
2020-02-28,0.0,26.7,33.9,20.1,0.0,0.0,0.3,0.0,0.0,0.0,0.0,0.2999999999999982,0.30000000000000177,0.3,0.3,26.3,25.3,25.9,59,2,0.8494504794814806,0.527668345562516,0
2020-02-29,0.0,25.8,32.7,18.7,0.0,0.0,0.0,0.0,0.0,0.0,0.0,0.0,0.30000000000000177,0.3,0.3,26.7,26.1,27.0,60,2,0.8584015232918917,0.512978386299228,0
2020-03-01,0.0,26.1,33.7,18.7,0.0,0.0,0.0,0.0,0.0,0.0,0.0,0.0,0.30000000000000177,0.3,0.3,25.8,26.7,26.9,61,3,0.8670985522812081,0.4981366284784055,0
2020-03-02,0.0,26.5,34.5,18.6,0.0,0.0,0.0,0.0,0.0,0.0,0.0,0.0,0.30000000000000177,0.3,0.3,26.1,25.8,27.2,62,3,0.8755389928586302,0.4831474640149687,0
2020-03-03,0.0,26.0,33.9,18.4,0.0,0.0,0.0,0.3,0.0,0.0,0.0,0.0,0.30000000000000177,0.3,0.3,26.5,23.3,27.1,63,3,0.8837203473619977,0.4680153284438345,0
2020-03-04,0.0,26.1,34.2,18.3,0.0,0.0,0.0,0.0,0.0,0.0,0.0,0.0,0.0,0.3,0.3,26.0,25.6,25.8,64,3,0.8916401947968874,0.45274469960737107,0
2020-03-05,0.0,26.4,34.0,18.5,0.0,0.0,0.0,0.0,0.0,0.0,0.0,0.0,0.0,0.3,0.3,26.1,26.3,24.5,65,3,0.8992961915530253,0.4373400963303323,0
2020-03-06,0.0,27.2,34.4,20.3,0.0,0.0,0.0,0.0,0.0,0.0,0.0,0.0,0.0,0.3,0.3,26.4,26.7,25.3,66,3,0.9066860720977985,0.4218060770826634,0
2020-03-07,0.0,28.0,34.8,21.7,0.0,0.0,0.0,0.0,0.0,0.0,0.0,0.0,0.0,0.3,0.3,27.2,25.8,26.1,67,3,0.9138076496466615,0.40614723863057883,0
2020-03-08,0.0,27.1,34.9,19.8,0.0,0.0,0.0,0.0,0.0,0.0,0.0,0.0,0.0,0.3,0.3,28.0,26.1,26.7,68,3,0.9206588168102428,0.3903682146763026,0
2020-03-09,0.0,27.2,35.3,20.3,0.0,0.0,0.0,0.0,0.0,0.0,0.0,0.0,0.0,0.3,0.3,27.1,26.5,25.8,69,3,0.9272375462179537,0.374473674486883,0
2020-03-10,0.0,27.2,34.8,19.7,0.0,0.0,0.0,0.0,0.3,0.0,0.0,0.0,0.0,0.3,0.3,27.2,26.0,23.3,70,3,0.9335418911179212,0.35846832151248087,0
2020-03-11,0.0,28.3,35.2,22.6,0.0,0.0,0.0,0.0,0.0,0.0,0.0,0.0,0.0,0.0,0.3,27.2,26.1,25.6,71,3,0.9395699859530622,0.342356891994542,0
2020-03-12,0.0,29.4,35.8,23.2,0.0,0.0,0.0,0.0,0.0,0.0,0.0,0.0,0.0,0.0,0.3,28.3,26.4,26.3,72,3,0.945320046913132,0.3261441535642696,0
2020-03-13,0.0,26.7,33.4,20.3,0.0,0.0,0.0,0.0,0.0,0.0,0.0,0.0,0.0,0.0,0.3,29.4,27.2,26.7,73,3,0.9507903724625832,0.3098349038318025,0
2020-03-14,0.0,25.0,31.8,18.7,0.0,0.0,0.0,0.0,0.0,0.0,0.0,0.0,0.0,0.0,0.3,26.7,28.0,25.8,74,3,0.9559793438440766,0.2934339689665273,0
2020-03-15,0.0,25.2,32.6,18.1,0.0,0.0,0.0,0.0,0.0,0.0,0.0,0.0,0.0,0.0,0.3,25.0,27.1,26.1,75,3,0.9608854255574977,0.27694620226893646,0
2020-03-16,0.0,25.8,32.7,19.5,0.0,0.0,0.0,0.0,0.0,0.0,0.0,0.0,0.0,0.0,0.3,25.2,27.2,26.5,76,3,0.9655071658143364,0.2603764827344581,0
2020-03-17,0.0,27.0,33.6,19.5,0.0,0.0,0.0,0.0,0.0,0.3,0.0,0.0,0.0,0.0,0.3,25.8,27.2,26.0,77,3,0.969843196967294,0.24372971360968387,0
2020-03-18,0.0,26.5,33.3,19.7,0.0,0.0,0.0,0.0,0.0,0.0,0.0,0.0,0.0,0.0,0.3,27.0,28.3,26.1,78,3,0.9738922359149924,0.22701082094141847,0
2020-03-19,0.0,26.3,33.3,19.1,0.0,0.0,0.0,0.0,0.0,0.0,0.0,0.0,0.0,0.0,0.3,26.5,29.4,26.4,79,3,0.9776530844816641,0.2102247521189836,0
2020-03-20,0.0,26.8,33.4,19.8,0.0,0.0,0.0,0.0,0.0,0.0,0.0,0.0,0.0,0.0,0.3,26.3,26.7,27.2,80,3,0.981124629771712,0.19337647441020586,0
2020-03-21,0.0,26.6,33.5,20.5,0.0,0.0,0.0,0.0,0.0,0.0,0.0,0.0,0.0,0.0,0.3,26.8,25.0,28.0,81,3,0.984305844499033,0.17647097349152166,0
2020-03-22,0.0,26.0,33.4,18.3,0.0,0.0,0.0,0.0,0.0,0.0,0.0,0.0,0.0,0.0,0.3,26.6,25.2,27.1,82,3,0.9871957872910085,0.15951325197263655,0
2020-03-23,0.0,25.4,33.0,17.4,0.0,0.0,0.0,0.0,0.0,0.0,0.0,0.0,0.0,0.0,0.3,26.0,25.8,27.2,83,3,0.9897936029670716,0.14250832791617088,0
2020-03-24,0.0,25.0,33.0,17.2,0.0,0.0,0.0,0.0,0.0,0.0,0.3,0.0,0.0,0.0,0.3,25.4,27.0,27.2,84,3,0.992098522791769,0.12546123335273648,0
2020-03-25,0.0,25.8,33.2,16.9,0.0,0.0,0.0,0.0,0.0,0.0,0.0,0.0,0.0,0.0,0.0,25.0,26.5,28.3,85,3,0.9941098647022418,0.10837701279187609,0
2020-03-26,0.0,27.6,34.7,21.7,0.0,0.0,0.0,0.0,0.0,0.0,0.0,0.0,0.0,0.0,0.0,25.8,26.3,29.4,86,3,0.9958270335100595,0.09126072172931188,0
2020-03-27,0.0,28.7,35.4,22.8,0.0,0.0,0.0,0.0,0.0,0.0,0.0,0.0,0.0,0.0,0.0,27.6,26.8,26.7,87,3,0.9972495210773451,0.07411742515094437,0
2020-03-28,0.0,29.7,36.3,24.0,0.0,0.0,0.0,0.0,0.0,0.0,0.0,0.0,0.0,0.0,0.0,28.7,26.6,25.0,88,3,0.998376906467142,0.056952196034039754,0
2020-03-29,0.0,29.0,35.6,22.5,0.0,0.0,0.0,0.0,0.0,0.0,0.0,0.0,0.0,0.0,0.0,29.7,26.0,25.2,89,3,0.9992088560679753,0.03977011384605572,0
2020-03-30,0.0,28.0,35.4,20.1,0.0,0.0,0.0,0.0,0.0,0.0,0.0,0.0,0.0,0.0,0.0,29.0,25.4,25.8,90,3,0.9997451236925734,0.022576263041545485,0
2020-03-31,0.0,29.1,37.5,20.4,0.0,0.0,0.0,0.0,0.0,0.0,0.0,0.0,0.0,0.0,0.0,28.0,25.0,27.0,91,3,0.9999855506507186,0.005375731557583884,0
2020-04-01,0.0,30.4,37.8,24.0,0.0,0.0,0.0,0.0,0.0,0.0,0.0,0.0,0.0,0.0,0.0,29.1,25.8,26.5,92,4,0.9999300657962057,-0.011826390691832589,0
2020-04-02,0.0,30.2,36.3,25.0,0.0,0.0,0.0,0.0,0.0,0.0,0.0,0.0,0.0,0.0,0.0,30.4,27.6,26.3,93,4,0.9995786855478958,-0.029025013321975237,0
2020-04-03,0.0,29.7,35.3,24.5,0.0,0.0,0.0,0.0,0.0,0.0,0.0,0.0,0.0,0.0,0.0,30.2,28.7,26.8,94,4,0.9989315138848577,-0.046215046983708354,0
2020-04-04,0.0,29.8,34.9,24.0,0.0,0.0,0.0,0.0,0.0,0.0,0.0,0.0,0.0,0.0,0.0,29.7,29.7,26.6,95,4,0.9979887423155984,-0.06339140486951038,0
2020-04-05,0.0,30.0,35.9,25.5,0.0,0.0,0.0,0.0,0.0,0.0,0.0,0.0,0.0,0.0,0.0,29.8,29.0,26.0,96,4,0.9967506498213929,-0.08054900421874167,0
2020-04-06,0.0,30.2,36.5,24.9,0.0,0.0,0.0,0.0,0.0,0.0,0.0,0.0,0.0,0.0,0.0,30.0,28.0,25.4,97,4,0.9952176027737294,-0.09768276782171598,0
2020-04-07,0.0,30.6,36.6,25.4,0.0,0.0,0.0,0.0,0.0,0.0,0.0,0.0,0.0,0.0,0.0,30.2,29.1,25.0,98,4,0.9933900548258936,-0.11478762552212701,0
2020-04-08,0.0,31.1,36.4,26.0,0.0,0.0,0.0,0.0,0.0,0.0,0.0,0.0,0.0,0.0,0.0,30.6,30.4,25.8,99,4,0.9912685467787256,-0.13185851571739118,0
2020-04-09,0.0,30.6,36.8,26.0,0.0,0.0,0.0,0.0,0.0,0.0,0.0,0.0,0.0,0.0,0.0,31.1,30.2,27.6,100,4,0.9888537064205885,-0.1488903868564548,0
2020-04-10,0.0,29.4,34.4,23.8,0.0,0.0,0.0,0.0,0.0,0.0,0.0,0.0,0.0,0.0,0.0,30.6,29.7,28.7,101,4,0.986146248341595,-0.16587819893463143,0
2020-04-11,0.0,27.6,33.6,22.7,0.0,0.0,0.0,0.0,0.0,0.0,0.0,0.0,0.0,0.0,0.0,29.4,29.8,29.7,102,4,0.9831469737221499,-0.1828169249850199,0
2020-04-12,0.3,27.0,34.3,22.9,0.0,0.0,0.0,0.0,0.0,0.0,0.0,0.0,0.0,0.0,0.0,27.6,30.0,29.0,103,4,0.9798567700958665,-0.1997015525660636,1
2020-04-13,0.0,27.3,33.9,21.6,0.3,0.0,0.0,0.0,0.0,0.0,0.0,0.2999999999999982,0.30000000000000177,0.3,0.3,27.0,30.2,28.0,104,4,0.9762766110869321,-0.21652708524481437,0
2020-04-14,0.0,27.3,33.5,21.0,0.0,0.3,0.0,0.0,0.0,0.0,0.0,0.2999999999999982,0.30000000000000177,0.3,0.3,27.3,30.6,29.1,105,4,0.9724075561219968,-0.23328854407545518,0
2020-04-15,0.0,27.6,34.0,21.6,0.0,0.0,0.3,0.0,0.0,0.0,0.0,0.2999999999999982,0.30000000000000177,0.3,0.3,27.3,31.1,30.4,106,4,0.9682507501166718,-0.2499809690726521,0
2020-04-16,0.0,27.1,34.4,19.5,0.0,0.0,0.0,0.0,0.0,0.0,0.0,0.0,0.30000000000000177,0.3,0.3,27.6,30.6,30.2,107,4,0.9638074231367307,-0.26659942067929354,0
2020-04-17,0.0,27.8,34.8,19.3,0.0,0.0,0.0,0.0,0.0,0.0,0.0,0.0,0.30000000000000177,0.3,0.3,27.1,29.4,29.7,108,4,0.9590788900341131,-0.28313898122818354,0
2020-04-18,0.0,28.5,35.0,21.0,0.0,0.0,0.0,0.0,0.0,0.0,0.0,0.0,0.30000000000000177,0.3,0.3,27.8,27.6,29.8,109,4,0.9540665500578387,-0.2995947563972602,0
2020-04-19,0.0,28.4,33.5,23.7,0.0,0.0,0.0,0.3,0.0,0.0,0.0,0.0,0.30000000000000177,0.3,0.3,28.5,27.0,30.0,110,4,0.9487718864399473,-0.31596187665790293,0
2020-04-20,0.0,26.7,31.6,20.0,0.0,0.0,0.0,0.0,0.0,0.0,0.0,0.0,0.0,0.3,0.3,28.4,27.3,30.2,111,4,0.9431964659565866,-0.33223549871590435,0
2020-04-21,0.0,25.6,31.8,18.0,0.0,0.0,0.0,0.0,0.0,0.0,0.0,0.0,0.0,0.3,0.3,26.7,27.3,30.6,112,4,0.9373419384643772,-0.3484108069446808,0
2020-04-22,0.0,26.8,33.6,19.7,0.0,0.0,0.0,0.0,0.0,0.0,0.0,0.0,0.0,0.3,0.3,25.6,27.6,31.1,113,4,0.9312100364121947,-0.3644830148102912,0
2020-04-23,0.0,28.3,34.4,22.1,0.0,0.0,0.0,0.0,0.0,0.0,0.0,0.0,0.0,0.3,0.3,26.8,27.1,30.6,114,4,0.9248025743285089,-0.38044736628785164,0
2020-04-24,0.0,28.7,33.6,24.1,0.0,0.0,0.0,0.0,0.0,0.0,0.0,0.0,0.0,0.3,0.3,28.3,27.8,29.4,115,4,0.9181214482844365,-0.39629913726891813,0
2020-04-25,0.0,29.3,34.8,23.4,0.0,0.0,0.0,0.0,0.0,0.0,0.0,0.0,0.0,0.3,0.3,28.7,28.5,27.6,116,4,0.9111686353326631,-0.41203363695942635,0
2020-04-26,0.0,30.0,35.1,24.9,0.0,0.0,0.0,0.0,0.3,0.0,0.0,0.0,0.0,0.3,0.3,29.3,28.4,27.0,117,4,0.9039461929224011,-0.42764620926777464,0
2020-04-27,0.0,29.8,34.9,25.5,0.0,0.0,0.0,0.0,0.0,0.0,0.0,0.0,0.0,0.0,0.3,30.0,26.7,27.3,118,4,0.8964562582905575,-0.44313223418263453,0
2020-04-28,0.0,28.1,32.7,24.4,0.0,0.0,0.0,0.0,0.0,0.0,0.0,0.0,0.0,0.0,0.3,29.8,25.6,27.3,119,4,0.8887010478292915,-0.45848712914008766,0
2020-04-29,0.0,29.2,35.5,23.7,0.0,0.0,0.0,0.0,0.0,0.0,0.0,0.0,0.0,0.0,0.3,28.1,26.8,27.6,120,4,0.8806828564301475,-0.47370635037968,0
2020-04-30,0.0,29.3,35.3,23.9,0.0,0.0,0.0,0.0,0.0,0.0,0.0,0.0,0.0,0.0,0.3,29.2,28.3,27.1,121,4,0.8724040568049612,-0.48878539428899265,0
2020-05-01,0.0,28.5,34.6,20.5,0.0,0.0,0.0,0.0,0.0,0.0,0.0,0.0,0.0,0.0,0.3,29.3,28.7,27.8,122,5,0.8638670987837349,-0.503719798736334,0
2020-05-02,0.0,28.6,34.5,22.8,0.0,0.0,0.0,0.0,0.0,0.0,0.0,0.0,0.0,0.0,0.3,28.5,29.3,28.5,123,5,0.8550745085896932,-0.518505144391157,0
2020-05-03,0.0,29.1,35.2,22.4,0.0,0.0,0.0,0.0,0.0,0.3,0.0,0.0,0.0,0.0,0.3,28.6,30.0,28.4,124,5,0.8460288880917339,-0.533137056031809,0
2020-05-04,0.0,30.2,35.2,24.0,0.0,0.0,0.0,0.0,0.0,0.0,0.0,0.0,0.0,0.0,0.3,29.1,29.8,26.7,125,5,0.8367329140344921,-0.5476112038402312,0
2020-05-05,0.0,31.1,37.1,25.0,0.0,0.0,0.0,0.0,0.0,0.0,0.0,0.0,0.0,0.0,0.3,30.2,28.1,25.6,126,5,0.8271893372462497,-0.5619233046832195,0
2020-05-06,1.2,29.2,34.4,25.6,0.0,0.0,0.0,0.0,0.0,0.0,0.0,0.0,0.0,0.0,0.3,31.1,29.2,26.8,127,5,0.8174009818249189,-0.5760691233798758,1
2020-05-07,0.0,28.5,34.4,25.3,1.2,0.0,0.0,0.0,0.0,0.0,0.0,1.1999999999999982,1.2000000000000017,1.2,1.5,29.2,29.3,28.3,128,5,0.8073707443023492,-0.5900444739548627,0
2020-05-08,3.8,26.6,34.2,21.6,0.0,1.2,0.0,0.0,0.0,0.0,0.0,1.1999999999999982,1.2000000000000017,1.2,1.5,28.5,28.5,28.7,129,5,0.7971015927871943,-0.6038452208771035,1
2020-05-09,0.0,27.6,34.0,21.0,3.8,0.0,1.2,0.0,0.0,0.0,0.0,4.999999999999998,5.000000000000002,5.0,5.3,26.6,28.6,29.3,130,5,0.7865965660866021,-0.6174672802835514,0
2020-05-10,0.0,29.6,35.9,24.0,0.0,3.8,0.0,0.0,0.0,0.0,0.3,3.799999999999998,5.000000000000002,5.0,5.3,27.6,29.1,30.0,131,5,0.7758587728069828,-0.6309066211876704,0
2020-05-11,0.0,30.3,36.2,25.7,0.0,0.0,3.8,0.0,0.0,0.0,0.0,3.799999999999998,5.000000000000002,5.0,5.0,29.6,30.2,29.8,132,5,0.7648913904341226,-0.6441592666722685,0
2020-05-12,0.0,30.9,37.1,25.7,0.0,0.0,0.0,0.0,0.0,0.0,0.0,0.0,5.000000000000002,5.0,5.0,30.3,31.1,28.1,133,5,0.753697664392914,-0.6572212950663319,0
2020-05-13,0.0,31.6,37.4,26.5,0.0,0.0,0.0,1.2,0.0,0.0,0.0,0.0,5.000000000000002,5.0,5.0,30.9,29.2,29.2,134,5,0.742280907086982,-0.6700888411055113,0
2020-05-14,0.0,31.0,35.8,26.5,0.0,0.0,0.0,0.0,0.0,0.0,0.0,0.0,3.8000000000000016,5.0,5.0,31.6,28.5,29.3,135,5,0.7306444969184916,-0.6827580970759147,0
2020-05-15,0.0,29.3,34.8,24.4,0.0,0.0,0.0,3.8,0.0,0.0,0.0,0.0,3.8000000000000016,5.0,5.0,31.0,26.6,28.5,136,5,0.7187918772884232,-0.6952253139408722,0
2020-05-16,3.4,24.7,30.8,19.8,0.0,0.0,0.0,0.0,0.0,0.0,0.0,0.0,0.0,5.0,5.0,29.3,27.6,28.6,137,5,0.7067265555776158,-0.7074868024503348,1
2020-05-17,0.6,26.5,32.9,21.8,3.4,0.0,0.0,0.0,0.0,0.0,0.0,3.399999999999998,3.4000000000000017,8.4,8.4,24.7,29.6,29.1,138,5,0.6944521021088763,-0.719538934232584,1
2020-05-18,7.5,21.4,24.6,19.5,0.6,3.4,0.0,0.0,0.0,0.0,0.0,3.9999999999999982,4.000000000000002,9.0,9.0,26.5,30.3,30.2,139,5,0.6819721490904629,-0.7313781428679254,1
2020-05-19,3.9,22.2,26.5,18.7,7.5,0.6,3.4,0.0,0.0,0.0,0.0,11.499999999999998,11.500000000000002,16.5,16.5,21.4,30.9,31.1,140,5,0.6692903895412567,-0.7430009249440493,1
2020-05-20,0.6,23.1,29.2,18.5,3.9,7.5,0.6,0.0,1.2,0.0,0.0,11.999999999999998,15.400000000000002,20.4,20.4,22.2,31.6,29.2,141,5,0.6564105761979381,-0.7544038410927472,1
2020-05-21,2.8,22.6,27.8,19.2,0.6,3.9,7.5,0.0,0.0,0.0,0.0,11.999999999999998,16.0,19.8,21.0,23.1,31.0,28.5,142,5,0.6433365204044917,-0.765583517007675,1
2020-05-22,1.3,23.9,28.2,19.1,2.8,0.6,3.9,0.0,3.8,0.0,0.0,7.299999999999998,18.8,22.6,23.8,22.6,29.3,26.6,143,5,0.6300720909843687,-0.7765366444428655,1
2020-05-23,0.0,23.2,28.1,19.7,1.3,2.8,0.6,3.4,0.0,0.0,0.0,4.699999999999998,20.1,20.1,25.1,23.9,24.7,27.6,144,5,0.6166212130956382,-0.7872599821916922,0
2020-05-24,0.0,25.3,31.6,19.6,0.0,1.3,2.8,0.6,0.0,0.0,0.0,4.099999999999999,16.700000000000003,20.1,25.1,23.2,26.5,29.6,145,5,0.6029878670694714,-0.7977503570459932,0
2020-05-25,0.0,26.9,31.4,21.3,0.0,0.0,1.3,7.5,0.0,0.0,0.0,1.2999999999999983,16.1,20.1,25.1,25.3,21.4,30.3,146,5,0.5891760872322963,-0.8080046647350754,0
2020-05-26,0.0,26.6,31.2,21.7,0.0,0.0,0.0,3.9,0.0,0.0,0.0,0.0,8.600000000000001,20.1,25.1,26.9,22.2,30.9,147,5,0.5751899607119775,-0.8180198708443175,0
2020-05-27,0.0,27.0,32.0,21.2,0.0,0.0,0.0,0.6,0.0,1.2,0.0,0.0,4.700000000000001,20.1,25.1,26.6,23.1,31.6,148,5,0.5610336262283677,-0.8277930117131022,0
2020-05-28,0.0,27.9,31.8,22.4,0.0,0.0,0.0,2.8,0.0,0.0,0.0,0.0,4.100000000000001,20.1,25.1,27.0,22.6,31.0,149,5,0.5467112728685939,-0.8373211953118121,0
2020-05-29,0.0,29.1,33.6,22.3,0.0,0.0,0.0,1.3,0.0,3.8,0.0,0.0,1.3000000000000018,20.1,25.1,27.9,23.9,29.3,150,5,0.5322271388474397,-0.8466016020976267,0
2020-05-30,0.0,29.0,34.9,21.7,0.0,0.0,0.0,0.0,3.4,0.0,0.0,0.0,0.0,20.1,25.1,29.1,23.2,24.7,151,5,0.5175855102531889,-0.8556314858488706,0
2020-05-31,0.0,28.1,33.6,22.5,0.0,0.0,0.0,0.0,0.6,0.0,0.0,0.0,0.0,16.700000000000003,25.1,29.0,25.3,26.5,152,5,0.5027907197793043,-0.8644081744776648,0
2020-06-01,0.1,27.0,33.0,23.2,0.0,0.0,0.0,0.0,7.5,0.0,0.0,0.0,0.0,16.1,25.1,28.1,26.9,21.4,153,6,0.4878471454423119,-0.8729290708206411,0
2020-06-02,0.0,28.5,33.6,23.2,0.1,0.0,0.0,0.0,3.9,0.0,0.0,0.09999999999999823,0.10000000000000178,8.7,25.2,27.0,26.6,22.2,154,6,0.47275920928627757,-0.881191653407483,0
2020-06-03,0.0,27.0,33.0,22.3,0.0,0.1,0.0,0.0,0.6,0.0,1.2,0.09999999999999823,0.10000000000000178,4.8,25.2,28.5,27.0,23.1,155,6,0.4575313760742512,-0.8891934772070711,0
2020-06-04,0.3,26.1,31.7,21.9,0.0,0.0,0.1,0.0,2.8,0.0,0.0,0.09999999999999823,0.10000000000000178,4.2,24.0,27.0,27.9,22.6,156,6,0.44216815196707204,-0.8969321743510065,1
2020-06-05,2.6,23.9,31.4,20.3,0.3,0.0,0.0,0.0,1.3,0.0,3.8,0.2999999999999982,0.4000000000000018,1.7000000000000002,24.3,26.1,29.1,23.9,157,6,0.42667408318992467,-0.9044054548343001,1
2020-06-06,0.0,26.4,31.1,19.9,2.6,0.3,0.0,0.0,0.0,3.4,0.0,2.899999999999998,3.0000000000000018,3.0,23.1,23.9,29.0,23.2,158,6,0.4110537546870351,-0.9116111071930239,0
2020-06-07,0.0,27.8,33.1,22.1,0.0,2.6,0.3,0.0,0.0,0.6,0.0,2.899999999999998,3.0000000000000018,3.0000000000000004,23.1,26.4,28.1,25.3,159,6,0.3953117887649151,-0.9185469991587165,0
2020-06-08,0.2,27.8,34.2,20.5,0.0,0.0,2.6,0.1,0.0,7.5,0.0,2.5999999999999983,3.0000000000000018,3.0000000000000004,23.1,27.8,27.0,26.9,160,6,0.37945284372454435,-0.925211078289358,1
2020-06-09,0.0,28.3,32.0,24.1,0.2,0.0,0.0,0.0,0.0,3.9,0.0,0.19999999999999823,3.100000000000002,3.2000000000000006,23.3,27.8,28.5,26.6,161,6,0.36348161248290634,-0.9316013725767187,0
2020-06-10,0.0,26.9,31.6,22.0,0.0,0.2,0.0,0.0,0.0,0.6,0.0,0.19999999999999823,3.100000000000002,3.2000000000000006,23.3,28.3,27.0,27.0,162,6,0.3474028211842774,-0.9377159910299093,0
2020-06-11,0.0,27.3,31.4,21.4,0.0,0.0,0.2,0.3,0.0,2.8,0.0,0.19999999999999823,3.100000000000002,3.2000000000000006,23.3,26.9,26.1,27.9,163,6,0.3312212278016865,-0.9435531242349544,0
2020-06-12,1.2,25.0,30.7,20.5,0.0,0.0,0.0,2.6,0.0,1.3,0.0,0.0,2.800000000000002,3.2000000000000006,23.3,27.3,23.9,29.1,164,6,0.31494162072895193,-0.9491110448902284,1
2020-06-13,2.2,24.7,31.6,20.8,1.2,0.0,0.0,0.0,0.0,0.0,3.4,1.1999999999999982,1.4000000000000017,4.4,24.5,25.0,26.4,29.0,165,6,0.2985688173637202,-0.9543881083175908,1
2020-06-14,0.1,25.5,31.5,19.7,2.2,1.2,0.0,0.0,0.0,0.0,0.6,3.3999999999999986,3.600000000000002,6.6000000000000005,23.3,24.7,27.8,28.1,166,6,0.2821076626819194,-0.9593827529490743,0
2020-06-15,0.0,26.3,31.7,19.6,0.1,2.2,1.2,0.2,0.1,0.0,7.5,3.4999999999999987,3.700000000000002,6.7,22.8,25.5,27.8,27.0,167,6,0.26556302780405594,-0.9640935007889755,0
2020-06-16,0.1,25.9,31.6,21.7,0.0,0.1,2.2,0.0,0.0,0.0,3.9,2.299999999999999,3.5000000000000018,6.6000000000000005,15.3,26.3,28.3,28.5,168,6,0.24893980855376657,-0.9685189578512204,0
2020-06-17,0.0,26.8,31.6,20.5,0.1,0.0,0.1,0.0,0.0,0.0,0.6,0.19999999999999868,3.600000000000002,6.700000000000001,11.5,25.9,26.9,27.0,169,6,0.23224292400907015,-0.9726578145718654,0
2020-06-18,1.2,25.2,31.3,21.3,0.0,0.1,0.0,0.0,0.3,0.0,2.8,0.09999999999999867,3.600000000000002,6.700000000000001,10.9,26.8,27.3,26.1,170,6,0.21547731504673012,-0.976508846196619,1
2020-06-19,2.6,24.5,30.8,20.3,1.2,0.0,0.1,1.2,2.6,0.0,1.3,1.2999999999999987,4.800000000000002,7.6,9.3,25.2,25.0,23.9,171,6,0.19864794288017112,-0.9800709131432666,1
2020-06-20,1.5,25.2,31.5,20.4,2.6,1.2,0.0,2.2,0.0,0.0,0.0,3.799999999999999,6.200000000000002,7.6000000000000005,10.600000000000001,24.5,24.7,26.4,172,6,0.18175978759137534,-0.9833429613388902,1
2020-06-21,0.0,25.9,30.9,21.2,1.5,2.6,1.2,0.1,0.0,0.0,0.0,5.299999999999999,5.500000000000002,9.100000000000001,12.100000000000001,25.2,25.5,27.8,173,6,0.16481784665719793,-0.9863240225317866,0
2020-06-22,0.0,26.5,31.8,20.5,0.0,1.5,2.6,0.0,0.2,0.1,0.0,4.099999999999998,5.400000000000002,9.100000000000001,12.100000000000001,25.9,26.3,27.8,174,6,0.14782713347053048,-0.9890132145779883,0
2020-06-23,0.1,26.5,31.6,22.7,0.0,0.0,1.5,0.1,0.0,0.0,0.0,1.4999999999999987,5.400000000000002,8.900000000000002,12.100000000000001,26.5,25.9,28.3,175,6,0.13079267585675922,-0.9914097417023038,0
2020-06-24,0.0,27.4,32.4,20.4,0.1,0.0,0.0,0.0,0.0,0.0,0.0,0.09999999999999867,5.400000000000001,9.000000000000002,12.200000000000001,26.5,26.8,26.9,176,6,0.11371951458594969,-0.9935128947338007,0
2020-06-25,0.0,27.2,31.7,22.7,0.0,0.1,0.0,1.2,0.0,0.3,0.0,0.09999999999999867,5.400000000000001,9.000000000000002,12.200000000000001,27.4,25.2,27.3,177,6,0.0966127018812031,-0.9953220513156602,0
2020-06-26,0.2,25.4,30.4,19.6,0.0,0.0,0.1,2.6,1.2,2.6,0.0,0.09999999999999867,4.200000000000001,9.000000000000002,12.200000000000001,27.2,24.5,25.0,178,6,0.07947729992362097,-0.9968366760893436,1
2020-06-27,2.1,24.3,30.5,20.1,0.2,0.0,0.0,1.5,2.2,0.0,0.0,0.19999999999999868,1.8000000000000018,8.0,12.4,25.4,25.2,24.7,179,6,0.062318379354325076,-0.998056320853012,1
2020-06-28,1.3,23.5,28.8,21.1,2.1,0.2,0.0,0.0,0.1,0.0,0.0,2.299999999999999,2.400000000000002,7.9,14.5,24.3,25.9,25.5,180,6,0.04514101777397193,-0.9989806246941579,1
2020-06-29,0.0,25.7,31.1,19.8,1.3,2.1,0.2,0.0,0.0,0.2,0.1,3.5999999999999988,3.700000000000002,9.1,15.8,23.5,26.5,26.3,181,6,0.02795029824021032,-0.999609314096404,0
2020-06-30,0.0,27.7,32.3,23.9,0.0,1.3,2.1,0.1,0.1,0.0,0.0,3.3999999999999986,3.700000000000002,9.1,15.700000000000001,25.7,26.5,25.9,182,6,0.01075130776352193,-0.9999422030204416,0
2020-07-01,0.0,26.3,31.6,21.2,0.0,0.0,1.3,0.0,0.0,0.0,0.0,1.2999999999999987,3.6000000000000014,9.0,15.700000000000001,27.7,27.4,26.8,183,7,-0.00645086419810515,-0.9999791929590823,0
2020-07-02,2.2,24.6,31.0,20.5,0.0,0.0,0.0,0.0,1.2,0.0,0.3,0.0,3.6000000000000014,9.0,15.700000000000001,26.3,27.2,25.2,184,7,-0.023651127245231586,-0.9997202729664083,1
2020-07-03,0.1,24.6,29.6,20.0,2.2,0.0,0.0,0.2,2.6,1.2,2.6,2.199999999999999,5.800000000000002,10.0,17.6,24.6,25.4,24.5,185,7,-0.04084439154329611,-0.9991655196610109,0
2020-07-04,0.1,25.5,30.9,21.6,0.1,2.2,0.0,2.1,1.5,2.2,0.0,2.299999999999999,5.700000000000001,7.500000000000001,15.100000000000001,24.6,24.3,25.2,186,7,-0.05802556932878035,-0.9983150972033183,0
2020-07-05,2.0,22.8,27.7,20.2,0.1,0.1,2.2,1.3,0.0,0.1,0.0,2.399999999999999,3.700000000000002,6.1000000000000005,15.200000000000001,25.5,23.5,25.9,187,7,-0.07518957641475855,-0.9971692572470178,1
2020-07-06,0.0,24.1,28.6,20.9,2.0,0.1,0.1,0.0,0.0,0.0,0.2,2.1999999999999984,4.400000000000002,8.100000000000001,17.2,22.8,25.7,26.5,188,7,-0.09233133369539122,-0.9957283388645872,0
2020-07-07,2.3,22.2,27.4,18.7,0.0,2.0,0.1,0.0,0.1,0.1,0.0,2.0999999999999988,4.400000000000002,8.100000000000001,17.0,24.1,27.7,26.5,189,7,-0.10944576864891556,-0.993992768446958,1
2020-07-08,5.3,22.1,28.6,18.3,2.3,0.0,2.0,0.0,0.0,0.0,0.0,4.299999999999999,6.700000000000002,10.3,19.3,22.2,26.3,27.4,190,7,-0.12652781683868314,-0.9919630595773397,1
2020-07-09,0.7000000000000001,22.3,27.9,18.0,5.3,2.3,0.0,2.2,0.0,1.2,0.0,7.599999999999999,12.000000000000002,15.600000000000001,24.6,22.1,24.6,27.2,191,7,-0.1435724234118113,-0.9896398128792412,1
2020-07-10,5.9,22.9,29.5,18.7,0.7000000000000001,5.3,2.3,0.1,0.2,2.6,1.2,8.299999999999999,10.5,16.3,25.3,22.3,24.6,25.4,192,7,-0.16057454459499376,-0.9870237158387383,1
2020-07-11,0.3,24.4,29.9,19.2,5.9,0.7000000000000001,5.3,0.1,2.1,1.5,2.2,11.899999999999999,16.3,22.000000000000004,30.000000000000004,22.9,25.5,24.3,193,7,-0.17752914918703497,-0.984115542601034,1
2020-07-12,5.6,23.2,27.3,20.5,0.3,5.9,0.7000000000000001,2.0,1.3,0.0,0.1,6.8999999999999995,16.500000000000004,20.200000000000003,28.1,24.4,22.8,23.5,194,7,-0.19443122004766195,-0.9809161537413774,1
2020-07-13,2.4,22.3,26.7,18.5,5.6,0.3,5.9,0.0,0.0,0.0,0.0,11.799999999999999,20.1,24.5,33.6,23.2,24.1,25.7,195,7,-0.2112757555821793,-0.9774264960104055,1
2020-07-14,1.5,23.1,28.7,19.2,2.4,5.6,0.3,2.3,0.0,0.1,0.1,8.299999999999999,22.5,26.9,36.0,22.3,22.2,27.7,196,7,-0.2280577712215198,-0.9736476020539838,1
2020-07-15,8.7,22.8,29.0,19.2,1.5,2.4,5.6,5.3,0.0,0.0,0.0,9.499999999999998,21.7,28.4,37.4,23.1,22.1,26.3,197,7,-0.24477230089725957,-0.9695805901076308,1
2020-07-16,0.5,22.4,27.7,18.2,8.7,1.5,2.4,0.7000000000000001,2.2,0.0,1.2,12.599999999999998,25.1,37.1,46.1,22.8,22.3,24.6,198,7,-0.2614143985111562,-0.965226663665613,1
2020-07-17,6.7,22.0,28.1,18.6,0.5,8.7,1.5,5.9,0.1,0.2,2.6,10.699999999999998,24.9,35.400000000000006,45.4,22.4,22.9,24.6,199,7,-0.2779791393987801,-0.9605871111248129,1
2020-07-18,9.6,21.5,26.9,18.3,6.7,0.5,8.7,0.3,0.1,2.1,1.5,15.899999999999999,25.700000000000003,42.0,49.5,22.0,24.4,25.5,200,7,-0.2944616217868012,-0.9556633054034704,1
2020-07-19,6.6,20.6,24.3,18.5,9.6,6.7,0.5,5.6,2.0,1.3,0.0,16.799999999999997,35.0,51.5,57.6,21.5,23.2,22.8,201,7,-0.3108569682435036,-0.9504567035349151,1
2020-07-20,8.2,19.7,23.1,17.2,6.6,9.6,6.7,2.4,0.0,0.0,0.0,22.9,36.0,56.1,64.2,20.6,22.3,24.1,202,7,-0.3271603271220951,-0.9449688462364056,1
2020-07-21,5.3,18.8,20.6,17.4,8.2,6.6,9.6,1.5,2.3,0.0,0.1,24.4,41.8,64.3,72.4,19.7,23.1,22.2,203,7,-0.34336687399638804,-0.939201357453208,1
2020-07-22,0.2,22.1,26.6,17.8,5.3,8.2,6.6,8.7,5.3,0.0,0.0,20.099999999999994,45.6,67.3,77.6,18.8,22.8,22.1,204,7,-0.3594718130884232,-0.9331559438780432,1
2020-07-23,8.1,21.1,25.5,18.3,0.2,5.3,8.2,0.5,0.7000000000000001,2.2,0.0,13.699999999999996,37.1,62.199999999999996,77.8,22.1,22.4,22.3,205,7,-0.3754703786876202,-0.9268343944460494,1
2020-07-24,3.0,20.7,24.1,17.9,8.1,0.2,5.3,6.7,5.9,0.1,0.2,13.599999999999996,44.699999999999996,69.6,85.89999999999999,21.1,22.0,22.9,206,7,-0.3913578365610259,-0.9202385798054075,1
2020-07-25,9.6,21.2,24.8,18.9,3.0,8.1,0.2,9.6,0.3,0.1,2.1,11.299999999999997,41.0,66.69999999999999,88.7,20.7,21.5,24.4,207,7,-0.4071294853542516,-0.9133704517637858,1
2020-07-26,14.5,19.9,22.3,18.4,9.6,3.0,8.1,6.6,5.6,2.0,1.3,20.699999999999996,41.0,76.0,96.19999999999999,21.2,20.6,23.2,208,7,-0.4227806579826773,-0.9062320427107697,1
2020-07-27,9.0,19.3,21.9,17.6,14.5,9.6,3.0,8.2,2.4,0.0,0.0,27.099999999999994,48.9,84.9,109.39999999999999,19.9,19.7,22.3,209,7,-0.4383067230125192,-0.898825465016444,1
2020-07-28,4.1,20.0,22.9,17.8,9.0,14.5,9.6,5.3,1.5,2.3,0.0,33.099999999999994,49.7,91.5,118.39999999999999,19.3,18.8,23.1,210,7,-0.45370308603134424,-0.8911529104063088,1
2020-07-29,10.3,19.6,22.0,17.8,4.1,9.0,14.5,0.2,8.7,5.3,0.0,27.599999999999994,48.5,94.1,122.5,20.0,22.1,22.8,211,7,-0.46896519100763184,-0.8832166493127127,1
2020-07-30,26.8,19.5,22.1,17.6,10.3,4.1,9.0,8.1,0.5,0.7000000000000001,2.2,23.4,58.6,95.69999999999999,132.8,19.6,21.1,22.4,212,7,-0.48408852163897587,-0.8750190302029955,1
2020-07-31,13.2,18.8,21.1,17.3,26.8,10.3,4.1,3.0,6.7,5.9,0.1,41.199999999999996,77.3,122.0,157.4,19.5,20.7,22.0,213,7,-0.4990686026885319,-0.8665624788845385,1
2020-08-01,3.3,19.4,22.1,17.4,13.2,26.8,10.3,9.6,9.6,0.3,0.1,50.3,87.5,128.5,170.5,18.8,21.2,21.5,214,8,-0.5139010013093103,-0.8578494977869301,1
2020-08-02,4.4,21.0,25.0,16.9,3.3,13.2,26.8,14.5,6.6,5.6,2.0,43.3,81.2,122.2,173.7,19.4,19.9,20.6,215,8,-0.5285813283559292,-0.8488826652214553,1
2020-08-03,28.0,18.8,20.3,18.1,4.4,3.3,13.2,9.0,8.2,2.4,0.0,20.89999999999999,71.10000000000001,120.0,176.1,21.0,19.3,19.7,216,8,-0.5431052396834317,-0.8396646346181327,1
2020-08-04,58.3,18.5,19.9,17.9,28.0,4.4,3.3,4.1,5.3,1.5,2.3,35.69999999999999,90.1,139.8,204.1,18.8,20.0,18.8,217,8,-0.5574684374327892,-0.8301981337405212,1
2020-08-05,8.4,19.1,22.1,17.4,58.3,28.0,4.4,10.3,0.2,8.7,5.3,90.69999999999999,144.3,192.79999999999998,260.1,18.5,19.6,22.1,218,8,-0.5716666713027052,-0.8204859638785327,1
2020-08-06,0.9,19.0,22.3,16.7,8.4,58.3,28.0,26.8,8.1,0.5,0.7000000000000001,94.69999999999999,142.39999999999998,201.0,263.2,19.1,19.5,21.1,219,8,-0.5856957398073508,-0.8105309990194823,1
2020-08-07,7.7,19.7,23.6,16.3,0.9,8.4,58.3,13.2,3.0,6.7,5.9,67.59999999999998,116.49999999999999,193.8,263.40000000000003,19.0,18.8,20.7,220,8,-0.5995514915196489,-0.8003361849976323,1
2020-08-08,4.4,19.9,23.5,17.5,7.7,0.9,8.4,3.3,9.6,9.6,0.3,16.999999999999986,110.99999999999999,198.5,265.2,19.7,19.4,21.2,221,8,-0.6132298262997502,-0.7899045386224707,1
2020-08-09,41.0,19.5,22.5,17.6,4.4,7.7,0.9,4.4,14.5,6.6,5.6,12.999999999999986,112.1,193.3,269.3,19.9,21.0,19.9,222,8,-0.6267266965083301,-0.7792391467859886,1
2020-08-10,2.2,19.5,22.5,16.7,41.0,4.4,7.7,28.0,9.0,8.2,2.4,53.09999999999999,148.7,219.8,304.7,19.5,18.8,19.3,223,8,-0.6400381082043503,-0.7683431655492202,1
2020-08-11,1.7000000000000002,20.3,23.4,17.8,2.2,41.0,4.4,58.3,4.1,5.3,1.5,47.59999999999999,122.89999999999999,213.0,304.5,19.5,18.5,20.0,224,8,-0.65316012232693,-0.7572198192083127,1
2020-08-12,5.3,21.3,25.8,17.5,1.7000000000000002,2.2,41.0,8.4,10.3,0.2,8.7,44.899999999999984,66.3,210.6,304.70000000000005,20.3,19.1,19.6,225,8,-0.666088855860977,-0.7458723993404063,1
2020-08-13,4.8,20.9,25.1,17.7,5.3,1.7000000000000002,2.2,0.9,26.8,8.1,0.5,9.199999999999985,63.2,205.6,301.29999999999995,21.3,19.0,19.5,226,8,-0.6788204829862355,-0.734304263829602,1
2020-08-14,7.4,21.0,24.8,18.6,4.8,5.3,1.7000000000000002,7.7,13.2,3.0,6.7,11.799999999999986,67.1,183.6,305.59999999999997,20.9,19.7,18.8,227,8,-0.6913512362094071,-0.722518835873311,1
2020-08-15,4.9,21.0,24.8,17.7,7.4,4.8,5.3,4.4,3.3,9.6,9.6,17.499999999999986,66.8,177.8,306.3,21.0,19.9,19.4,228,8,-0.7036774074790128,-0.7105196029692745,1
2020-08-16,2.0,21.7,25.9,19.0,4.9,7.4,4.8,41.0,4.4,14.5,6.6,17.099999999999987,67.3,179.39999999999998,301.6,21.0,19.5,21.0,229,8,-0.7157953492826642,-0.6983101158835584,1
2020-08-17,16.7,20.9,25.0,17.9,2.0,4.9,7.4,2.2,28.0,9.0,8.2,14.299999999999986,28.3,176.99999999999997,297.0,21.7,19.5,18.8,230,8,-0.7277014757264236,-0.6858939875998223,1
2020-08-18,1.2,20.5,23.6,18.0,16.7,2.0,4.9,1.7000000000000002,58.3,4.1,5.3,23.599999999999987,42.8,165.7,305.5,20.9,20.3,18.5,231,8,-0.7393922635959241,-0.673274892250183,1
2020-08-19,17.2,21.2,26.3,17.6,1.2,16.7,2.0,5.3,8.4,10.3,0.2,19.899999999999988,42.3,108.6,301.4,20.5,21.3,19.1,232,8,-0.7508642533989489,-0.6604565640279754,1
2020-08-20,8.7,20.4,24.9,18.1,17.2,1.2,16.7,4.8,0.9,26.8,8.1,35.09999999999998,54.2,117.39999999999999,318.4,21.2,20.9,19.0,233,8,-0.7621140503891487,-0.6474427960827475,1
2020-08-21,5.8,21.4,25.9,18.0,8.7,17.2,1.2,7.4,7.7,13.2,3.0,27.099999999999987,58.1,125.2,319.0,20.4,21.0,19.7,234,8,-0.7731383255706026,-0.6342374393978054,1
2020-08-22,5.4,21.2,25.1,17.7,5.8,8.7,17.2,4.9,4.4,3.3,9.6,31.69999999999999,56.49999999999999,123.3,321.79999999999995,21.4,21.0,19.9,235,8,-0.7839338166829201,-0.620844401650647,1
2020-08-23,16.9,20.8,24.5,18.1,5.4,5.8,8.7,2.0,41.0,4.4,14.5,19.899999999999988,57.0,124.3,317.6,21.2,21.7,19.5,236,8,-0.7944973291665992,-0.6072676460566135,1
2020-08-24,16.0,20.4,23.6,18.2,16.9,5.4,5.8,16.7,2.2,28.0,9.0,28.099999999999987,71.89999999999999,100.2,320.0,20.8,20.9,19.5,237,8,-0.8048257371083452,-0.593511190196115,1
2020-08-25,4.4,20.3,23.4,17.9,16.0,16.9,5.4,1.2,1.7000000000000002,58.3,4.1,38.29999999999998,71.19999999999999,114.0,327.0,20.4,20.5,20.3,238,8,-0.8149159841660791,-0.5795791048257612,1
2020-08-26,7.3,20.6,24.7,17.6,4.4,16.0,16.9,17.2,5.3,8.4,10.3,37.29999999999999,74.39999999999999,116.7,327.3,20.3,21.2,21.3,239,8,-0.8247650844733614,-0.5654755126737576,1
2020-08-27,7.2,21.0,25.5,17.8,7.3,4.4,16.0,8.7,4.8,0.9,26.8,27.69999999999999,64.5,118.7,324.29999999999995,20.6,20.4,20.9,240,8,-0.8343701235229537,-0.5512045872199277,1
2020-08-28,5.9,20.2,24.6,17.2,7.2,7.3,4.4,5.8,7.4,7.7,13.2,18.89999999999999,63.0,121.10000000000001,304.7,21.0,21.4,21.0,241,8,-0.8437282590292712,-0.5367705514607103,1
2020-08-29,12.0,20.3,24.3,17.7,5.9,7.2,7.3,5.4,4.9,4.4,3.3,20.39999999999999,63.1,119.6,297.4,20.2,21.2,21.0,242,8,-0.8528367217694595,-0.522177676659508,1
2020-08-30,5.3,20.1,23.9,16.9,12.0,5.9,7.2,16.9,2.0,41.0,4.4,25.099999999999987,69.69999999999999,126.69999999999999,306.09999999999997,20.3,20.8,21.7,243,8,-0.8616928164028521,-0.5074302810827518,1
2020-08-31,12.3,20.1,23.8,17.6,5.3,12.0,5.9,16.0,16.7,2.2,28.0,23.19999999999999,58.1,130.0,307.0,20.1,20.4,20.9,244,8,-0.8702939222685674,-0.49253272872205434,1
2020-09-01,3.1,21.1,26.1,17.0,12.3,5.3,12.0,4.4,1.2,1.7000000000000002,58.3,29.59999999999999,54.4,125.60000000000001,291.3,20.1,20.3,20.5,245,9,-0.8786374941610001,-0.4774894280028391,1
2020-09-02,10.0,20.9,25.7,17.9,3.1,12.3,5.3,7.3,17.2,5.3,8.4,20.69999999999999,53.1,127.5,236.1,21.1,20.6,21.2,246,9,-0.886721063082993,-0.46230483047981086,1
2020-09-03,34.2,19.8,24.4,16.8,10.0,3.1,12.3,7.2,8.7,4.8,0.9,25.39999999999999,55.800000000000004,120.3,237.70000000000002,20.9,21.0,20.4,247,9,-0.8945422369764496,-0.4469834295196741,1
2020-09-04,4.5,19.9,23.6,17.1,34.2,10.0,3.1,5.9,5.8,7.4,7.7,47.3,82.80000000000001,145.8,271.0,19.8,20.2,21.4,248,9,-0.9020987014301837,-0.43152975897147144,1
2020-09-05,1.5,21.4,25.3,17.3,4.5,34.2,10.0,12.0,5.4,4.9,4.4,48.699999999999996,81.4,144.5,267.8,19.9,20.3,21.2,249,9,-0.9093882203647925,-0.4159483918249421,1
2020-09-06,2.5,21.0,25.4,17.3,1.5,4.5,34.2,5.3,16.9,2.0,41.0,40.199999999999996,70.9,140.60000000000002,264.9,21.4,20.1,20.8,250,9,-0.9164086366943458,-0.4002439388573056,1
2020-09-07,5.3,21.4,26.3,17.6,2.5,1.5,4.5,12.3,16.0,16.7,2.2,8.499999999999993,68.1,126.2,226.4,21.0,20.1,20.4,251,9,-0.9231578729647039,-0.38442104726885545,1
2020-09-08,2.8,21.0,25.6,17.9,5.3,2.5,1.5,3.1,4.4,1.2,1.7000000000000002,9.299999999999994,61.1,115.5,229.5,21.4,21.1,20.3,252,9,-0.9296339319682695,-0.3684843993077793,1
2020-09-09,8.5,20.8,25.7,17.4,2.8,5.3,2.5,10.0,7.3,17.2,5.3,10.599999999999993,60.800000000000004,113.89999999999999,230.6,21.0,20.9,20.6,253,9,-0.9358348973349941,-0.35243871088460327,1
2020-09-10,3.2,20.8,24.5,18.1,8.5,2.8,5.3,34.2,7.2,8.7,4.8,16.599999999999994,59.300000000000004,115.1,233.79999999999998,20.8,19.8,21.0,254,9,-0.9417589340994617,-0.33628873017668287,1
2020-09-11,7.1,20.6,24.0,18.1,3.2,8.5,2.8,4.5,5.9,5.8,7.4,14.499999999999993,28.3,111.1,232.20000000000002,20.8,19.9,20.2,255,9,-0.9474042892438845,-0.32003923622313857,1
2020-09-12,4.9,21.3,25.6,17.2,7.1,3.2,8.5,1.5,12.0,5.4,4.9,18.799999999999994,30.9,112.30000000000001,231.9,20.6,21.4,20.3,256,9,-0.9527692922168511,-0.30369503751065885,1
2020-09-13,5.1,21.3,25.6,18.0,4.9,7.1,3.2,2.5,5.3,16.9,2.0,15.199999999999992,34.3,105.2,231.9,21.3,21.0,20.1,257,9,-0.9578523554276669,-0.28726097055059635,1
2020-09-14,2.0,21.0,25.4,17.9,5.1,4.9,7.1,5.3,12.3,16.0,16.7,17.099999999999994,36.9,105.00000000000001,235.0,21.3,21.4,20.1,258,9,-0.9626519747161487,-0.2707418984477642,1
2020-09-15,5.2,21.4,26.1,17.6,2.0,5.1,4.9,2.8,3.1,4.4,1.2,11.999999999999993,33.6,94.7,220.3,21.0,21.0,21.1,259,9,-0.9671667297977312,-0.2541427094613622,1
2020-09-16,2.3,21.7,26.3,17.9,5.2,2.0,5.1,8.5,10.0,7.3,17.2,12.299999999999994,36.0,96.8,224.29999999999998,21.4,20.8,20.9,260,9,-0.97139528468375,-0.23746831555846842,1
2020-09-17,1.7000000000000002,22.4,26.5,17.7,2.3,5.2,2.0,3.2,34.2,7.2,8.7,9.499999999999993,29.8,89.10000000000001,209.4,21.7,20.8,19.8,261,9,-0.9753363880767837,-0.2207236509605022,1
2020-09-18,3.0,22.8,27.1,18.8,1.7000000000000002,2.3,5.2,7.1,4.5,5.9,5.8,9.199999999999992,28.299999999999997,56.6,202.4,22.4,20.6,19.9,262,9,-0.9789888737409319,-0.20391367068311472,1
2020-09-19,0.1,23.7,27.5,20.3,3.0,1.7000000000000002,2.3,4.9,1.5,12.0,5.4,6.999999999999993,24.200000000000003,55.1,199.6,22.8,21.3,21.4,263,9,-0.9823516608469237,-0.18704334906991657,0
2020-09-20,0.7000000000000001,22.2,26.2,18.7,0.1,3.0,1.7000000000000002,5.1,2.5,5.3,16.9,4.799999999999993,19.4,53.7,194.29999999999998,23.7,21.3,21.0,264,9,-0.9854237542919524,-0.17011767832049052,1
2020-09-21,0.2,22.2,26.6,18.5,0.7000000000000001,0.1,3.0,2.0,5.3,12.3,16.0,3.7999999999999927,15.000000000000002,51.9,178.1,22.2,21.0,21.4,265,9,-0.9882042449941422,-0.15314166701312007,1
2020-09-22,0.0,22.6,27.1,18.0,0.2,0.7000000000000001,0.1,5.2,2.8,3.1,4.4,0.9999999999999929,13.2,46.800000000000004,162.3,22.2,21.4,21.0,266,9,-0.9906923101615609,-0.13612033862266704,0
2020-09-23,0.0,23.2,26.8,20.0,0.0,0.2,0.7000000000000001,2.3,8.5,10.0,7.3,0.899999999999993,8.0,44.0,157.9,22.6,21.7,20.8,267,9,-0.9928872135356962,-0.11905873003404988,0
2020-09-24,2.0,21.9,26.6,18.3,0.0,0.0,0.2,1.7000000000000002,3.2,34.2,7.2,0.1999999999999929,5.7,35.5,150.6,23.2,22.4,20.8,268,9,-0.994788305609327,-0.10196189005174576,1
2020-09-25,0.0,22.2,25.6,17.3,2.0,0.0,0.0,3.0,7.1,4.5,5.9,1.999999999999993,6.0,34.300000000000004,145.4,21.9,22.8,20.6,269,9,-0.9963950238187231,-0.08483487790576538,0
2020-09-26,0.0,23.2,27.1,19.1,0.0,2.0,0.0,0.1,4.9,1.5,12.0,1.999999999999993,3.0,27.200000000000003,139.5,22.2,23.7,21.3,270,9,-0.9977068927101168,-0.06768276175455162,0
2020-09-27,0.4,23.0,26.3,19.4,0.0,0.0,2.0,0.7000000000000001,5.1,2.5,5.3,1.999999999999993,2.9,22.299999999999997,127.5,23.2,22.2,21.3,271,9,-0.9987235240803972,-0.050510617185222886,1
2020-09-28,0.0,23.6,28.6,18.7,0.4,0.0,0.0,0.2,2.0,5.3,12.3,0.3999999999999929,2.6,17.6,122.60000000000001,23.0,22.2,21.0,272,9,-0.9994446170919858,-0.033323525711631344,0
2020-09-29,0.0,24.6,29.0,19.9,0.0,0.4,0.0,0.0,5.2,2.8,3.1,0.3999999999999929,2.4,15.600000000000001,110.3,23.6,22.6,21.4,273,9,-0.9998699583618592,-0.016126573270657762,0
2020-09-30,0.0,24.5,27.5,18.9,0.0,0.0,0.4,0.0,2.3,8.5,10.0,0.3999999999999929,2.4,10.4,107.2,24.6,23.2,21.7,274,9,-0.9999994220246925,0.001075151282798226,0
2020-10-01,0.1,23.3,27.0,19.1,0.0,0.0,0.0,2.0,1.7000000000000002,3.2,34.2,0.0,2.4,8.100000000000001,97.2,24.5,21.9,22.4,275,10,-0.999832969770105,0.018276557681691223,0
2020-10-02,0.0,23.1,28.4,17.7,0.1,0.0,0.0,0.0,3.0,7.1,4.5,0.0999999999999929,0.5,6.5,63.1,23.3,22.2,22.8,276,10,-0.9993706508539969,0.03547255575312556,0
2020-10-03,0.0,23.9,29.7,18.1,0.0,0.1,0.0,0.0,0.1,4.9,1.5,0.0999999999999929,0.5,3.5,58.6,23.1,23.2,23.7,277,10,-0.9986126020839734,0.052658056924614005,0
2020-10-04,0.1,23.3,27.6,19.2,0.0,0.0,0.1,0.4,0.7000000000000001,5.1,2.5,0.0999999999999929,0.5,3.4,57.1,23.9,23.0,22.2,278,10,-0.9975590477788613,0.06982797572987089,0
2020-10-05,0.0,24.1,29.5,17.7,0.1,0.0,0.0,0.0,0.2,2.0,5.3,0.0999999999999929,0.2,2.8000000000000003,54.7,23.3,23.6,22.2,279,10,-0.9962102997023297,0.0869772313136861,0
2020-10-06,0.0,24.0,27.7,20.1,0.0,0.1,0.0,0.0,0.0,5.2,2.8,0.0999999999999929,0.2,2.6,49.400000000000006,24.1,24.6,22.6,280,10,-0.9945667569706337,0.1041007489354256,0
2020-10-07,0.0,24.5,30.3,18.7,0.0,0.0,0.1,0.0,0.0,2.3,8.5,0.0999999999999929,0.2,2.6,46.6,24.0,24.5,23.2,281,10,-0.9926289059345095,0.121193461470736,0
2020-10-08,0.0,25.6,30.5,20.2,0.0,0.0,0.0,0.1,2.0,1.7000000000000002,3.2,0.0,0.2,2.6,38.1,24.5,23.3,21.9,282,10,-0.9903973200352558,0.1382503109109819,0
2020-10-09,0.0,25.9,30.5,21.8,0.0,0.0,0.0,0.0,0.0,3.0,7.1,0.0,0.1,0.6000000000000001,34.900000000000006,25.6,23.1,22.2,283,10,-0.9878726596350429,0.15526624985999563,0
2020-10-10,0.0,25.3,30.6,21.6,0.0,0.0,0.0,0.0,0.0,0.1,4.9,0.0,0.1,0.6000000000000001,27.8,25.9,23.9,23.2,284,10,-0.9850556718215013,0.172236243027682,0
2020-10-11,0.0,25.1,29.6,21.1,0.0,0.0,0.0,0.1,0.4,0.7000000000000001,5.1,0.0,0.1,0.6000000000000001,22.9,25.3,23.3,23.0,285,10,-0.981947190186646,0.18915526872004093,0
2020-10-12,0.0,24.7,29.0,19.6,0.0,0.0,0.0,0.0,0.0,0.2,2.0,0.0,0.0,0.2,17.8,25.1,24.1,23.6,286,10,-0.9785481345802031,0.20601832032517084,0
2020-10-13,0.0,24.9,29.8,19.4,0.0,0.0,0.0,0.0,0.0,0.0,5.2,0.0,0.0,0.2,15.8,24.7,24.0,24.6,287,10,-0.9748595108374125,0.22282040779479959,0
2020-10-14,0.0,24.2,27.4,20.2,0.0,0.0,0.0,0.0,0.0,0.0,2.3,0.0,0.0,0.2,10.6,24.9,24.5,24.5,288,10,-0.9708824104813836,0.23955655912092708,0
2020-10-15,0.2,23.4,27.8,19.2,0.0,0.0,0.0,0.0,0.1,2.0,1.7000000000000002,0.0,0.0,0.2,8.3,24.2,25.6,23.3,289,10,-0.9666180104000972,0.2562218218071163,1
2020-10-16,0.0,24.4,29.1,18.4,0.2,0.0,0.0,0.0,0.0,0.0,3.0,0.1999999999999929,0.2,0.30000000000000004,6.8,23.4,25.9,23.1,290,10,-0.9620675724981452,0.27281126433401914,0
2020-10-17,0.0,24.5,28.8,18.9,0.0,0.2,0.0,0.0,0.0,0.0,0.1,0.1999999999999929,0.2,0.30000000000000004,3.8,24.4,25.3,23.9,291,10,-0.957232443323312,0.28931997761869527,0
2020-10-18,0.0,25.4,29.4,19.4,0.0,0.0,0.2,0.0,0.1,0.4,0.7000000000000001,0.1999999999999929,0.2,0.30000000000000004,3.7,24.5,25.1,23.3,292,10,-0.9521140536681102,0.3057430764672831,0
2020-10-19,0.0,25.3,29.5,21.2,0.0,0.0,0.0,0.0,0.0,0.0,0.2,0.0,0.2,0.2,3.0,25.4,24.7,24.1,293,10,-0.9467139181463862,0.3220757010206104,0
2020-10-20,0.0,24.6,29.6,19.3,0.0,0.0,0.0,0.0,0.0,0.0,0.0,0.0,0.2,0.2,2.8,25.3,24.9,24.0,294,10,-0.9410336347451197,0.3383130181923076,0
2020-10-21,0.0,25.7,30.5,21.2,0.0,0.0,0.0,0.0,0.0,0.0,0.0,0.0,0.2,0.2,2.8,24.6,24.2,24.5,295,10,-0.9350748843515574,0.3544502230989869,0
2020-10-22,0.0,26.3,30.7,21.7,0.0,0.0,0.0,0.2,0.0,0.1,2.0,0.0,0.2,0.2,2.8,25.7,23.4,25.6,296,10,-0.9288394302558068,0.3704825404820963,0
2020-10-23,0.0,26.4,30.2,22.0,0.0,0.0,0.0,0.0,0.0,0.0,0.0,0.0,0.0,0.2,0.8,26.3,24.4,25.9,297,10,-0.9223291176290545,0.3864052261209853,0
2020-10-24,0.0,25.4,29.6,20.8,0.0,0.0,0.0,0.0,0.0,0.0,0.0,0.0,0.0,0.2,0.8,26.4,24.5,25.3,298,10,-0.9155458729775467,0.40221356823680365,0
2020-10-25,0.0,25.9,31.5,20.4,0.0,0.0,0.0,0.0,0.0,0.1,0.4,0.0,0.0,0.2,0.8,25.4,25.4,25.1,299,10,-0.9084917035725082,0.41790288888678667,0
2020-10-26,0.0,26.2,31.4,22.2,0.0,0.0,0.0,0.0,0.0,0.0,0.0,0.0,0.0,0.2,0.4,25.9,25.3,24.7,300,10,-0.9011686968561569,0.4334685453485363,0
2020-10-27,0.0,26.1,31.3,22.0,0.0,0.0,0.0,0.0,0.0,0.0,0.0,0.0,0.0,0.2,0.4,26.2,24.6,24.9,301,10,-0.8935790198239952,0.4489059314938798,0
2020-10-28,0.0,25.9,31.0,22.0,0.0,0.0,0.0,0.0,0.0,0.0,0.0,0.0,0.0,0.2,0.4,26.1,25.7,24.2,302,10,-0.8857249183835637,0.4642104791518923,0
2020-10-29,0.0,25.5,30.8,21.5,0.0,0.0,0.0,0.0,0.2,0.0,0.1,0.0,0.0,0.2,0.4,25.9,26.3,23.4,303,10,-0.8776087166898392,0.4793776594606945,0
2020-10-30,0.0,25.6,30.5,21.7,0.0,0.0,0.0,0.0,0.0,0.0,0.0,0.0,0.0,0.0,0.30000000000000004,25.5,26.4,24.4,304,10,-0.8692328164574792,0.49440298420761813,0
2020-10-31,0.0,24.9,30.1,18.8,0.0,0.0,0.0,0.0,0.0,0.0,0.0,0.0,0.0,0.0,0.30000000000000004,25.6,25.4,24.5,305,10,-0.8605996962501181,0.5092820071573356,0
2020-11-01,0.0,25.4,30.7,19.7,0.0,0.0,0.0,0.0,0.0,0.0,0.1,0.0,0.0,0.0,0.30000000000000004,24.9,25.9,25.4,306,11,-0.8517119107469189,0.5240103253675756,0
2020-11-02,0.0,25.7,31.3,21.4,0.0,0.0,0.0,0.0,0.0,0.0,0.0,0.0,0.0,0.0,0.2,25.4,26.2,25.3,307,11,-0.8425720899866032,0.5385835804920232,0
2020-11-03,0.0,25.7,30.9,21.2,0.0,0.0,0.0,0.0,0.0,0.0,0.0,0.0,0.0,0.0,0.2,25.7,26.1,24.6,308,11,-0.8331829385891785,0.5529974600700271,0
2020-11-04,0.0,25.7,31.2,20.9,0.0,0.0,0.0,0.0,0.0,0.0,0.0,0.0,0.0,0.0,0.2,25.7,25.9,25.7,309,11,-0.8235472349556007,0.5672476988027229,0
2020-11-05,0.0,25.0,30.2,20.2,0.0,0.0,0.0,0.0,0.0,0.2,0.0,0.0,0.0,0.0,0.2,25.7,25.5,26.3,310,11,-0.8136678304455991,0.5813300798152042,0
2020-11-06,0.0,24.2,29.3,17.6,0.0,0.0,0.0,0.0,0.0,0.0,0.0,0.0,0.0,0.0,0.2,25.0,25.6,26.4,311,11,-0.8035476485339116,0.5952404359043674,0
2020-11-07,0.0,24.7,29.7,19.5,0.0,0.0,0.0,0.0,0.0,0.0,0.0,0.0,0.0,0.0,0.2,24.2,24.9,25.4,312,11,-0.7931896839451843,0.6089746507720486,0
2020-11-08,0.0,24.9,29.3,19.9,0.0,0.0,0.0,0.0,0.0,0.0,0.0,0.0,0.0,0.0,0.2,24.7,25.4,25.9,313,11,-0.7825970017677834,0.6225286602431057,0
2020-11-09,0.0,24.6,30.2,19.9,0.0,0.0,0.0,0.0,0.0,0.0,0.0,0.0,0.0,0.0,0.2,24.9,25.7,26.2,314,11,-0.7717727365467837,0.6358984534680745,0
2020-11-10,0.0,24.8,30.9,20.4,0.0,0.0,0.0,0.0,0.0,0.0,0.0,0.0,0.0,0.0,0.2,24.6,25.7,26.1,315,11,-0.7607200913564104,0.6490800741100398,0
2020-11-11,0.0,25.0,30.5,20.0,0.0,0.0,0.0,0.0,0.0,0.0,0.0,0.0,0.0,0.0,0.2,24.8,25.7,25.9,316,11,-0.7494423368521953,0.6620696215153815,0
2020-11-12,0.0,25.2,30.6,21.2,0.0,0.0,0.0,0.0,0.0,0.0,0.2,0.0,0.0,0.0,0.2,25.0,25.0,25.5,317,11,-0.7379428103031386,0.6748632518680403,0
2020-11-13,0.0,24.4,30.4,20.2,0.0,0.0,0.0,0.0,0.0,0.0,0.0,0.0,0.0,0.0,0.0,25.2,24.2,25.6,318,11,-0.7262249146041543,0.6874571793269664,0
2020-11-14,0.0,24.4,30.5,19.7,0.0,0.0,0.0,0.0,0.0,0.0,0.0,0.0,0.0,0.0,0.0,24.4,24.7,24.9,319,11,-0.7142921172691032,0.699847677146407,0
2020-11-15,0.0,24.2,30.0,17.8,0.0,0.0,0.0,0.0,0.0,0.0,0.0,0.0,0.0,0.0,0.0,24.4,24.9,25.4,320,11,-0.7021479494046978,0.7120310787787131,0
2020-11-16,0.0,25.0,31.2,20.9,0.0,0.0,0.0,0.0,0.0,0.0,0.0,0.0,0.0,0.0,0.0,24.2,24.6,25.7,321,11,-0.6897960046655887,0.7240037789593305,0
2020-11-17,0.0,24.5,30.7,20.3,0.0,0.0,0.0,0.0,0.0,0.0,0.0,0.0,0.0,0.0,0.0,25.0,24.8,25.7,322,11,-0.6772399381909491,0.7357622347736527,0
2020-11-18,0.0,24.0,30.3,18.9,0.0,0.0,0.0,0.0,0.0,0.0,0.0,0.0,0.0,0.0,0.0,24.5,25.0,25.7,323,11,-0.6644834655228552,0.7473029667054297,0
2020-11-19,0.0,24.5,30.5,20.3,0.0,0.0,0.0,0.0,0.0,0.0,0.0,0.0,0.0,0.0,0.0,24.0,25.2,25.0,324,11,-0.6515303615068021,0.75862255966641,0
2020-11-20,0.0,24.9,30.3,19.9,0.0,0.0,0.0,0.0,0.0,0.0,0.0,0.0,0.0,0.0,0.0,24.5,24.4,24.2,325,11,-0.6383844591746642,0.769717664006921,0
2020-11-21,0.0,24.3,29.6,18.7,0.0,0.0,0.0,0.0,0.0,0.0,0.0,0.0,0.0,0.0,0.0,24.9,24.4,24.7,326,11,-0.6250496486104377,0.7805849965070866,0
2020-11-22,0.0,24.6,31.3,18.3,0.0,0.0,0.0,0.0,0.0,0.0,0.0,0.0,0.0,0.0,0.0,24.3,24.2,24.9,327,11,-0.6115298757991053,0.7912213413483807,0
2020-11-23,0.0,24.9,30.8,19.0,0.0,0.0,0.0,0.0,0.0,0.0,0.0,0.0,0.0,0.0,0.0,24.6,25.0,24.6,328,11,-0.5978291414589552,0.801623551065242,0
2020-11-24,0.0,24.6,30.6,19.0,0.0,0.0,0.0,0.0,0.0,0.0,0.0,0.0,0.0,0.0,0.0,24.9,24.5,24.8,329,11,-0.5839514998576998,0.8117885474764613,0
2020-11-25,0.0,24.4,29.1,19.0,0.0,0.0,0.0,0.0,0.0,0.0,0.0,0.0,0.0,0.0,0.0,24.6,24.0,25.0,330,11,-0.5699010576127624,0.821713322596059,0
2020-11-26,0.0,24.0,28.6,19.9,0.0,0.0,0.0,0.0,0.0,0.0,0.0,0.0,0.0,0.0,0.0,24.4,24.5,25.2,331,11,-0.5556819724760489,0.8313949395234058,0
2020-11-27,0.0,24.1,29.1,19.7,0.0,0.0,0.0,0.0,0.0,0.0,0.0,0.0,0.0,0.0,0.0,24.0,24.9,24.4,332,11,-0.5412984521036173,0.8408305333122887,0
2020-11-28,0.0,24.0,29.3,18.6,0.0,0.0,0.0,0.0,0.0,0.0,0.0,0.0,0.0,0.0,0.0,24.1,24.3,24.4,333,11,-0.5267547528105542,0.8500173118187018,0
2020-11-29,0.0,23.9,29.5,18.6,0.0,0.0,0.0,0.0,0.0,0.0,0.0,0.0,0.0,0.0,0.0,24.0,24.6,24.2,334,11,-0.5120551783114646,0.8589525565270845,0
2020-11-30,0.0,23.1,28.7,18.5,0.0,0.0,0.0,0.0,0.0,0.0,0.0,0.0,0.0,0.0,0.0,23.9,24.9,25.0,335,11,-0.4972040784469378,0.8676336233547726,0
2020-12-01,0.0,23.0,28.6,17.5,0.0,0.0,0.0,0.0,0.0,0.0,0.0,0.0,0.0,0.0,0.0,23.1,24.6,24.5,336,12,-0.4822058478963526,0.8760579434344281,0
2020-12-02,0.0,23.9,29.8,17.9,0.0,0.0,0.0,0.0,0.0,0.0,0.0,0.0,0.0,0.0,0.0,23.0,24.4,24.0,337,12,-0.46706492487743034,0.8842230238742036,0
2020-12-03,0.0,24.5,31.1,18.6,0.0,0.0,0.0,0.0,0.0,0.0,0.0,0.0,0.0,0.0,0.0,23.9,24.0,24.5,338,12,-0.451785789832884,0.8921264484954345,0
2020-12-04,0.0,24.7,31.0,19.9,0.0,0.0,0.0,0.0,0.0,0.0,0.0,0.0,0.0,0.0,0.0,24.5,24.1,24.9,339,12,-0.4363729641045924,0.8997658785476209,0
2020-12-05,0.0,23.8,28.9,18.8,0.0,0.0,0.0,0.0,0.0,0.0,0.0,0.0,0.0,0.0,0.0,24.7,24.0,24.3,340,12,-0.42083100859565564,0.9071390534005044,0
2020-12-06,0.0,23.9,29.7,18.6,0.0,0.0,0.0,0.0,0.0,0.0,0.0,0.0,0.0,0.0,0.0,23.8,23.9,24.6,341,12,-0.4051645224207563,0.9142437912130223,0
2020-12-07,0.0,24.4,31.0,17.8,0.0,0.0,0.0,0.0,0.0,0.0,0.0,0.0,0.0,0.0,0.0,23.9,23.1,24.9,342,12,-0.3893781415452015,0.9210779895789526,0
2020-12-08,0.0,25.2,31.6,20.2,0.0,0.0,0.0,0.0,0.0,0.0,0.0,0.0,0.0,0.0,0.0,24.4,23.0,24.6,343,12,-0.37347653741307074,0.9276396261490467,0
2020-12-09,0.0,24.7,31.0,20.3,0.0,0.0,0.0,0.0,0.0,0.0,0.0,0.0,0.0,0.0,0.0,25.2,23.9,24.4,344,12,-0.3574644155648614,0.9339267592294762,0
2020-12-10,0.0,24.5,30.7,20.3,0.0,0.0,0.0,0.0,0.0,0.0,0.0,0.0,0.0,0.0,0.0,24.7,24.5,24.0,345,12,-0.34134651424503615,0.9399375283564133,0
2020-12-11,0.0,24.5,30.6,20.3,0.0,0.0,0.0,0.0,0.0,0.0,0.0,0.0,0.0,0.0,0.0,24.5,24.7,24.1,346,12,-0.3251276029999093,0.9456701548465688,0
2020-12-12,0.0,24.2,30.4,19.3,0.0,0.0,0.0,0.0,0.0,0.0,0.0,0.0,0.0,0.0,0.0,24.5,23.8,24.0,347,12,-0.30881248126625377,0.9511229423235357,0
2020-12-13,0.0,24.6,31.0,20.3,0.0,0.0,0.0,0.0,0.0,0.0,0.0,0.0,0.0,0.0,0.0,24.2,23.9,23.9,348,12,-0.29240597695107734,0.9562942772197719,0
2020-12-14,0.0,23.9,30.5,17.9,0.0,0.0,0.0,0.0,0.0,0.0,0.0,0.0,0.0,0.0,0.0,24.6,24.4,23.1,349,12,-0.27591294500296043,0.9611826292540837,0
2020-12-15,0.0,23.6,30.5,17.7,0.0,0.0,0.0,0.0,0.0,0.0,0.0,0.0,0.0,0.0,0.0,23.9,25.2,23.0,350,12,-0.2593382659754056,0.9657865518844574,0
2020-12-16,0.0,22.7,29.7,16.6,0.0,0.0,0.0,0.0,0.0,0.0,0.0,0.0,0.0,0.0,0.0,23.6,24.7,23.9,351,12,-0.2426868445825954,0.9701046827361175,0
2020-12-17,0.0,22.9,29.7,16.8,0.0,0.0,0.0,0.0,0.0,0.0,0.0,0.0,0.0,0.0,0.0,22.7,24.5,24.5,352,12,-0.22596360824801906,0.974135744004672,0
2020-12-18,0.0,23.1,30.0,17.5,0.0,0.0,0.0,0.0,0.0,0.0,0.0,0.0,0.0,0.0,0.0,22.9,24.5,24.7,353,12,-0.20917350564635637,0.9778785428342386,0
2020-12-19,0.0,23.3,29.9,17.8,0.0,0.0,0.0,0.0,0.0,0.0,0.0,0.0,0.0,0.0,0.0,23.1,24.2,23.8,354,12,-0.19232150523909483,0.9813319716704275,0
2020-12-20,0.0,23.9,30.1,18.8,0.0,0.0,0.0,0.0,0.0,0.0,0.0,0.0,0.0,0.0,0.0,23.3,24.6,23.9,355,12,-0.17541259380427843,0.9844950085880858,0
2020-12-21,0.0,24.7,30.3,19.6,0.0,0.0,0.0,0.0,0.0,0.0,0.0,0.0,0.0,0.0,0.0,23.9,23.9,24.4,356,12,-0.15845177496083632,0.9873667175937016,0
2020-12-22,0.0,25.1,31.1,20.4,0.0,0.0,0.0,0.0,0.0,0.0,0.0,0.0,0.0,0.0,0.0,24.7,23.6,25.2,357,12,-0.14144406768794202,0.9899462489023779,0
2020-12-23,0.0,25.0,30.7,20.4,0.0,0.0,0.0,0.0,0.0,0.0,0.0,0.0,0.0,0.0,0.0,25.1,22.7,24.7,358,12,-0.12439450483979998,0.9922328391893008,0
2020-12-24,0.0,25.3,31.2,20.1,0.0,0.0,0.0,0.0,0.0,0.0,0.0,0.0,0.0,0.0,0.0,25.0,22.9,24.5,359,12,-0.10730813165636247,0.9942258118156161,0
2020-12-25,0.0,24.7,31.2,20.0,0.0,0.0,0.0,0.0,0.0,0.0,0.0,0.0,0.0,0.0,0.0,25.3,23.1,24.5,360,12,-0.09019000427034513,0.9959245770286599,0
2020-12-26,0.0,25.5,31.0,20.2,0.0,0.0,0.0,0.0,0.0,0.0,0.0,0.0,0.0,0.0,0.0,24.7,23.3,24.2,361,12,-0.07304518821104743,0.9973286321364752,0
2020-12-27,0.0,25.3,31.5,20.0,0.0,0.0,0.0,0.0,0.0,0.0,0.0,0.0,0.0,0.0,0.0,25.5,23.9,24.6,362,12,-0.05587875690537313,0.9984375616565666,0
2020-12-28,0.0,24.5,31.7,18.3,0.0,0.0,0.0,0.0,0.0,0.0,0.0,0.0,0.0,0.0,0.0,25.3,24.7,23.9,363,12,-0.03869579017652689,0.9992510374388481,0
2020-12-29,0.0,24.9,31.5,19.1,0.0,0.0,0.0,0.0,0.0,0.0,0.0,0.0,0.0,0.0,0.0,24.5,25.1,23.6,364,12,-0.021501372740813793,0.999768818762748,0
2020-12-30,0.0,24.6,30.9,19.0,0.0,0.0,0.0,0.0,0.0,0.0,0.0,0.0,0.0,0.0,0.0,24.9,25.0,22.7,365,12,-0.004300592702981974,0.9999907524084426,0
2020-12-31,0.0,23.9,30.9,17.0,0.0,0.0,0.0,0.0,0.0,0.0,0.0,0.0,0.0,0.0,0.0,24.6,25.3,22.9,366,12,0.012901459949419653,0.9999167727021953,0
2021-01-01,0.0,24.3,30.3,18.7,0.0,0.0,0.0,0.0,0.0,0.0,0.0,0.0,0.0,0.0,0.0,23.9,24.7,23.1,1,1,0.017201575418260506,0.9998520419557735,0
2021-01-02,0.0,23.9,30.3,17.9,0.0,0.0,0.0,0.0,0.0,0.0,0.0,0.0,0.0,0.0,0.0,24.3,25.5,23.3,2,1,0.03439806061360801,0.9994082116062598,0
2021-01-03,0.0,23.8,30.6,18.2,0.0,0.0,0.0,0.0,0.0,0.0,0.0,0.0,0.0,0.0,0.0,23.9,25.3,23.9,3,1,0.051584366869408364,0.9986686402879997,0
2021-01-04,0.0,23.8,30.2,18.1,0.0,0.0,0.0,0.0,0.0,0.0,0.0,0.0,0.0,0.0,0.0,23.8,24.5,24.7,4,1,0.06875540848113941,0.9976335468520451,0
2021-01-05,0.0,23.9,30.5,17.5,0.0,0.0,0.0,0.0,0.0,0.0,0.0,0.0,0.0,0.0,0.0,23.8,24.9,25.1,5,1,0.08590610426133272,0.9963032375991965,0
2021-01-06,0.0,24.4,31.0,18.7,0.0,0.0,0.0,0.0,0.0,0.0,0.0,0.0,0.0,0.0,0.0,23.9,24.6,25.0,6,1,0.10303137904317879,0.9946781061893646,0
2021-01-07,0.0,24.0,30.6,19.4,0.0,0.0,0.0,0.0,0.0,0.0,0.0,0.0,0.0,0.0,0.0,24.4,23.9,25.3,7,1,0.1201261651823505,0.9927586335250793,0
2021-01-08,0.0,23.5,30.0,18.4,0.0,0.0,0.0,0.0,0.0,0.0,0.0,0.0,0.0,0.0,0.0,24.0,24.3,24.7,8,1,0.13718540405660057,0.9905453876091833,0
2021-01-09,0.0,22.7,28.2,17.5,0.0,0.0,0.0,0.0,0.0,0.0,0.0,0.0,0.0,0.0,0.0,23.5,23.9,25.5,9,1,0.1542040475626894,0.988039023376751,0
2021-01-10,0.0,22.3,28.5,16.3,0.0,0.0,0.0,0.0,0.0,0.0,0.0,0.0,0.0,0.0,0.0,22.7,23.8,25.3,10,1,0.17117705961019986,0.985240282501282,0
2021-01-11,0.0,22.0,28.4,16.5,0.0,0.0,0.0,0.0,0.0,0.0,0.0,0.0,0.0,0.0,0.0,22.3,23.8,24.5,11,1,0.18809941761179758,0.9821499931752291,0
2021-01-12,0.0,22.3,28.9,16.8,0.0,0.0,0.0,0.0,0.0,0.0,0.0,0.0,0.0,0.0,0.0,22.0,23.9,24.9,12,1,0.20496611396949532,0.9787690698649216,0
2021-01-13,0.0,22.8,29.5,17.0,0.0,0.0,0.0,0.0,0.0,0.0,0.0,0.0,0.0,0.0,0.0,22.3,24.4,24.6,13,1,0.22177215755648186,0.975098513039961,0
2021-01-14,0.0,22.8,29.2,17.0,0.0,0.0,0.0,0.0,0.0,0.0,0.0,0.0,0.0,0.0,0.0,22.8,24.0,23.9,14,1,0.23851257519407648,0.9711394088771653,0
2021-01-15,0.0,23.3,29.5,16.7,0.0,0.0,0.0,0.0,0.0,0.0,0.0,0.0,0.0,0.0,0.0,22.8,23.5,24.3,15,1,0.2551824131233728,0.9668929289391521,0
2021-01-16,0.0,24.0,30.6,18.3,0.0,0.0,0.0,0.0,0.0,0.0,0.0,0.0,0.0,0.0,0.0,23.3,22.7,23.9,16,1,0.2717767384711357,0.9623603298276545,0
2021-01-17,0.0,23.4,30.8,17.2,0.0,0.0,0.0,0.0,0.0,0.0,0.0,0.0,0.0,0.0,0.0,24.0,22.3,23.8,17,1,0.2882906407095177,0.9575429528116719,0
2021-01-18,0.0,24.1,31.3,16.6,0.0,0.0,0.0,0.0,0.0,0.0,0.0,0.0,0.0,0.0,0.0,23.4,22.0,23.8,18,1,0.3047192331091634,0.9524422234305676,0
2021-01-19,0.0,24.3,32.5,19.0,0.0,0.0,0.0,0.0,0.0,0.0,0.0,0.0,0.0,0.0,0.0,24.1,22.3,23.9,19,1,0.321057654185271,0.9470596510722283,0
2021-01-20,0.0,23.9,31.3,18.5,0.0,0.0,0.0,0.0,0.0,0.0,0.0,0.0,0.0,0.0,0.0,24.3,22.8,24.4,20,1,0.3373010691361842,0.9413968285264122,0
2021-01-21,0.0,25.0,31.8,19.6,0.0,0.0,0.0,0.0,0.0,0.0,0.0,0.0,0.0,0.0,0.0,23.9,22.8,24.0,21,1,0.3534446712740877,0.9354554315134164,0
2021-01-22,0.0,25.3,32.4,19.9,0.0,0.0,0.0,0.0,0.0,0.0,0.0,0.0,0.0,0.0,0.0,25.0,23.3,23.5,22,1,0.3694836834473831,0.9292372181882051,0
2021-01-23,0.0,25.4,32.4,19.9,0.0,0.0,0.0,0.0,0.0,0.0,0.0,0.0,0.0,0.0,0.0,25.3,24.0,22.7,23,1,0.38541335945432564,0.9227440286201427,0
2021-01-24,0.0,24.9,31.6,19.2,0.0,0.0,0.0,0.0,0.0,0.0,0.0,0.0,0.0,0.0,0.0,25.4,23.4,22.3,24,1,0.4012289854475009,0.9159777842484877,0
2021-01-25,0.0,25.5,32.4,19.7,0.0,0.0,0.0,0.0,0.0,0.0,0.0,0.0,0.0,0.0,0.0,24.9,24.1,22.0,25,1,0.4169258813287287,0.908940487313808,0
2021-01-26,0.0,26.1,32.6,21.2,0.0,0.0,0.0,0.0,0.0,0.0,0.0,0.0,0.0,0.0,0.0,25.5,24.3,22.3,26,1,0.4324994021339788,0.901634220265486,0
2021-01-27,0.0,25.6,32.1,19.8,0.0,0.0,0.0,0.0,0.0,0.0,0.0,0.0,0.0,0.0,0.0,26.1,23.9,22.8,27,1,0.44794493940789115,0.8940611451454876,0
2021-01-28,0.0,25.3,32.3,19.9,0.0,0.0,0.0,0.0,0.0,0.0,0.0,0.0,0.0,0.0,0.0,25.6,25.0,22.8,28,1,0.4632579225674917,0.88622350294858,0
2021-01-29,0.0,24.2,31.0,17.3,0.0,0.0,0.0,0.0,0.0,0.0,0.0,0.0,0.0,0.0,0.0,25.3,25.3,23.3,29,1,0.4784338202547012,0.8781236129591848,0
2021-01-30,0.0,24.2,32.0,17.1,0.0,0.0,0.0,0.0,0.0,0.0,0.0,0.0,0.0,0.0,0.0,24.2,25.4,24.0,30,1,0.49346814167723735,0.8697638720650646,0
2021-01-31,0.0,25.1,32.5,18.0,0.0,0.0,0.0,0.0,0.0,0.0,0.0,0.0,0.0,0.0,0.0,24.2,24.9,23.4,31,1,0.5083564379375122,0.8611467540480452,0
2021-02-01,0.0,26.0,32.6,20.7,0.0,0.0,0.0,0.0,0.0,0.0,0.0,0.0,0.0,0.0,0.0,25.1,25.5,24.1,32,2,0.5230943033491326,0.8522748088519838,0
2021-02-02,0.0,26.0,32.5,19.9,0.0,0.0,0.0,0.0,0.0,0.0,0.0,0.0,0.0,0.0,0.0,26.0,26.1,24.3,33,2,0.5376773767406141,0.8431506618282,0
2021-02-03,0.0,26.8,32.9,21.9,0.0,0.0,0.0,0.0,0.0,0.0,0.0,0.0,0.0,0.0,0.0,26.0,25.6,23.9,34,2,0.5521013427459208,0.8337770129585915,0
2021-02-04,0.0,26.2,32.6,19.5,0.0,0.0,0.0,0.0,0.0,0.0,0.0,0.0,0.0,0.0,0.0,26.8,25.3,25.0,35,2,0.5663619330814524,0.8241566360566663,0
2021-02-05,0.0,21.0,28.0,14.4,0.0,0.0,0.0,0.0,0.0,0.0,0.0,0.0,0.0,0.0,0.0,26.2,24.2,25.3,36,2,0.580454927809098,0.8142923779467267,0
2021-02-06,0.0,19.0,26.2,12.1,0.0,0.0,0.0,0.0,0.0,0.0,0.0,0.0,0.0,0.0,0.0,21.0,24.2,25.4,37,2,0.5943761565849831,0.804187157621448,0
2021-02-07,0.0,20.5,28.4,12.3,0.0,0.0,0.0,0.0,0.0,0.0,0.0,0.0,0.0,0.0,0.0,19.0,25.1,24.9,38,2,0.6081214998935418,0.7938439653781019,0
2021-02-08,0.2,22.1,28.9,15.3,0.0,0.0,0.0,0.0,0.0,0.0,0.0,0.0,0.0,0.0,0.0,20.5,26.0,25.5,39,2,0.6216868902665479,0.7832658619336791,1
2021-02-09,0.0,23.0,29.1,17.9,0.2,0.0,0.0,0.0,0.0,0.0,0.0,0.1999999999999929,0.2,0.2,0.2,22.1,26.0,26.1,40,2,0.6350683134867438,0.7724559775191742,0
2021-02-10,0.0,24.2,30.6,19.2,0.0,0.2,0.0,0.0,0.0,0.0,0.0,0.1999999999999929,0.2,0.2,0.2,23.0,26.8,25.6,41,2,0.6482618097757122,0.7614175109532997,0
2021-02-11,0.0,24.8,31.2,19.5,0.0,0.0,0.2,0.0,0.0,0.0,0.0,0.1999999999999929,0.2,0.2,0.2,24.2,26.2,25.3,42,2,0.6612634749656386,0.7501537286959042,0
2021-02-12,0.0,24.7,31.0,18.1,0.0,0.0,0.0,0.0,0.0,0.0,0.0,0.0,0.2,0.2,0.2,24.8,21.0,24.2,43,2,0.6740694616546161,0.7386679638813748,0
2021-02-13,0.0,25.1,31.5,18.7,0.0,0.0,0.0,0.0,0.0,0.0,0.0,0.0,0.2,0.2,0.2,24.7,19.0,24.2,44,2,0.6866759803451553,0.726963615332308,0
2021-02-14,0.0,25.8,32.8,19.1,0.0,0.0,0.0,0.0,0.0,0.0,0.0,0.0,0.2,0.2,0.2,25.1,20.5,25.1,45,2,0.6990793005655562,0.7150441465537444,0
2021-02-15,0.0,26.8,33.3,21.3,0.0,0.0,0.0,0.2,0.0,0.0,0.0,0.0,0.2,0.2,0.2,25.8,22.1,26.0,46,2,0.7112757519738152,0.7029130847082615,0
2021-02-16,0.0,27.4,33.0,21.7,0.0,0.0,0.0,0.0,0.0,0.0,0.0,0.0,0.0,0.2,0.2,26.8,23.0,26.0,47,2,0.7232617254437388,0.6905740195722294,0
2021-02-17,0.2,24.2,29.7,18.3,0.0,0.0,0.0,0.0,0.0,0.0,0.0,0.0,0.0,0.2,0.2,27.4,24.2,26.8,48,2,0.7350336741329412,0.6780306024735382,1
2021-02-18,0.0,22.7,29.5,17.1,0.2,0.0,0.0,0.0,0.0,0.0,0.0,0.1999999999999929,0.2,0.4,0.4,24.2,24.8,26.2,49,2,0.746588114532413,0.6652865452111116,0
2021-02-19,0.0,22.2,29.5,15.6,0.0,0.2,0.0,0.0,0.0,0.0,0.0,0.1999999999999929,0.2,0.4,0.4,22.7,24.7,21.0,50,2,0.7579216274973472,0.6523456189565257,0
2021-02-20,0.0,22.5,29.9,15.7,0.0,0.0,0.2,0.0,0.0,0.0,0.0,0.1999999999999929,0.2,0.4,0.4,22.2,25.1,19.0,51,2,0.7690308592589181,0.6392116531380588,0
2021-02-21,0.0,22.6,29.7,15.6,0.0,0.0,0.0,0.0,0.0,0.0,0.0,0.0,0.2,0.4,0.4,22.5,25.8,20.5,52,2,0.7799125224167177,0.6258885343075018,0
2021-02-22,0.0,24.3,31.2,16.8,0.0,0.0,0.0,0.0,0.2,0.0,0.0,0.0,0.2,0.4,0.4,22.6,26.8,22.1,53,2,0.7905633969115482,0.612380204990065,0
2021-02-23,0.0,24.5,31.2,17.7,0.0,0.0,0.0,0.0,0.0,0.0,0.0,0.0,0.2,0.2,0.4,24.3,27.4,23.0,54,2,0.8009803309782905,0.5986906625177214,0
2021-02-24,0.0,24.1,31.1,17.0,0.0,0.0,0.0,0.2,0.0,0.0,0.0,0.0,0.2,0.2,0.4,24.5,24.2,24.2,55,2,0.8111602420785621,0.5848239578463322,0
2021-02-25,0.0,23.7,31.2,16.3,0.0,0.0,0.0,0.0,0.0,0.0,0.0,0.0,0.0,0.2,0.4,24.1,22.7,24.8,56,2,0.8211001178128892,0.5707841943569036,0
2021-02-26,0.0,24.9,32.4,17.5,0.0,0.0,0.0,0.0,0.0,0.0,0.0,0.0,0.0,0.2,0.4,23.7,22.2,24.7,57,2,0.8307970168121247,0.5565755266413303,0
2021-02-27,0.0,25.1,32.8,17.2,0.0,0.0,0.0,0.0,0.0,0.0,0.0,0.0,0.0,0.2,0.4,24.9,22.5,25.1,58,2,0.8402480696078469,0.5422021592729844,0
2021-02-28,0.0,24.5,31.2,18.3,0.0,0.0,0.0,0.0,0.0,0.0,0.0,0.0,0.0,0.2,0.4,25.1,22.6,25.8,59,2,0.8494504794814806,0.527668345562516,0
2021-03-01,0.0,25.3,32.6,17.9,0.0,0.0,0.0,0.0,0.0,0.2,0.0,0.0,0.0,0.2,0.4,24.5,24.3,26.8,60,3,0.8584015232918917,0.512978386299228,0
2021-03-02,0.0,25.9,32.6,18.8,0.0,0.0,0.0,0.0,0.0,0.0,0.0,0.0,0.0,0.2,0.4,25.3,24.5,27.4,61,3,0.8670985522812081,0.4981366284784055,0
2021-03-03,0.0,25.8,31.3,21.3,0.0,0.0,0.0,0.0,0.2,0.0,0.0,0.0,0.0,0.2,0.4,25.9,24.1,24.2,62,3,0.8755389928586302,0.4831474640149687,0
2021-03-04,0.0,27.2,34.0,21.9,0.0,0.0,0.0,0.0,0.0,0.0,0.0,0.0,0.0,0.0,0.4,25.8,23.7,22.7,63,3,0.8837203473619977,0.4680153284438345,0
2021-03-05,0.0,27.6,34.1,21.9,0.0,0.0,0.0,0.0,0.0,0.0,0.0,0.0,0.0,0.0,0.4,27.2,24.9,22.2,64,3,0.8916401947968874,0.45274469960737107,0
2021-03-06,0.0,27.8,34.5,22.2,0.0,0.0,0.0,0.0,0.0,0.0,0.0,0.0,0.0,0.0,0.4,27.6,25.1,22.5,65,3,0.8992961915530253,0.4373400963303323,0
2021-03-07,0.0,27.4,34.0,21.5,0.0,0.0,0.0,0.0,0.0,0.0,0.0,0.0,0.0,0.0,0.4,27.8,24.5,22.6,66,3,0.9066860720977985,0.4218060770826634,0
2021-03-08,0.0,27.7,34.5,21.6,0.0,0.0,0.0,0.0,0.0,0.0,0.2,0.0,0.0,0.0,0.4,27.4,25.3,24.3,67,3,0.9138076496466615,0.40614723863057883,0
2021-03-09,0.0,28.0,35.0,21.5,0.0,0.0,0.0,0.0,0.0,0.0,0.0,0.0,0.0,0.0,0.2,27.7,25.9,24.5,68,3,0.9206588168102428,0.3903682146763026,0
2021-03-10,0.0,28.9,35.7,22.4,0.0,0.0,0.0,0.0,0.0,0.2,0.0,0.0,0.0,0.0,0.2,28.0,25.8,24.1,69,3,0.9272375462179537,0.374473674486883,0
2021-03-11,0.0,29.3,35.7,23.0,0.0,0.0,0.0,0.0,0.0,0.0,0.0,0.0,0.0,0.0,0.2,28.9,27.2,23.7,70,3,0.9335418911179212,0.35846832151248087,0
2021-03-12,0.0,29.5,35.9,24.2,0.0,0.0,0.0,0.0,0.0,0.0,0.0,0.0,0.0,0.0,0.2,29.3,27.6,24.9,71,3,0.9395699859530622,0.342356891994542,0
2021-03-13,0.0,29.4,36.2,24.2,0.0,0.0,0.0,0.0,0.0,0.0,0.0,0.0,0.0,0.0,0.2,29.5,27.8,25.1,72,3,0.945320046913132,0.3261441535642696,0
2021-03-14,0.0,28.9,36.2,23.1,0.0,0.0,0.0,0.0,0.0,0.0,0.0,0.0,0.0,0.0,0.2,29.4,27.4,24.5,73,3,0.9507903724625832,0.3098349038318025,0
2021-03-15,0.0,28.7,35.2,23.9,0.0,0.0,0.0,0.0,0.0,0.0,0.0,0.0,0.0,0.0,0.2,28.9,27.7,25.3,74,3,0.9559793438440766,0.2934339689665273,0
2021-03-16,0.0,29.3,35.7,23.7,0.0,0.0,0.0,0.0,0.0,0.0,0.0,0.0,0.0,0.0,0.2,28.7,28.0,25.9,75,3,0.9608854255574977,0.27694620226893646,0
2021-03-17,0.0,29.1,35.4,24.0,0.0,0.0,0.0,0.0,0.0,0.0,0.2,0.0,0.0,0.0,0.2,29.3,28.9,25.8,76,3,0.9655071658143364,0.2603764827344581,0
2021-03-18,0.0,28.8,34.9,23.6,0.0,0.0,0.0,0.0,0.0,0.0,0.0,0.0,0.0,0.0,0.0,29.1,29.3,27.2,77,3,0.969843196967294,0.24372971360968387,0
2021-03-19,0.0,28.5,34.3,23.6,0.0,0.0,0.0,0.0,0.0,0.0,0.0,0.0,0.0,0.0,0.0,28.8,29.5,27.6,78,3,0.9738922359149924,0.22701082094141847,0
2021-03-20,0.0,28.0,34.8,22.6,0.0,0.0,0.0,0.0,0.0,0.0,0.0,0.0,0.0,0.0,0.0,28.5,29.4,27.8,79,3,0.9776530844816641,0.2102247521189836,0
2021-03-21,0.0,27.9,34.9,22.2,0.0,0.0,0.0,0.0,0.0,0.0,0.0,0.0,0.0,0.0,0.0,28.0,28.9,27.4,80,3,0.981124629771712,0.19337647441020586,0
2021-03-22,0.0,28.4,35.0,22.6,0.0,0.0,0.0,0.0,0.0,0.0,0.0,0.0,0.0,0.0,0.0,27.9,28.7,27.7,81,3,0.984305844499033,0.17647097349152166,0
2021-03-23,0.0,28.8,34.6,23.4,0.0,0.0,0.0,0.0,0.0,0.0,0.0,0.0,0.0,0.0,0.0,28.4,29.3,28.0,82,3,0.9871957872910085,0.15951325197263655,0
2021-03-24,0.0,29.4,35.4,24.3,0.0,0.0,0.0,0.0,0.0,0.0,0.0,0.0,0.0,0.0,0.0,28.8,29.1,28.9,83,3,0.9897936029670716,0.14250832791617088,0
2021-03-25,0.0,30.2,36.8,25.2,0.0,0.0,0.0,0.0,0.0,0.0,0.0,0.0,0.0,0.0,0.0,29.4,28.8,29.3,84,3,0.992098522791769,0.12546123335273648,0
2021-03-26,0.0,29.2,36.1,23.8,0.0,0.0,0.0,0.0,0.0,0.0,0.0,0.0,0.0,0.0,0.0,30.2,28.5,29.5,85,3,0.9941098647022418,0.10837701279187609,0
2021-03-27,0.0,28.2,35.0,22.2,0.0,0.0,0.0,0.0,0.0,0.0,0.0,0.0,0.0,0.0,0.0,29.2,28.0,29.4,86,3,0.9958270335100595,0.09126072172931188,0
2021-03-28,0.0,27.8,33.7,22.3,0.0,0.0,0.0,0.0,0.0,0.0,0.0,0.0,0.0,0.0,0.0,28.2,27.9,28.9,87,3,0.9972495210773451,0.07411742515094437,0
2021-03-29,0.0,27.5,33.3,22.1,0.0,0.0,0.0,0.0,0.0,0.0,0.0,0.0,0.0,0.0,0.0,27.8,28.4,28.7,88,3,0.998376906467142,0.056952196034039754,0
2021-03-30,0.0,27.6,32.3,22.7,0.0,0.0,0.0,0.0,0.0,0.0,0.0,0.0,0.0,0.0,0.0,27.5,28.8,29.3,89,3,0.9992088560679753,0.03977011384605572,0
2021-03-31,0.0,28.0,32.7,22.4,0.0,0.0,0.0,0.0,0.0,0.0,0.0,0.0,0.0,0.0,0.0,27.6,29.4,29.1,90,3,0.9997451236925734,0.022576263041545485,0
2021-04-01,0.0,28.8,35.2,23.9,0.0,0.0,0.0,0.0,0.0,0.0,0.0,0.0,0.0,0.0,0.0,28.0,30.2,28.8,91,4,0.9999855506507186,0.005375731557583884,0
2021-04-02,0.0,27.8,33.4,22.5,0.0,0.0,0.0,0.0,0.0,0.0,0.0,0.0,0.0,0.0,0.0,28.8,29.2,28.5,92,4,0.9999300657962057,-0.011826390691832589,0
2021-04-03,0.0,28.2,35.0,21.9,0.0,0.0,0.0,0.0,0.0,0.0,0.0,0.0,0.0,0.0,0.0,27.8,28.2,28.0,93,4,0.9995786855478958,-0.029025013321975237,0
2021-04-04,0.0,28.4,35.6,21.1,0.0,0.0,0.0,0.0,0.0,0.0,0.0,0.0,0.0,0.0,0.0,28.2,27.8,27.9,94,4,0.9989315138848577,-0.046215046983708354,0
2021-04-05,0.0,29.0,35.7,23.0,0.0,0.0,0.0,0.0,0.0,0.0,0.0,0.0,0.0,0.0,0.0,28.4,27.5,28.4,95,4,0.9979887423155984,-0.06339140486951038,0
2021-04-06,0.0,29.2,34.8,24.0,0.0,0.0,0.0,0.0,0.0,0.0,0.0,0.0,0.0,0.0,0.0,29.0,27.6,28.8,96,4,0.9967506498213929,-0.08054900421874167,0
2021-04-07,0.0,30.5,35.8,25.4,0.0,0.0,0.0,0.0,0.0,0.0,0.0,0.0,0.0,0.0,0.0,29.2,28.0,29.4,97,4,0.9952176027737294,-0.09768276782171598,0
2021-04-08,0.0,29.9,36.1,25.0,0.0,0.0,0.0,0.0,0.0,0.0,0.0,0.0,0.0,0.0,0.0,30.5,28.8,30.2,98,4,0.9933900548258936,-0.11478762552212701,0
2021-04-09,0.0,30.3,34.5,25.3,0.0,0.0,0.0,0.0,0.0,0.0,0.0,0.0,0.0,0.0,0.0,29.9,27.8,29.2,99,4,0.9912685467787256,-0.13185851571739118,0
2021-04-10,0.0,29.7,34.6,24.9,0.0,0.0,0.0,0.0,0.0,0.0,0.0,0.0,0.0,0.0,0.0,30.3,28.2,28.2,100,4,0.9888537064205885,-0.1488903868564548,0
2021-04-11,0.0,29.1,35.1,23.1,0.0,0.0,0.0,0.0,0.0,0.0,0.0,0.0,0.0,0.0,0.0,29.7,28.4,27.8,101,4,0.986146248341595,-0.16587819893463143,0
2021-04-12,0.0,27.7,34.2,22.1,0.0,0.0,0.0,0.0,0.0,0.0,0.0,0.0,0.0,0.0,0.0,29.1,29.0,27.5,102,4,0.9831469737221499,-0.1828169249850199,0
2021-04-13,0.0,27.8,34.0,21.5,0.0,0.0,0.0,0.0,0.0,0.0,0.0,0.0,0.0,0.0,0.0,27.7,29.2,27.6,103,4,0.9798567700958665,-0.1997015525660636,0
2021-04-14,0.0,28.0,34.2,21.2,0.0,0.0,0.0,0.0,0.0,0.0,0.0,0.0,0.0,0.0,0.0,27.8,30.5,28.0,104,4,0.9762766110869321,-0.21652708524481437,0
2021-04-15,0.0,28.1,34.6,21.2,0.0,0.0,0.0,0.0,0.0,0.0,0.0,0.0,0.0,0.0,0.0,28.0,29.9,28.8,105,4,0.9724075561219968,-0.23328854407545518,0
2021-04-16,0.0,28.2,35.9,23.2,0.0,0.0,0.0,0.0,0.0,0.0,0.0,0.0,0.0,0.0,0.0,28.1,30.3,27.8,106,4,0.9682507501166718,-0.2499809690726521,0
2021-04-17,0.3,27.6,33.9,23.4,0.0,0.0,0.0,0.0,0.0,0.0,0.0,0.0,0.0,0.0,0.0,28.2,29.7,28.2,107,4,0.9638074231367307,-0.26659942067929354,1
2021-04-18,0.0,28.7,35.1,24.0,0.3,0.0,0.0,0.0,0.0,0.0,0.0,0.2999999999999929,0.3,0.3,0.3,27.6,29.1,28.4,108,4,0.9590788900341131,-0.28313898122818354,0
2021-04-19,0.0,28.6,33.6,24.4,0.0,0.3,0.0,0.0,0.0,0.0,0.0,0.2999999999999929,0.3,0.3,0.3,28.7,27.7,29.0,109,4,0.9540665500578387,-0.2995947563972602,0
2021-04-20,0.0,29.1,35.0,23.8,0.0,0.0,0.3,0.0,0.0,0.0,0.0,0.2999999999999929,0.3,0.3,0.3,28.6,27.8,29.2,110,4,0.9487718864399473,-0.31596187665790293,0
2021-04-21,0.0,29.6,35.0,24.6,0.0,0.0,0.0,0.0,0.0,0.0,0.0,0.0,0.3,0.3,0.3,29.1,28.0,30.5,111,4,0.9431964659565866,-0.33223549871590435,0
2021-04-22,0.0,29.4,33.2,26.0,0.0,0.0,0.0,0.0,0.0,0.0,0.0,0.0,0.3,0.3,0.3,29.6,28.1,29.9,112,4,0.9373419384643772,-0.3484108069446808,0
2021-04-23,0.0,28.3,32.6,24.5,0.0,0.0,0.0,0.0,0.0,0.0,0.0,0.0,0.3,0.3,0.3,29.4,28.2,30.3,113,4,0.9312100364121947,-0.3644830148102912,0
2021-04-24,0.0,27.6,32.9,23.0,0.0,0.0,0.0,0.3,0.0,0.0,0.0,0.0,0.3,0.3,0.3,28.3,27.6,29.7,114,4,0.9248025743285089,-0.38044736628785164,0
2021-04-25,0.1,26.8,31.2,22.3,0.0,0.0,0.0,0.0,0.0,0.0,0.0,0.0,0.0,0.3,0.3,27.6,28.7,29.1,115,4,0.9181214482844365,-0.39629913726891813,0
2021-04-26,0.6,25.4,30.8,20.9,0.1,0.0,0.0,0.0,0.0,0.0,0.0,0.0999999999999929,0.1,0.4,0.4,26.8,28.6,27.7,116,4,0.9111686353326631,-0.41203363695942635,1
2021-04-27,0.1,26.0,30.0,21.0,0.6,0.1,0.0,0.0,0.0,0.0,0.0,0.6999999999999929,0.7,1.0,1.0,25.4,29.1,27.8,117,4,0.9039461929224011,-0.42764620926777464,0
2021-04-28,0.0,27.4,32.8,22.0,0.1,0.6,0.1,0.0,0.0,0.0,0.0,0.7999999999999928,0.7999999999999999,1.1,1.1,26.0,29.6,28.0,118,4,0.8964562582905575,-0.44313223418263453,0
2021-04-29,0.0,28.6,33.7,22.6,0.0,0.1,0.6,0.0,0.0,0.0,0.0,0.6999999999999929,0.7999999999999999,1.1,1.1,27.4,29.4,28.1,119,4,0.8887010478292915,-0.45848712914008766,0
2021-04-30,0.0,28.0,33.4,23.6,0.0,0.0,0.1,0.0,0.0,0.0,0.0,0.0999999999999929,0.7999999999999999,1.1,1.1,28.6,28.3,28.2,120,4,0.8806828564301475,-0.47370635037968,0
2021-05-01,3.3,25.2,32.0,19.0,0.0,0.0,0.0,0.0,0.3,0.0,0.0,0.0,0.7999999999999999,1.1,1.1,28.0,27.6,27.6,121,5,0.8724040568049612,-0.48878539428899265,1
2021-05-02,9.2,23.2,29.6,19.0,3.3,0.0,0.0,0.1,0.0,0.0,0.0,3.2999999999999927,4.1,4.1,4.4,25.2,26.8,28.7,122,5,0.8638670987837349,-0.503719798736334,1
2021-05-03,10.5,20.5,23.8,18.5,9.2,3.3,0.0,0.6,0.0,0.0,0.0,12.499999999999993,13.2,13.299999999999999,13.6,23.2,25.4,28.6,123,5,0.8550745085896932,-0.518505144391157,1
2021-05-04,0.8,22.7,28.5,18.8,10.5,9.2,3.3,0.1,0.0,0.0,0.0,22.999999999999993,23.1,23.799999999999997,24.1,20.5,26.0,29.1,124,5,0.8460288880917339,-0.533137056031809,1
2021-05-05,1.0,23.3,27.9,18.9,0.8,10.5,9.2,0.0,0.0,0.0,0.0,20.499999999999993,23.799999999999997,24.599999999999998,24.9,22.7,27.4,29.6,125,5,0.8367329140344921,-0.5476112038402312,1
2021-05-06,0.1,24.6,29.0,20.6,1.0,0.8,10.5,0.0,0.0,0.0,0.0,12.299999999999994,24.799999999999997,25.599999999999998,25.9,23.3,28.6,29.4,126,5,0.8271893372462497,-0.5619233046832195,0
2021-05-07,0.5,23.7,27.2,20.8,0.1,1.0,0.8,0.0,0.0,0.0,0.0,1.899999999999993,24.9,25.7,26.0,24.6,28.0,28.3,127,5,0.8174009818249189,-0.5760691233798758,1
2021-05-08,10.6,22.8,29.2,19.8,0.5,0.1,1.0,3.3,0.0,0.3,0.0,1.599999999999993,25.4,26.2,26.5,23.7,25.2,27.6,128,5,0.8073707443023492,-0.5900444739548627,1
2021-05-09,0.0,24.0,28.2,20.0,10.6,0.5,0.1,9.2,0.1,0.0,0.0,11.199999999999992,32.7,36.8,37.1,22.8,23.2,26.8,129,5,0.7971015927871943,-0.6038452208771035,0
2021-05-10,0.0,24.3,29.0,19.3,0.0,10.6,0.5,10.5,0.6,0.0,0.0,11.099999999999993,23.5,36.699999999999996,37.1,24.0,20.5,25.4,130,5,0.7865965660866021,-0.6174672802835514,0
2021-05-11,2.0,24.4,31.0,20.2,0.0,0.0,10.6,0.8,0.1,0.0,0.0,10.599999999999993,13.0,36.099999999999994,37.1,24.3,22.7,26.0,131,5,0.7758587728069828,-0.6309066211876704,1
2021-05-12,2.1,23.6,28.2,19.2,2.0,0.0,0.0,1.0,0.0,0.0,0.0,1.999999999999993,14.2,38.0,39.1,24.4,23.3,27.4,132,5,0.7648913904341226,-0.6441592666722685,1
2021-05-13,0.1,25.0,31.4,18.9,2.1,2.0,0.0,0.1,0.0,0.0,0.0,4.0999999999999925,15.299999999999999,40.1,41.2,23.6,24.6,28.6,133,5,0.753697664392914,-0.6572212950663319,0
2021-05-14,0.1,25.4,30.7,19.4,0.1,2.1,2.0,0.5,0.0,0.0,0.0,4.199999999999993,15.299999999999999,40.2,41.3,25.0,23.7,28.0,134,5,0.742280907086982,-0.6700888411055113,0
2021-05-15,0.2,25.9,32.7,20.6,0.1,0.1,2.1,10.6,3.3,0.0,0.3,2.299999999999993,14.9,40.300000000000004,41.4,25.4,22.8,25.2,135,5,0.7306444969184916,-0.6827580970759147,1
2021-05-16,0.0,27.1,32.7,21.6,0.2,0.1,0.1,0.0,9.2,0.1,0.0,0.3999999999999929,4.5,37.199999999999996,41.300000000000004,25.9,24.0,23.2,136,5,0.7187918772884232,-0.6952253139408722,0
2021-05-17,0.0,27.6,33.2,21.9,0.0,0.2,0.1,0.0,10.5,0.6,0.0,0.29999999999999294,4.5,28.000000000000004,41.300000000000004,27.1,24.3,20.5,137,5,0.7067265555776158,-0.7074868024503348,0
2021-05-18,0.0,29.1,34.4,22.5,0.0,0.0,0.2,2.0,0.8,0.1,0.0,0.1999999999999929,4.5,17.5,41.300000000000004,27.6,24.4,22.7,138,5,0.6944521021088763,-0.719538934232584,0
2021-05-19,0.0,28.8,34.4,23.7,0.0,0.0,0.0,2.1,1.0,0.0,0.0,0.0,2.5,16.700000000000003,41.300000000000004,29.1,23.6,23.3,139,5,0.6819721490904629,-0.7313781428679254,0
2021-05-20,0.0,28.7,33.6,21.2,0.0,0.0,0.0,0.1,0.1,0.0,0.0,0.0,0.4,15.7,41.300000000000004,28.8,25.0,24.6,140,5,0.6692903895412567,-0.7430009249440493,0
2021-05-21,0.0,29.8,35.6,23.1,0.0,0.0,0.0,0.1,0.5,0.0,0.0,0.0,0.30000000000000004,15.6,41.300000000000004,28.7,25.4,23.7,141,5,0.6564105761979381,-0.7544038410927472,0
2021-05-22,0.0,29.9,36.4,22.3,0.0,0.0,0.0,0.2,10.6,3.3,0.0,0.0,0.2,15.1,41.300000000000004,29.8,25.9,22.8,142,5,0.6433365204044917,-0.765583517007675,0
2021-05-23,0.0,30.2,35.8,25.0,0.0,0.0,0.0,0.0,0.0,9.2,0.1,0.0,0.0,4.5,41.300000000000004,29.9,27.1,24.0,143,5,0.6300720909843687,-0.7765366444428655,0
2021-05-24,0.0,29.9,35.6,24.2,0.0,0.0,0.0,0.0,0.0,10.5,0.6,0.0,0.0,4.5,41.2,30.2,27.6,24.3,144,5,0.6166212130956382,-0.7872599821916922,0
2021-05-25,0.0,29.6,34.3,24.0,0.0,0.0,0.0,0.0,2.0,0.8,0.1,0.0,0.0,4.5,40.6,29.9,29.1,24.4,145,5,0.6029878670694714,-0.7977503570459932,0
2021-05-26,0.0,30.4,34.9,25.9,0.0,0.0,0.0,0.0,2.1,1.0,0.0,0.0,0.0,2.5,40.5,29.6,28.8,23.6,146,5,0.5891760872322963,-0.8080046647350754,0
2021-05-27,0.0,30.5,35.7,25.6,0.0,0.0,0.0,0.0,0.1,0.1,0.0,0.0,0.0,0.4,40.5,30.4,28.7,25.0,147,5,0.5751899607119775,-0.8180198708443175,0
2021-05-28,0.0,29.3,35.3,24.2,0.0,0.0,0.0,0.0,0.1,0.5,0.0,0.0,0.0,0.30000000000000004,40.5,30.5,29.8,25.4,148,5,0.5610336262283677,-0.8277930117131022,0
2021-05-29,0.0,30.1,36.4,23.0,0.0,0.0,0.0,0.0,0.2,10.6,3.3,0.0,0.0,0.2,40.5,29.3,29.9,25.9,149,5,0.5467112728685939,-0.8373211953118121,0
2021-05-30,0.0,30.8,36.5,24.7,0.0,0.0,0.0,0.0,0.0,0.0,9.2,0.0,0.0,0.0,37.2,30.1,30.2,27.1,150,5,0.5322271388474397,-0.8466016020976267,0
2021-05-31,0.0,30.7,36.9,23.3,0.0,0.0,0.0,0.0,0.0,0.0,10.5,0.0,0.0,0.0,28.0,30.8,29.9,27.6,151,5,0.5175855102531889,-0.8556314858488706,0
2021-06-01,0.0,31.7,38.1,25.8,0.0,0.0,0.0,0.0,0.0,2.0,0.8,0.0,0.0,0.0,17.5,30.7,29.6,29.1,152,6,0.5027907197793043,-0.8644081744776648,0
2021-06-02,0.0,29.9,35.1,24.1,0.0,0.0,0.0,0.0,0.0,2.1,1.0,0.0,0.0,0.0,16.700000000000003,31.7,30.4,28.8,153,6,0.4878471454423119,-0.8729290708206411,0
2021-06-03,0.0,27.6,32.2,22.8,0.0,0.0,0.0,0.0,0.0,0.1,0.1,0.0,0.0,0.0,15.7,29.9,30.5,28.7,154,6,0.47275920928627757,-0.881191653407483,0
2021-06-04,0.0,27.9,32.8,22.0,0.0,0.0,0.0,0.0,0.0,0.1,0.5,0.0,0.0,0.0,15.6,27.6,29.3,29.8,155,6,0.4575313760742512,-0.8891934772070711,0
2021-06-05,0.0,28.4,33.1,21.8,0.0,0.0,0.0,0.0,0.0,0.2,10.6,0.0,0.0,0.0,15.1,27.9,30.1,29.9,156,6,0.44216815196707204,-0.8969321743510065,0
2021-06-06,0.0,29.9,36.6,23.2,0.0,0.0,0.0,0.0,0.0,0.0,0.0,0.0,0.0,0.0,4.5,28.4,30.8,30.2,157,6,0.42667408318992467,-0.9044054548343001,0
2021-06-07,0.0,27.7,32.9,21.2,0.0,0.0,0.0,0.0,0.0,0.0,0.0,0.0,0.0,0.0,4.5,29.9,30.7,29.9,158,6,0.4110537546870351,-0.9116111071930239,0
2021-06-08,0.0,28.3,33.1,23.8,0.0,0.0,0.0,0.0,0.0,0.0,2.0,0.0,0.0,0.0,4.5,27.7,31.7,29.6,159,6,0.3953117887649151,-0.9185469991587165,0
2021-06-09,0.0,29.6,34.1,26.5,0.0,0.0,0.0,0.0,0.0,0.0,2.1,0.0,0.0,0.0,2.5,28.3,29.9,30.4,160,6,0.37945284372454435,-0.925211078289358,0
2021-06-10,0.0,28.9,33.8,24.6,0.0,0.0,0.0,0.0,0.0,0.0,0.1,0.0,0.0,0.0,0.4,29.6,27.6,30.5,161,6,0.36348161248290634,-0.9316013725767187,0
2021-06-11,0.0,29.1,34.6,24.1,0.0,0.0,0.0,0.0,0.0,0.0,0.1,0.0,0.0,0.0,0.30000000000000004,28.9,27.9,29.3,162,6,0.3474028211842774,-0.9377159910299093,0
2021-06-12,0.0,30.2,35.4,22.9,0.0,0.0,0.0,0.0,0.0,0.0,0.2,0.0,0.0,0.0,0.2,29.1,28.4,30.1,163,6,0.3312212278016865,-0.9435531242349544,0
2021-06-13,0.0,29.1,33.2,24.5,0.0,0.0,0.0,0.0,0.0,0.0,0.0,0.0,0.0,0.0,0.0,30.2,29.9,30.8,164,6,0.31494162072895193,-0.9491110448902284,0
2021-06-14,0.3,27.2,31.7,22.8,0.0,0.0,0.0,0.0,0.0,0.0,0.0,0.0,0.0,0.0,0.0,29.1,27.7,30.7,165,6,0.2985688173637202,-0.9543881083175908,1
2021-06-15,0.1,26.2,30.7,20.1,0.3,0.0,0.0,0.0,0.0,0.0,0.0,0.2999999999999929,0.3,0.3,0.3,27.2,28.3,31.7,166,6,0.2821076626819194,-0.9593827529490743,0
2021-06-16,0.1,26.2,31.0,20.8,0.1,0.3,0.0,0.0,0.0,0.0,0.0,0.3999999999999929,0.4,0.4,0.4,26.2,29.6,29.9,167,6,0.26556302780405594,-0.9640935007889755,0
2021-06-17,0.1,27.4,32.2,20.4,0.1,0.1,0.3,0.0,0.0,0.0,0.0,0.4999999999999929,0.5,0.5,0.5,26.2,28.9,27.6,168,6,0.24893980855376657,-0.9685189578512204,0
2021-06-18,0.6,27.4,32.3,21.3,0.1,0.1,0.1,0.0,0.0,0.0,0.0,0.30000000000000004,0.6,0.6,0.6,27.4,29.1,27.9,169,6,0.23224292400907015,-0.9726578145718654,1
2021-06-19,5.3,24.5,31.6,20.2,0.6,0.1,0.1,0.0,0.0,0.0,0.0,0.7999999999999929,1.2,1.2,1.2,27.4,30.2,28.4,170,6,0.21547731504673012,-0.976508846196619,1
2021-06-20,2.0,24.5,30.4,19.3,5.3,0.6,0.1,0.0,0.0,0.0,0.0,5.999999999999993,6.5,6.5,6.5,24.5,29.1,29.9,171,6,0.19864794288017112,-0.9800709131432666,1
2021-06-21,0.4,23.6,29.9,18.2,2.0,5.3,0.6,0.3,0.0,0.0,0.0,7.899999999999993,8.5,8.5,8.5,24.5,27.2,27.7,172,6,0.18175978759137534,-0.9833429613388902,1
2021-06-22,0.0,25.4,30.9,18.2,0.4,2.0,5.3,0.1,0.0,0.0,0.0,7.699999999999993,8.6,8.9,8.9,23.6,26.2,28.3,173,6,0.16481784665719793,-0.9863240225317866,0
2021-06-23,0.0,27.5,31.2,24.5,0.0,0.4,2.0,0.1,0.0,0.0,0.0,2.399999999999993,8.5,8.9,8.9,25.4,26.2,29.6,174,6,0.14782713347053048,-0.9890132145779883,0
2021-06-24,0.1,24.3,30.6,19.6,0.0,0.0,0.4,0.1,0.0,0.0,0.0,0.3999999999999929,8.4,8.9,8.9,27.5,27.4,28.9,175,6,0.13079267585675922,-0.9914097417023038,0
2021-06-25,2.4,23.6,30.9,19.6,0.1,0.0,0.0,0.6,0.0,0.0,0.0,0.0999999999999929,8.4,9.0,9.0,24.3,27.4,29.1,176,6,0.11371951458594969,-0.9935128947338007,1
2021-06-26,0.9,24.8,32.5,20.3,2.4,0.1,0.0,5.3,0.0,0.0,0.0,2.499999999999993,10.2,11.4,11.4,23.6,24.5,30.2,177,6,0.0966127018812031,-0.9953220513156602,1
2021-06-27,0.0,26.9,31.9,19.5,0.9,2.4,0.1,2.0,0.0,0.0,0.0,3.399999999999993,5.8,12.3,12.3,24.8,24.5,29.1,178,6,0.07947729992362097,-0.9968366760893436,0
2021-06-28,0.0,28.4,32.6,24.3,0.0,0.9,2.4,0.4,0.3,0.0,0.0,3.2999999999999927,3.8,12.3,12.3,26.9,23.6,27.2,179,6,0.062318379354325076,-0.998056320853012,0
2021-06-29,0.8,26.9,31.7,22.3,0.0,0.0,0.9,0.0,0.1,0.0,0.0,0.8999999999999929,3.4,12.0,12.3,28.4,25.4,26.2,180,6,0.04514101777397193,-0.9989806246941579,1
2021-06-30,3.6,22.5,28.2,18.5,0.8,0.0,0.0,0.0,0.1,0.0,0.0,0.7999999999999929,4.2,12.7,13.1,26.9,27.5,26.2,181,6,0.02795029824021032,-0.999609314096404,1
2021-07-01,0.8,22.8,28.4,18.2,3.6,0.8,0.0,0.1,0.1,0.0,0.0,4.399999999999993,7.800000000000001,16.2,16.7,22.5,24.3,27.4,182,7,0.01075130776352193,-0.9999422030204416,1
2021-07-02,0.4,24.1,29.7,20.7,0.8,3.6,0.8,2.4,0.6,0.0,0.0,5.199999999999993,8.5,16.9,17.5,22.8,23.6,27.4,183,7,-0.00645086419810515,-0.9999791929590823,1
2021-07-03,0.2,24.5,29.9,19.7,0.4,0.8,3.6,0.9,5.3,0.0,0.0,4.799999999999993,6.5,16.7,17.9,24.1,24.8,24.5,184,7,-0.023651127245231586,-0.9997202729664083,1
2021-07-04,0.0,25.4,30.9,20.0,0.2,0.4,0.8,0.0,2.0,0.0,0.0,1.3999999999999926,5.8,11.6,18.1,24.5,26.9,24.5,185,7,-0.04084439154329611,-0.9991655196610109,0
2021-07-05,1.1,25.1,31.7,21.6,0.0,0.2,0.4,0.0,0.4,0.3,0.0,0.5999999999999925,5.8,9.6,18.1,25.4,28.4,23.6,186,7,-0.05802556932878035,-0.9983150972033183,1
2021-07-06,7.5,23.3,29.5,20.0,1.1,0.0,0.2,0.8,0.0,0.1,0.0,1.2999999999999927,6.9,10.3,19.2,25.1,26.9,25.4,187,7,-0.07518957641475855,-0.9971692572470178,1
2021-07-07,3.8,22.0,28.2,18.8,7.5,1.1,0.0,3.6,0.0,0.1,0.0,8.599999999999993,13.600000000000001,17.8,26.7,23.3,22.5,27.5,188,7,-0.09233133369539122,-0.9957283388645872,1
2021-07-08,0.7000000000000001,21.9,27.3,17.7,3.8,7.5,1.1,0.8,0.1,0.1,0.0,12.399999999999991,13.8,21.6,30.5,22.0,22.8,24.3,189,7,-0.10944576864891556,-0.993992768446958,1
2021-07-09,2.7,22.5,28.2,18.8,0.7000000000000001,3.8,7.5,0.4,2.4,0.6,0.0,11.999999999999993,13.7,22.2,31.2,21.9,24.1,23.6,190,7,-0.12652781683868314,-0.9919630595773397,1
2021-07-10,12.4,22.8,28.7,19.4,2.7,0.7000000000000001,3.8,0.2,0.9,5.3,0.0,7.199999999999993,16.0,22.5,33.9,22.5,24.5,24.8,191,7,-0.1435724234118113,-0.9896398128792412,1
2021-07-11,9.4,21.7,26.9,18.6,12.4,2.7,0.7000000000000001,0.0,0.0,2.0,0.0,15.799999999999994,28.200000000000003,34.0,46.3,22.8,25.4,26.9,192,7,-0.16057454459499376,-0.9870237158387383,1
2021-07-12,0.9,21.7,27.1,18.3,9.4,12.4,2.7,1.1,0.0,0.4,0.3,24.499999999999993,37.6,43.400000000000006,55.7,21.7,25.1,28.4,193,7,-0.17752914918703497,-0.984115542601034,1
2021-07-13,6.3,21.5,26.0,18.8,0.9,9.4,12.4,7.5,0.8,0.0,0.1,22.699999999999992,37.4,44.300000000000004,56.300000000000004,21.7,23.3,26.9,194,7,-0.19443122004766195,-0.9809161537413774,1
2021-07-14,0.7000000000000001,21.8,24.4,19.7,6.3,0.9,9.4,3.8,3.6,0.0,0.1,16.599999999999994,36.2,49.8,62.5,21.5,22.0,22.5,195,7,-0.2112757555821793,-0.9774264960104055,1
2021-07-15,10.4,21.4,27.5,18.7,0.7000000000000001,6.3,0.9,0.7000000000000001,0.8,0.1,0.1,7.899999999999993,33.1,46.900000000000006,63.1,21.8,21.9,22.8,196,7,-0.2280577712215198,-0.9736476020539838,1
2021-07-16,22.3,20.6,24.0,18.2,10.4,0.7000000000000001,6.3,2.7,0.4,2.4,0.6,17.39999999999999,42.8,56.5,73.4,21.4,22.5,24.1,197,7,-0.24477230089725957,-0.9695805901076308,1
2021-07-17,12.5,20.5,24.3,17.9,22.3,10.4,0.7000000000000001,12.4,0.2,0.9,5.3,33.39999999999999,62.4,78.4,95.10000000000001,20.6,22.8,24.5,198,7,-0.2614143985111562,-0.965226663665613,1
2021-07-18,4.2,20.0,22.9,17.9,12.5,22.3,10.4,9.4,0.0,0.0,2.0,45.2,62.5,90.7,102.30000000000001,20.5,21.7,25.4,199,7,-0.2779791393987801,-0.9605871111248129,1
2021-07-19,3.2,21.4,25.0,17.8,4.2,12.5,22.3,0.9,1.1,0.0,0.4,38.99999999999999,57.300000000000004,94.9,104.50000000000001,20.0,21.7,25.1,200,7,-0.2944616217868012,-0.9556633054034704,1
2021-07-20,17.8,19.5,20.9,18.4,3.2,4.2,12.5,6.3,7.5,0.8,0.0,19.9,59.6,97.0,107.30000000000001,21.4,21.5,23.3,201,7,-0.3108569682435036,-0.9504567035349151,1
2021-07-21,16.4,18.6,19.8,16.9,17.8,3.2,4.2,0.7000000000000001,3.8,3.6,0.0,25.199999999999996,71.1,107.30000000000001,125.10000000000001,19.5,21.8,22.0,202,7,-0.3271603271220951,-0.9449688462364056,1
2021-07-22,3.6,18.8,21.6,16.9,16.4,17.8,3.2,10.4,0.7000000000000001,0.8,0.1,37.39999999999999,86.8,119.9,141.5,18.6,21.4,21.9,203,7,-0.34336687399638804,-0.939201357453208,1
2021-07-23,9.3,20.1,22.8,17.0,3.6,16.4,17.8,22.3,2.7,0.4,2.4,37.79999999999999,80.0,122.8,145.0,18.8,20.6,22.5,204,7,-0.3594718130884232,-0.9331559438780432,1
2021-07-24,22.4,18.7,20.6,17.4,9.3,3.6,16.4,12.5,12.4,0.2,0.9,29.299999999999997,67.0,129.4,151.9,20.1,20.5,22.8,205,7,-0.3754703786876202,-0.9268343944460494,1
2021-07-25,4.0,19.4,22.6,16.6,22.4,9.3,3.6,4.2,9.4,0.0,0.0,35.3,76.9,139.39999999999998,173.4,18.7,20.0,21.7,206,7,-0.3913578365610259,-0.9202385798054075,1
2021-07-26,62.7,19.3,22.7,17.6,4.0,22.4,9.3,3.2,0.9,1.1,0.0,35.699999999999996,76.69999999999999,134.0,177.4,19.4,21.4,21.7,207,7,-0.4071294853542516,-0.9133704517637858,1
2021-07-27,4.5,19.7,23.2,17.6,62.7,4.0,22.4,17.8,6.3,7.5,0.8,89.1,136.2,195.8,240.1,19.3,19.5,21.5,208,7,-0.4227806579826773,-0.9062320427107697,1
2021-07-28,6.0,20.4,23.1,18.0,4.5,62.7,4.0,16.4,0.7000000000000001,3.8,3.6,71.19999999999999,122.9,194.0,243.8,19.7,18.6,21.8,209,7,-0.4383067230125192,-0.898825465016444,1
2021-07-29,6.0,20.8,24.1,18.5,6.0,4.5,62.7,3.6,10.4,0.7000000000000001,0.8,73.19999999999999,112.5,199.3,246.2,20.4,18.8,21.4,210,7,-0.45370308603134424,-0.8911529104063088,1
2021-07-30,8.9,20.7,23.5,19.1,6.0,6.0,4.5,9.3,22.3,2.7,0.4,16.5,114.9,194.9,251.4,20.8,20.1,20.6,211,7,-0.46896519100763184,-0.8832166493127127,1
2021-07-31,5.6,19.8,22.6,18.2,8.9,6.0,6.0,22.4,12.5,12.4,0.2,20.9,114.5,181.5,259.90000000000003,20.7,18.7,20.5,212,7,-0.48408852163897587,-0.8750190302029955,1
2021-08-01,7.3,20.0,23.4,17.9,5.6,8.9,6.0,4.0,4.2,9.4,0.0,20.5,97.69999999999999,174.6,265.3,19.8,19.4,20.0,213,8,-0.4990686026885319,-0.8665624788845385,1
2021-08-02,8.1,20.8,24.5,17.5,7.3,5.6,8.9,62.7,3.2,0.9,1.1,21.8,101.0,177.70000000000002,272.6,20.0,19.3,21.4,214,8,-0.5139010013093103,-0.8578494977869301,1
2021-08-03,10.8,20.2,23.2,17.8,8.1,7.3,5.6,4.5,17.8,6.3,7.5,21.0,46.4,182.6,279.6,20.8,19.7,19.5,215,8,-0.5285813283559292,-0.8488826652214553,1
2021-08-04,7.0,20.6,24.0,17.7,10.8,8.1,7.3,6.0,16.4,0.7000000000000001,3.8,26.2,52.7,175.6,282.9,20.2,20.4,18.6,216,8,-0.5431052396834317,-0.8396646346181327,1
2021-08-05,12.6,21.8,25.7,18.0,7.0,10.8,8.1,6.0,3.6,10.4,0.7000000000000001,25.9,53.7,166.2,286.09999999999997,20.6,20.8,18.8,217,8,-0.5574684374327892,-0.8301981337405212,1
2021-08-06,9.1,20.4,23.4,18.1,12.6,7.0,10.8,8.9,9.3,22.3,2.7,30.4,60.3,175.20000000000002,298.0,21.8,20.7,20.1,218,8,-0.5716666713027052,-0.8204859638785327,1
2021-08-07,5.1,20.7,24.8,17.3,9.1,12.6,7.0,5.6,22.4,12.5,12.4,28.7,60.5,175.0,304.4,20.4,19.8,18.7,219,8,-0.5856957398073508,-0.8105309990194823,1
2021-08-08,18.2,19.9,23.2,17.6,5.1,9.1,12.6,7.3,4.0,4.2,9.4,26.799999999999997,60.0,157.70000000000002,297.1,20.7,20.0,19.4,220,8,-0.5995514915196489,-0.8003361849976323,1
2021-08-09,8.0,20.1,24.3,17.7,18.2,5.1,9.1,8.1,62.7,3.2,0.9,32.4,70.9,171.89999999999998,305.9,19.9,20.8,19.3,221,8,-0.6132298262997502,-0.7899045386224707,1
2021-08-10,5.7,20.6,24.8,17.8,8.0,18.2,5.1,10.8,4.5,17.8,6.3,31.299999999999997,70.8,117.19999999999999,313.0,20.1,20.2,19.7,222,8,-0.6267266965083301,-0.7792391467859886,1
2021-08-11,7.0,20.2,24.8,17.7,5.7,8.0,18.2,7.0,6.0,16.4,0.7000000000000001,31.9,65.7,118.39999999999999,312.4,20.6,20.6,20.4,223,8,-0.6400381082043503,-0.7683431655492202,1
2021-08-12,10.6,20.0,23.1,17.5,7.0,5.7,8.0,12.6,6.0,3.6,10.4,20.7,65.7,119.39999999999999,318.7,20.2,21.8,20.8,224,8,-0.65316012232693,-0.7572198192083127,1
2021-08-13,0.8,21.6,25.5,17.2,10.6,7.0,5.7,9.1,8.9,9.3,22.3,23.3,63.7,124.0,318.9,20.0,20.4,20.7,225,8,-0.666088855860977,-0.7458723993404063,1
2021-08-14,9.4,21.0,24.7,18.3,0.8,10.6,7.0,5.1,5.6,22.4,12.5,18.400000000000002,55.4,115.89999999999999,297.40000000000003,21.6,20.7,19.8,226,8,-0.6788204829862355,-0.734304263829602,1
2021-08-15,2.0,21.1,25.1,17.8,9.4,0.8,10.6,18.2,7.3,4.0,4.2,20.800000000000004,59.699999999999996,119.7,294.29999999999995,21.0,19.9,20.0,227,8,-0.6913512362094071,-0.722518835873311,1
2021-08-16,4.9,20.8,24.7,17.9,2.0,9.4,0.8,8.0,8.1,62.7,3.2,12.200000000000001,43.5,114.4,292.09999999999997,21.1,20.1,20.8,228,8,-0.7036774074790128,-0.7105196029692745,1
2021-08-17,1.2,21.8,25.6,17.6,4.9,2.0,9.4,5.7,10.8,4.5,17.8,16.3,40.400000000000006,111.2,293.8,20.8,20.6,20.2,229,8,-0.7157953492826642,-0.6983101158835584,1
2021-08-18,5.8,21.7,25.3,18.5,1.2,4.9,2.0,7.0,7.0,6.0,16.4,8.1,35.9,101.6,277.2,21.8,20.2,20.6,230,8,-0.7277014757264236,-0.6858939875998223,1
2021-08-19,1.1,21.9,26.6,18.6,5.8,1.2,4.9,10.6,12.6,6.0,3.6,11.9,34.7,100.39999999999999,266.6,21.7,20.0,21.8,231,8,-0.7393922635959241,-0.673274892250183,1
2021-08-20,4.3,21.2,25.2,18.1,1.1,5.8,1.2,0.8,9.1,8.9,9.3,8.1,25.200000000000003,88.9,264.09999999999997,21.9,21.6,20.4,232,8,-0.7508642533989489,-0.6604565640279754,1
2021-08-21,2.3,20.8,25.1,17.5,4.3,1.1,5.8,9.4,5.1,5.6,22.4,11.2,28.700000000000003,84.10000000000001,259.1,21.2,21.0,20.7,233,8,-0.7621140503891487,-0.6474427960827475,1
2021-08-22,3.3,21.0,24.9,17.8,2.3,4.3,1.1,2.0,18.2,7.3,4.0,7.7,21.6,81.3,239.0,20.8,21.1,19.9,234,8,-0.7731383255706026,-0.6342374393978054,1
2021-08-23,6.5,20.5,24.7,17.4,3.3,2.3,4.3,4.9,8.0,8.1,62.7,9.899999999999999,22.900000000000002,66.4,238.29999999999998,21.0,20.8,20.1,235,8,-0.7839338166829201,-0.620844401650647,1
2021-08-24,0.2,20.2,24.9,17.3,6.5,3.3,2.3,1.2,5.7,10.8,4.5,12.100000000000001,24.5,64.9,182.1,20.5,21.8,20.6,236,8,-0.7944973291665992,-0.6072676460566135,1
2021-08-25,0.4,21.6,25.5,17.3,0.2,6.5,3.3,5.8,7.0,7.0,6.0,10.0,23.5,59.4,177.8,20.2,21.7,20.2,237,8,-0.8048257371083452,-0.593511190196115,1
2021-08-26,8.3,20.4,24.5,18.5,0.4,0.2,6.5,1.1,10.6,12.6,6.0,7.1000000000000005,18.1,52.8,172.20000000000002,21.6,21.9,20.0,238,8,-0.8149159841660791,-0.5795791048257612,1
2021-08-27,2.5,21.0,25.2,17.4,8.3,0.4,0.2,4.3,0.8,9.1,8.9,8.900000000000002,25.299999999999997,50.50000000000001,174.5,20.4,21.2,21.6,239,8,-0.8247650844733614,-0.5654755126737576,1
2021-08-28,3.7,22.1,26.5,18.3,2.5,8.3,0.4,2.3,9.4,5.1,5.6,11.200000000000003,23.5,52.2,168.1,21.0,20.8,21.0,240,8,-0.8343701235229537,-0.5512045872199277,1
2021-08-29,0.5,22.8,27.2,18.9,3.7,2.5,8.3,3.3,2.0,18.2,7.3,14.500000000000004,24.900000000000002,46.5,166.20000000000002,22.1,21.0,21.1,241,8,-0.8437282590292712,-0.5367705514607103,1
2021-08-30,0.7000000000000001,22.3,26.1,19.2,0.5,3.7,2.5,6.5,4.9,8.0,8.1,6.700000000000002,22.1,45.0,159.4,22.8,20.5,20.8,242,8,-0.8528367217694595,-0.522177676659508,1
2021-08-31,0.0,23.1,26.2,19.8,0.7000000000000001,0.5,3.7,0.2,1.2,5.7,10.8,4.900000000000002,16.3,40.8,152.0,22.3,20.2,21.8,243,8,-0.8616928164028521,-0.5074302810827518,0
2021-09-01,4.9,22.1,25.6,18.9,0.0,0.7000000000000001,0.5,0.4,5.8,7.0,7.0,1.200000000000002,16.1,39.6,141.2,23.1,21.6,21.7,244,9,-0.8702939222685674,-0.49253272872205434,1
2021-09-02,11.4,21.9,25.1,18.4,4.9,0.0,0.7000000000000001,8.3,1.1,10.6,12.6,5.600000000000002,20.6,38.699999999999996,139.1,22.1,20.4,21.9,245,9,-0.8786374941610001,-0.4774894280028391,1
2021-09-03,11.7,19.9,23.0,18.0,11.4,4.9,0.0,2.5,4.3,0.8,9.1,16.300000000000004,23.700000000000003,49.0,137.9,21.9,21.0,21.2,246,9,-0.886721063082993,-0.46230483047981086,1
2021-09-04,2.4,21.2,25.2,18.2,11.7,11.4,4.9,3.7,2.3,9.4,5.1,28.0,32.9,56.4,140.5,19.9,22.1,20.8,247,9,-0.8945422369764496,-0.4469834295196741,1
2021-09-05,7.1,20.6,24.4,17.5,2.4,11.7,11.4,0.5,3.3,2.0,18.2,25.500000000000004,31.6,56.5,137.8,21.2,22.8,21.0,248,9,-0.9020987014301837,-0.43152975897147144,1
2021-09-06,1.9,20.5,24.3,17.4,7.1,2.4,11.7,0.7000000000000001,6.5,4.9,8.0,21.200000000000003,38.2,60.300000000000004,126.7,20.6,22.3,20.5,249,9,-0.9093882203647925,-0.4159483918249421,1
2021-09-07,0.7000000000000001,21.6,25.5,18.0,1.9,7.1,2.4,0.0,0.2,1.2,5.7,11.400000000000002,39.4,55.699999999999996,120.60000000000001,20.5,23.1,20.2,250,9,-0.9164086366943458,-0.4002439388573056,1
2021-09-08,1.7000000000000002,22.3,26.6,18.6,0.7000000000000001,1.9,7.1,4.9,0.4,5.8,7.0,9.700000000000001,40.1,56.2,115.6,21.6,22.1,21.6,251,9,-0.9231578729647039,-0.38442104726885545,1
2021-09-09,5.4,21.4,25.0,17.5,1.7000000000000002,0.7000000000000001,1.9,11.4,8.3,1.1,10.6,4.3000000000000025,36.9,57.5,110.3,22.3,21.9,20.4,252,9,-0.9296339319682695,-0.3684843993077793,1
2021-09-10,2.8,21.6,24.9,19.1,5.4,1.7000000000000002,0.7000000000000001,11.7,2.5,4.3,0.8,7.8000000000000025,30.900000000000002,54.6,105.10000000000001,21.4,19.9,21.0,253,9,-0.9358348973349941,-0.35243871088460327,1
2021-09-11,0.0,22.2,25.9,17.7,2.8,5.4,1.7000000000000002,2.4,3.7,2.3,9.4,9.900000000000002,22.000000000000004,54.9,107.10000000000001,21.6,21.2,22.1,254,9,-0.9417589340994617,-0.33628873017668287,0
2021-09-12,2.4,22.4,25.6,19.1,0.0,2.8,5.4,7.1,0.5,3.3,2.0,8.200000000000003,19.6,51.2,97.7,22.2,20.6,22.8,255,9,-0.9474042892438845,-0.32003923622313857,1
2021-09-13,11.7,20.8,23.9,18.2,2.4,0.0,2.8,1.9,0.7000000000000001,6.5,4.9,5.200000000000001,14.9,53.1,98.10000000000001,22.4,20.5,22.3,256,9,-0.9527692922168511,-0.30369503751065885,1
2021-09-14,5.6,20.7,24.9,17.3,11.7,2.4,0.0,0.7000000000000001,0.0,0.2,1.2,14.100000000000001,24.7,64.1,104.89999999999999,20.8,21.6,23.1,257,9,-0.9578523554276669,-0.28726097055059635,1
2021-09-15,5.1,21.4,25.8,17.7,5.6,11.7,2.4,1.7000000000000002,4.9,0.4,5.8,19.700000000000003,29.6,69.7,109.3,20.7,22.3,22.1,258,9,-0.9626519747161487,-0.2707418984477642,1
2021-09-16,0.3,22.7,27.6,18.6,5.1,5.6,11.7,5.4,11.4,8.3,1.1,22.400000000000002,33.0,69.89999999999999,108.6,21.4,21.4,21.9,259,9,-0.9671667297977312,-0.2541427094613622,1
2021-09-17,0.6,22.7,26.1,19.2,0.3,5.1,5.6,2.8,11.7,2.5,4.3,11.000000000000002,27.9,58.800000000000004,107.8,22.7,21.6,19.9,260,9,-0.97139528468375,-0.23746831555846842,1
2021-09-18,2.0,21.6,25.0,18.5,0.6,0.3,5.1,0.0,2.4,3.7,2.3,6.000000000000002,25.699999999999996,47.699999999999996,104.10000000000001,22.7,22.2,21.2,261,9,-0.9753363880767837,-0.2207236509605022,1
2021-09-19,4.7,21.4,25.3,18.1,2.0,0.6,0.3,2.4,7.1,0.5,3.3,2.9000000000000017,27.699999999999996,47.3,103.8,21.6,22.4,20.6,262,9,-0.9789888737409319,-0.20391367068311472,1
2021-09-20,0.0,22.6,27.0,17.8,4.7,2.0,0.6,11.7,1.9,0.7000000000000001,6.5,7.3000000000000025,30.0,44.9,105.19999999999999,21.4,20.8,20.5,263,9,-0.9823516608469237,-0.18704334906991657,0
2021-09-21,0.0,23.3,27.6,18.3,0.0,4.7,2.0,5.6,0.7000000000000001,0.0,0.2,6.700000000000002,18.299999999999997,43.0,98.69999999999999,22.6,20.7,21.6,264,9,-0.9854237542919524,-0.17011767832049052,0
2021-09-22,0.0,23.5,27.5,19.4,0.0,0.0,4.7,5.1,1.7000000000000002,4.9,0.4,4.700000000000001,12.7,42.3,98.5,23.3,21.4,22.3,265,9,-0.9882042449941422,-0.15314166701312007,0
2021-09-23,7.5,21.7,25.9,18.2,0.0,0.0,0.0,0.3,5.4,11.4,8.3,0.0,7.6,40.6,98.1,23.5,22.7,21.4,266,9,-0.9906923101615609,-0.13612033862266704,1
2021-09-24,0.9,22.7,27.8,17.9,7.5,0.0,0.0,0.6,2.8,11.7,2.5,7.500000000000002,14.8,42.699999999999996,97.30000000000001,21.7,22.7,21.6,267,9,-0.9928872135356962,-0.11905873003404988,1
2021-09-25,1.1,21.7,26.8,17.9,0.9,7.5,0.0,2.0,0.0,2.4,3.7,8.400000000000002,15.1,40.8,95.7,22.7,21.6,22.2,268,9,-0.994788305609327,-0.10196189005174576,1
2021-09-26,0.5,20.6,24.3,17.8,1.1,0.9,7.5,4.7,2.4,7.1,0.5,9.500000000000002,14.2,41.9,93.1,21.7,21.4,22.4,269,9,-0.9963950238187231,-0.08483487790576538,1
2021-09-27,0.0,22.0,27.0,16.8,0.5,1.1,0.9,0.0,11.7,1.9,0.7000000000000001,2.5000000000000018,10.0,40.0,93.1,20.6,22.6,20.8,270,9,-0.9977068927101168,-0.06768276175455162,0
2021-09-28,0.0,23.7,28.4,18.0,0.0,0.5,1.1,0.0,5.6,0.7000000000000001,0.0,1.6000000000000019,10.0,28.299999999999997,92.4,22.0,23.3,20.7,271,9,-0.9987235240803972,-0.050510617185222886,0
2021-09-29,0.0,25.0,28.2,20.2,0.0,0.0,0.5,0.0,5.1,1.7000000000000002,4.9,0.5000000000000018,10.0,22.7,92.4,23.7,23.5,21.4,272,9,-0.9994446170919858,-0.033323525711631344,0
2021-09-30,0.0,24.4,27.8,20.3,0.0,0.0,0.0,7.5,0.3,5.4,11.4,0.0,10.0,17.6,87.5,25.0,21.7,22.7,273,9,-0.9998699583618592,-0.016126573270657762,0
2021-10-01,0.0,24.2,29.2,19.3,0.0,0.0,0.0,0.9,0.6,2.8,11.7,0.0,2.499999999999999,17.3,76.1,24.4,22.7,22.7,274,10,-0.9999994220246925,0.001075151282798226,0
2021-10-02,0.0,25.5,29.2,20.8,0.0,0.0,0.0,1.1,2.0,0.0,2.4,0.0,1.5999999999999992,16.7,64.4,24.2,21.7,21.6,275,10,-0.999832969770105,0.018276557681691223,0
2021-10-03,0.0,24.6,28.5,20.7,0.0,0.0,0.0,0.5,4.7,2.4,7.1,0.0,0.4999999999999991,14.7,62.0,25.5,20.6,21.4,276,10,-0.9993706508539969,0.03547255575312556,0
2021-10-04,0.0,25.2,28.7,18.8,0.0,0.0,0.0,0.0,0.0,11.7,1.9,0.0,0.0,10.0,54.9,24.6,22.0,22.6,277,10,-0.9986126020839734,0.052658056924614005,0
2021-10-05,0.0,24.9,29.6,21.0,0.0,0.0,0.0,0.0,0.0,5.6,0.7000000000000001,0.0,0.0,10.0,53.0,25.2,23.7,23.3,278,10,-0.9975590477788613,0.06982797572987089,0
2021-10-06,1.5,24.5,29.1,20.4,0.0,0.0,0.0,0.0,0.0,5.1,1.7000000000000002,0.0,0.0,10.0,52.3,24.9,25.0,23.5,279,10,-0.9962102997023297,0.0869772313136861,1
2021-10-07,0.0,25.1,28.9,21.3,1.5,0.0,0.0,0.0,7.5,0.3,5.4,1.5000000000000018,1.4999999999999991,11.5,52.1,24.5,24.4,21.7,280,10,-0.9945667569706337,0.1041007489354256,0
2021-10-08,0.0,24.7,28.9,20.6,0.0,1.5,0.0,0.0,0.9,0.6,2.8,1.5000000000000018,1.4999999999999991,4.0,46.699999999999996,25.1,24.2,22.7,281,10,-0.9926289059345095,0.121193461470736,0
2021-10-09,0.0,25.2,30.1,19.4,0.0,0.0,1.5,0.0,1.1,2.0,0.0,1.5000000000000018,1.4999999999999991,3.1,43.9,24.7,25.5,21.7,282,10,-0.9903973200352558,0.1382503109109819,0
2021-10-10,1.2,24.4,29.6,19.9,0.0,0.0,0.0,0.0,0.5,4.7,2.4,0.0,1.4999999999999991,2.0,43.9,25.2,24.6,20.6,283,10,-0.9878726596350429,0.15526624985999563,1
2021-10-11,0.2,23.8,29.5,18.5,1.2,0.0,0.0,0.0,0.0,0.0,11.7,1.2000000000000017,2.6999999999999993,2.7,42.7,24.4,25.2,22.0,284,10,-0.9850556718215013,0.172236243027682,1
2021-10-12,0.5,23.3,29.1,18.8,0.2,1.2,0.0,0.0,0.0,0.0,5.6,1.4000000000000017,2.899999999999999,2.9,31.199999999999996,23.8,24.9,23.7,285,10,-0.981947190186646,0.18915526872004093,1
2021-10-13,0.8,21.9,26.4,17.3,0.5,0.2,1.2,1.5,0.0,0.0,5.1,1.9000000000000017,3.399999999999999,3.4,26.099999999999998,23.3,24.5,25.0,286,10,-0.9785481345802031,0.20601832032517084,1
2021-10-14,0.0,21.7,27.3,17.0,0.8,0.5,0.2,0.0,0.0,7.5,0.3,1.5000000000000018,2.6999999999999993,4.2,21.8,21.9,25.1,24.4,287,10,-0.9748595108374125,0.22282040779479959,0
2021-10-15,0.0,22.7,28.6,19.3,0.0,0.8,0.5,0.0,0.0,0.9,0.6,1.3000000000000018,2.6999999999999993,4.2,21.5,21.7,24.7,24.2,288,10,-0.9708824104813836,0.23955655912092708,0
2021-10-16,0.0,23.2,29.0,17.8,0.0,0.0,0.8,0.0,0.0,1.1,2.0,0.8000000000000018,2.6999999999999993,4.2,20.9,22.7,25.2,25.5,289,10,-0.9666180104000972,0.2562218218071163,0
2021-10-17,0.0,23.8,29.3,19.4,0.0,0.0,0.0,1.2,0.0,0.5,4.7,0.0,2.6999999999999993,4.2,18.9,23.2,24.4,24.6,290,10,-0.9620675724981452,0.27281126433401914,0
2021-10-18,0.0,24.4,30.0,20.6,0.0,0.0,0.0,0.2,0.0,0.0,0.0,0.0,1.4999999999999991,4.2,14.2,23.8,23.8,25.2,291,10,-0.957232443323312,0.28931997761869527,0
2021-10-19,0.0,24.7,30.2,20.5,0.0,0.0,0.0,0.5,0.0,0.0,0.0,0.0,1.2999999999999992,4.2,14.2,24.4,23.3,24.9,292,10,-0.9521140536681102,0.3057430764672831,0
2021-10-20,0.0,24.6,29.6,21.7,0.0,0.0,0.0,0.8,1.5,0.0,0.0,0.0,0.7999999999999992,4.2,14.2,24.7,21.9,24.5,293,10,-0.9467139181463862,0.3220757010206104,0
2021-10-21,0.0,24.4,29.0,20.6,0.0,0.0,0.0,0.0,0.0,0.0,7.5,0.0,0.0,2.7,14.2,24.6,21.7,25.1,294,10,-0.9410336347451197,0.3383130181923076,0
2021-10-22,0.0,24.8,30.2,21.2,0.0,0.0,0.0,0.0,0.0,0.0,0.9,0.0,0.0,2.7,6.7,24.4,22.7,24.7,295,10,-0.9350748843515574,0.3544502230989869,0
2021-10-23,0.0,24.8,30.2,21.1,0.0,0.0,0.0,0.0,0.0,0.0,1.1,0.0,0.0,2.7,5.8,24.8,23.2,25.2,296,10,-0.9288394302558068,0.3704825404820963,0
2021-10-24,0.0,25.2,30.1,21.5,0.0,0.0,0.0,0.0,1.2,0.0,0.5,0.0,0.0,2.7,4.7,24.8,23.8,24.4,297,10,-0.9223291176290545,0.3864052261209853,0
2021-10-25,0.0,25.4,30.6,22.0,0.0,0.0,0.0,0.0,0.2,0.0,0.0,0.0,0.0,1.5,4.2,25.2,24.4,23.8,298,10,-0.9155458729775467,0.40221356823680365,0
2021-10-26,0.0,25.5,29.7,21.6,0.0,0.0,0.0,0.0,0.5,0.0,0.0,0.0,0.0,1.3,4.2,25.4,24.7,23.3,299,10,-0.9084917035725082,0.41790288888678667,0
2021-10-27,0.0,24.7,28.9,19.7,0.0,0.0,0.0,0.0,0.8,1.5,0.0,0.0,0.0,0.8,4.2,25.5,24.6,21.9,300,10,-0.9011686968561569,0.4334685453485363,0
2021-10-28,0.0,25.3,29.5,22.0,0.0,0.0,0.0,0.0,0.0,0.0,0.0,0.0,0.0,0.0,4.2,24.7,24.4,21.7,301,10,-0.8935790198239952,0.4489059314938798,0
2021-10-29,0.0,25.5,30.3,22.1,0.0,0.0,0.0,0.0,0.0,0.0,0.0,0.0,0.0,0.0,4.2,25.3,24.8,22.7,302,10,-0.8857249183835637,0.4642104791518923,0
2021-10-30,0.0,25.1,30.6,21.9,0.0,0.0,0.0,0.0,0.0,0.0,0.0,0.0,0.0,0.0,4.2,25.5,24.8,23.2,303,10,-0.8776087166898392,0.4793776594606945,0
2021-10-31,0.0,25.0,29.9,21.2,0.0,0.0,0.0,0.0,0.0,1.2,0.0,0.0,0.0,0.0,4.2,25.1,25.2,23.8,304,10,-0.8692328164574792,0.49440298420761813,0
2021-11-01,0.0,25.1,30.6,21.1,0.0,0.0,0.0,0.0,0.0,0.2,0.0,0.0,0.0,0.0,4.2,25.0,25.4,24.4,305,11,-0.8605996962501181,0.5092820071573356,0
2021-11-02,0.0,25.4,30.9,21.5,0.0,0.0,0.0,0.0,0.0,0.5,0.0,0.0,0.0,0.0,4.2,25.1,25.5,24.7,306,11,-0.8517119107469189,0.5240103253675756,0
2021-11-03,0.0,25.8,31.0,21.8,0.0,0.0,0.0,0.0,0.0,0.8,1.5,0.0,0.0,0.0,4.2,25.4,24.7,24.6,307,11,-0.8425720899866032,0.5385835804920232,0
2021-11-04,0.0,25.6,31.0,21.5,0.0,0.0,0.0,0.0,0.0,0.0,0.0,0.0,0.0,0.0,2.7,25.8,25.3,24.4,308,11,-0.8331829385891785,0.5529974600700271,0
2021-11-05,0.0,25.8,30.6,21.4,0.0,0.0,0.0,0.0,0.0,0.0,0.0,0.0,0.0,0.0,2.7,25.6,25.5,24.8,309,11,-0.8235472349556007,0.5672476988027229,0
2021-11-06,0.0,25.9,30.1,20.6,0.0,0.0,0.0,0.0,0.0,0.0,0.0,0.0,0.0,0.0,2.7,25.8,25.1,24.8,310,11,-0.8136678304455991,0.5813300798152042,0
2021-11-07,0.0,24.6,29.2,20.5,0.0,0.0,0.0,0.0,0.0,0.0,1.2,0.0,0.0,0.0,2.7,25.9,25.0,25.2,311,11,-0.8035476485339116,0.5952404359043674,0
2021-11-08,0.0,24.7,29.6,20.0,0.0,0.0,0.0,0.0,0.0,0.0,0.2,0.0,0.0,0.0,1.5,24.6,25.1,25.4,312,11,-0.7931896839451843,0.6089746507720486,0
2021-11-09,0.0,24.4,29.7,20.8,0.0,0.0,0.0,0.0,0.0,0.0,0.5,0.0,0.0,0.0,1.3,24.7,25.4,25.5,313,11,-0.7825970017677834,0.6225286602431057,0
2021-11-10,0.0,24.7,29.1,20.4,0.0,0.0,0.0,0.0,0.0,0.0,0.8,0.0,0.0,0.0,0.8,24.4,25.8,24.7,314,11,-0.7717727365467837,0.6358984534680745,0
2021-11-11,0.0,24.8,29.0,20.7,0.0,0.0,0.0,0.0,0.0,0.0,0.0,0.0,0.0,0.0,0.0,24.7,25.6,25.3,315,11,-0.7607200913564104,0.6490800741100398,0
2021-11-12,0.1,24.5,29.4,21.2,0.0,0.0,0.0,0.0,0.0,0.0,0.0,0.0,0.0,0.0,0.0,24.8,25.8,25.5,316,11,-0.7494423368521953,0.6620696215153815,0
2021-11-13,0.0,24.4,29.0,20.3,0.1,0.0,0.0,0.0,0.0,0.0,0.0,0.10000000000000178,0.09999999999999912,0.1,0.1,24.5,25.9,25.1,317,11,-0.7379428103031386,0.6748632518680403,0
2021-11-14,0.0,24.9,30.5,18.0,0.0,0.1,0.0,0.0,0.0,0.0,0.0,0.10000000000000178,0.09999999999999912,0.1,0.1,24.4,24.6,25.0,318,11,-0.7262249146041543,0.6874571793269664,0
2021-11-15,0.0,24.9,30.7,19.0,0.0,0.0,0.1,0.0,0.0,0.0,0.0,0.10000000000000178,0.09999999999999912,0.1,0.1,24.9,24.7,25.1,319,11,-0.7142921172691032,0.699847677146407,0
2021-11-16,0.0,25.1,30.6,19.6,0.0,0.0,0.0,0.0,0.0,0.0,0.0,0.0,0.09999999999999912,0.1,0.1,24.9,24.4,25.4,320,11,-0.7021479494046978,0.7120310787787131,0
2021-11-17,0.0,26.1,31.6,21.4,0.0,0.0,0.0,0.0,0.0,0.0,0.0,0.0,0.09999999999999912,0.1,0.1,25.1,24.7,25.8,321,11,-0.6897960046655887,0.7240037789593305,0
2021-11-18,0.0,25.4,31.4,21.4,0.0,0.0,0.0,0.0,0.0,0.0,0.0,0.0,0.09999999999999912,0.1,0.1,26.1,24.8,25.6,322,11,-0.6772399381909491,0.7357622347736527,0
2021-11-19,0.0,25.5,31.3,19.1,0.0,0.0,0.0,0.1,0.0,0.0,0.0,0.0,0.09999999999999912,0.1,0.1,25.4,24.5,25.8,323,11,-0.6644834655228552,0.7473029667054297,0
2021-11-20,0.0,24.5,29.8,18.4,0.0,0.0,0.0,0.0,0.0,0.0,0.0,0.0,0.0,0.1,0.1,25.5,24.4,25.9,324,11,-0.6515303615068021,0.75862255966641,0
2021-11-21,0.0,23.8,29.9,17.2,0.0,0.0,0.0,0.0,0.0,0.0,0.0,0.0,0.0,0.1,0.1,24.5,24.9,24.6,325,11,-0.6383844591746642,0.769717664006921,0
2021-11-22,0.0,24.6,31.9,18.1,0.0,0.0,0.0,0.0,0.0,0.0,0.0,0.0,0.0,0.1,0.1,23.8,24.9,24.7,326,11,-0.6250496486104377,0.7805849965070866,0
2021-11-23,0.0,25.6,31.6,19.8,0.0,0.0,0.0,0.0,0.0,0.0,0.0,0.0,0.0,0.1,0.1,24.6,25.1,24.4,327,11,-0.6115298757991053,0.7912213413483807,0
2021-11-24,0.0,24.7,30.8,18.3,0.0,0.0,0.0,0.0,0.0,0.0,0.0,0.0,0.0,0.1,0.1,25.6,26.1,24.7,328,11,-0.5978291414589552,0.801623551065242,0
2021-11-25,0.0,24.1,30.5,18.4,0.0,0.0,0.0,0.0,0.0,0.0,0.0,0.0,0.0,0.1,0.1,24.7,25.4,24.8,329,11,-0.5839514998576998,0.8117885474764613,0
2021-11-26,0.0,25.7,31.4,21.5,0.0,0.0,0.0,0.0,0.1,0.0,0.0,0.0,0.0,0.1,0.1,24.1,25.5,24.5,330,11,-0.5699010576127624,0.821713322596059,0
2021-11-27,0.0,26.0,31.6,21.2,0.0,0.0,0.0,0.0,0.0,0.0,0.0,0.0,0.0,0.0,0.1,25.7,24.5,24.4,331,11,-0.5556819724760489,0.8313949395234058,0
2021-11-28,0.0,25.4,31.4,20.9,0.0,0.0,0.0,0.0,0.0,0.0,0.0,0.0,0.0,0.0,0.1,26.0,23.8,24.9,332,11,-0.5412984521036173,0.8408305333122887,0
2021-11-29,0.0,24.8,31.1,20.5,0.0,0.0,0.0,0.0,0.0,0.0,0.0,0.0,0.0,0.0,0.1,25.4,24.6,24.9,333,11,-0.5267547528105542,0.8500173118187018,0
2021-11-30,0.0,24.9,30.7,20.4,0.0,0.0,0.0,0.0,0.0,0.0,0.0,0.0,0.0,0.0,0.1,24.8,25.6,25.1,334,11,-0.5120551783114646,0.8589525565270845,0
2021-12-01,0.0,24.8,30.7,20.8,0.0,0.0,0.0,0.0,0.0,0.0,0.0,0.0,0.0,0.0,0.1,24.9,24.7,26.1,335,12,-0.4972040784469378,0.8676336233547726,0
2021-12-02,0.0,24.4,30.5,19.4,0.0,0.0,0.0,0.0,0.0,0.0,0.0,0.0,0.0,0.0,0.1,24.8,24.1,25.4,336,12,-0.4822058478963526,0.8760579434344281,0
2021-12-03,0.0,24.5,30.8,19.6,0.0,0.0,0.0,0.0,0.0,0.1,0.0,0.0,0.0,0.0,0.1,24.4,25.7,25.5,337,12,-0.46706492487743034,0.8842230238742036,0
2021-12-04,0.0,24.8,30.6,19.8,0.0,0.0,0.0,0.0,0.0,0.0,0.0,0.0,0.0,0.0,0.1,24.5,26.0,24.5,338,12,-0.451785789832884,0.8921264484954345,0
2021-12-05,0.0,24.9,31.0,19.5,0.0,0.0,0.0,0.0,0.0,0.0,0.0,0.0,0.0,0.0,0.1,24.8,25.4,23.8,339,12,-0.4363729641045924,0.8997658785476209,0
2021-12-06,0.0,24.9,32.1,17.9,0.0,0.0,0.0,0.0,0.0,0.0,0.0,0.0,0.0,0.0,0.1,24.9,24.8,24.6,340,12,-0.42083100859565564,0.9071390534005044,0
2021-12-07,0.0,24.9,31.7,19.9,0.0,0.0,0.0,0.0,0.0,0.0,0.0,0.0,0.0,0.0,0.1,24.9,24.9,25.6,341,12,-0.4051645224207563,0.9142437912130223,0
2021-12-08,0.0,24.7,31.6,19.2,0.0,0.0,0.0,0.0,0.0,0.0,0.0,0.0,0.0,0.0,0.1,24.9,24.8,24.7,342,12,-0.3893781415452015,0.9210779895789526,0
2021-12-09,0.0,24.0,31.3,17.0,0.0,0.0,0.0,0.0,0.0,0.0,0.0,0.0,0.0,0.0,0.1,24.7,24.4,24.1,343,12,-0.37347653741307074,0.9276396261490467,0
2021-12-10,0.0,24.4,31.4,19.9,0.0,0.0,0.0,0.0,0.0,0.0,0.1,0.0,0.0,0.0,0.1,24.0,24.5,25.7,344,12,-0.3574644155648614,0.9339267592294762,0
2021-12-11,0.0,23.9,30.6,19.4,0.0,0.0,0.0,0.0,0.0,0.0,0.0,0.0,0.0,0.0,0.0,24.4,24.8,26.0,345,12,-0.34134651424503615,0.9399375283564133,0
2021-12-12,0.0,23.7,30.1,18.9,0.0,0.0,0.0,0.0,0.0,0.0,0.0,0.0,0.0,0.0,0.0,23.9,24.9,25.4,346,12,-0.3251276029999093,0.9456701548465688,0
2021-12-13,0.0,24.2,30.5,19.6,0.0,0.0,0.0,0.0,0.0,0.0,0.0,0.0,0.0,0.0,0.0,23.7,24.9,24.8,347,12,-0.30881248126625377,0.9511229423235357,0
2021-12-14,0.0,24.2,30.3,18.4,0.0,0.0,0.0,0.0,0.0,0.0,0.0,0.0,0.0,0.0,0.0,24.2,24.9,24.9,348,12,-0.29240597695107734,0.9562942772197719,0
2021-12-15,0.0,23.9,30.0,17.4,0.0,0.0,0.0,0.0,0.0,0.0,0.0,0.0,0.0,0.0,0.0,24.2,24.7,24.8,349,12,-0.27591294500296043,0.9611826292540837,0
2021-12-16,0.0,24.1,31.1,17.1,0.0,0.0,0.0,0.0,0.0,0.0,0.0,0.0,0.0,0.0,0.0,23.9,24.0,24.4,350,12,-0.2593382659754056,0.9657865518844574,0
2021-12-17,0.0,24.3,32.0,18.9,0.0,0.0,0.0,0.0,0.0,0.0,0.0,0.0,0.0,0.0,0.0,24.1,24.4,24.5,351,12,-0.2426868445825954,0.9701046827361175,0
2021-12-18,0.0,23.6,29.9,17.4,0.0,0.0,0.0,0.0,0.0,0.0,0.0,0.0,0.0,0.0,0.0,24.3,23.9,24.8,352,12,-0.22596360824801906,0.974135744004672,0
2021-12-19,0.0,23.7,29.4,17.6,0.0,0.0,0.0,0.0,0.0,0.0,0.0,0.0,0.0,0.0,0.0,23.6,23.7,24.9,353,12,-0.20917350564635637,0.9778785428342386,0
2021-12-20,0.0,24.0,30.3,18.6,0.0,0.0,0.0,0.0,0.0,0.0,0.0,0.0,0.0,0.0,0.0,23.7,24.2,24.9,354,12,-0.19232150523909483,0.9813319716704275,0
2021-12-21,0.0,24.0,30.9,17.5,0.0,0.0,0.0,0.0,0.0,0.0,0.0,0.0,0.0,0.0,0.0,24.0,24.2,24.9,355,12,-0.17541259380427843,0.9844950085880858,0
2021-12-22,0.0,24.7,31.9,18.0,0.0,0.0,0.0,0.0,0.0,0.0,0.0,0.0,0.0,0.0,0.0,24.0,23.9,24.7,356,12,-0.15845177496083632,0.9873667175937016,0
2021-12-23,0.0,24.5,32.4,17.1,0.0,0.0,0.0,0.0,0.0,0.0,0.0,0.0,0.0,0.0,0.0,24.7,24.1,24.0,357,12,-0.14144406768794202,0.9899462489023779,0
2021-12-24,0.0,24.5,31.1,19.3,0.0,0.0,0.0,0.0,0.0,0.0,0.0,0.0,0.0,0.0,0.0,24.5,24.3,24.4,358,12,-0.12439450483979998,0.9922328391893008,0
2021-12-25,0.0,24.4,31.4,18.5,0.0,0.0,0.0,0.0,0.0,0.0,0.0,0.0,0.0,0.0,0.0,24.5,23.6,23.9,359,12,-0.10730813165636247,0.9942258118156161,0
2021-12-26,0.0,24.8,32.0,19.0,0.0,0.0,0.0,0.0,0.0,0.0,0.0,0.0,0.0,0.0,0.0,24.4,23.7,23.7,360,12,-0.09019000427034513,0.9959245770286599,0
2021-12-27,0.0,24.7,31.2,18.9,0.0,0.0,0.0,0.0,0.0,0.0,0.0,0.0,0.0,0.0,0.0,24.8,24.0,24.2,361,12,-0.07304518821104743,0.9973286321364752,0
2021-12-28,0.0,24.9,31.9,18.5,0.0,0.0,0.0,0.0,0.0,0.0,0.0,0.0,0.0,0.0,0.0,24.7,24.0,24.2,362,12,-0.05587875690537313,0.9984375616565666,0
2021-12-29,2.4,20.7,27.3,17.1,0.0,0.0,0.0,0.0,0.0,0.0,0.0,0.0,0.0,0.0,0.0,24.9,24.7,23.9,363,12,-0.03869579017652689,0.9992510374388481,1
2021-12-30,0.0,21.7,27.3,15.6,2.4,0.0,0.0,0.0,0.0,0.0,0.0,2.4000000000000017,2.399999999999999,2.4,2.4,20.7,24.5,24.1,364,12,-0.021501372740813793,0.999768818762748,0
2021-12-31,0.0,21.8,28.5,15.9,0.0,2.4,0.0,0.0,0.0,0.0,0.0,2.4000000000000017,2.399999999999999,2.4,2.4,21.7,24.5,24.3,365,12,-0.004300592702981974,0.9999907524084426,0
2022-01-01,0.0,22.3,27.6,17.9,0.0,0.0,2.4,0.0,0.0,0.0,0.0,2.4000000000000017,2.399999999999999,2.4,2.4,21.8,24.4,23.6,1,1,0.017201575418260506,0.9998520419557735,0
2022-01-02,0.0,21.1,27.2,15.0,0.0,0.0,0.0,0.0,0.0,0.0,0.0,0.0,2.399999999999999,2.4,2.4,22.3,24.8,23.7,2,1,0.03439806061360801,0.9994082116062598,0
2022-01-03,0.0,20.5,27.3,14.5,0.0,0.0,0.0,0.0,0.0,0.0,0.0,0.0,2.399999999999999,2.4,2.4,21.1,24.7,24.0,3,1,0.051584366869408364,0.9986686402879997,0
2022-01-04,0.0,21.0,28.6,14.1,0.0,0.0,0.0,0.0,0.0,0.0,0.0,0.0,2.399999999999999,2.4,2.4,20.5,24.9,24.0,4,1,0.06875540848113941,0.9976335468520451,0
2022-01-05,0.0,22.0,29.2,15.3,0.0,0.0,0.0,2.4,0.0,0.0,0.0,0.0,2.399999999999999,2.4,2.4,21.0,20.7,24.7,5,1,0.08590610426133272,0.9963032375991965,0
2022-01-06,0.0,22.7,29.2,16.3,0.0,0.0,0.0,0.0,0.0,0.0,0.0,0.0,0.0,2.4,2.4,22.0,21.7,24.5,6,1,0.10303137904317879,0.9946781061893646,0
2022-01-07,0.0,23.0,29.8,16.2,0.0,0.0,0.0,0.0,0.0,0.0,0.0,0.0,0.0,2.4,2.4,22.7,21.8,24.5,7,1,0.1201261651823505,0.9927586335250793,0
2022-01-08,0.0,24.8,31.8,18.7,0.0,0.0,0.0,0.0,0.0,0.0,0.0,0.0,0.0,2.4,2.4,23.0,22.3,24.4,8,1,0.13718540405660057,0.9905453876091833,0
2022-01-09,0.0,25.2,31.8,20.4,0.0,0.0,0.0,0.0,0.0,0.0,0.0,0.0,0.0,2.4,2.4,24.8,21.1,24.8,9,1,0.1542040475626894,0.988039023376751,0
2022-01-10,0.0,26.0,31.9,21.2,0.0,0.0,0.0,0.0,0.0,0.0,0.0,0.0,0.0,2.4,2.4,25.2,20.5,24.7,10,1,0.17117705961019986,0.985240282501282,0
2022-01-11,0.0,26.2,31.3,22.1,0.0,0.0,0.0,0.0,0.0,0.0,0.0,0.0,0.0,2.4,2.4,26.0,21.0,24.9,11,1,0.18809941761179758,0.9821499931752291,0
2022-01-12,0.0,26.0,31.7,21.7,0.0,0.0,0.0,0.0,2.4,0.0,0.0,0.0,0.0,2.4,2.4,26.2,22.0,20.7,12,1,0.20496611396949532,0.9787690698649216,0
2022-01-13,0.0,25.7,32.4,19.5,0.0,0.0,0.0,0.0,0.0,0.0,0.0,0.0,0.0,0.0,2.4,26.0,22.7,21.7,13,1,0.22177215755648186,0.975098513039961,0
2022-01-14,0.0,24.6,30.9,18.5,0.0,0.0,0.0,0.0,0.0,0.0,0.0,0.0,0.0,0.0,2.4,25.7,23.0,21.8,14,1,0.23851257519407648,0.9711394088771653,0
2022-01-15,0.0,24.4,30.5,18.1,0.0,0.0,0.0,0.0,0.0,0.0,0.0,0.0,0.0,0.0,2.4,24.6,24.8,22.3,15,1,0.2551824131233728,0.9668929289391521,0
2022-01-16,0.0,24.4,30.5,18.0,0.0,0.0,0.0,0.0,0.0,0.0,0.0,0.0,0.0,0.0,2.4,24.4,25.2,21.1,16,1,0.2717767384711357,0.9623603298276545,0
2022-01-17,0.0,23.9,29.9,17.5,0.0,0.0,0.0,0.0,0.0,0.0,0.0,0.0,0.0,0.0,2.4,24.4,26.0,20.5,17,1,0.2882906407095177,0.9575429528116719,0
2022-01-18,0.0,22.2,28.9,16.2,0.0,0.0,0.0,0.0,0.0,0.0,0.0,0.0,0.0,0.0,2.4,23.9,26.2,21.0,18,1,0.3047192331091634,0.9524422234305676,0
2022-01-19,0.0,20.7,27.5,14.7,0.0,0.0,0.0,0.0,0.0,2.4,0.0,0.0,0.0,0.0,2.4,22.2,26.0,22.0,19,1,0.321057654185271,0.9470596510722283,0
2022-01-20,0.0,20.9,27.8,14.3,0.0,0.0,0.0,0.0,0.0,0.0,0.0,0.0,0.0,0.0,2.4,20.7,25.7,22.7,20,1,0.3373010691361842,0.9413968285264122,0
2022-01-21,0.0,23.1,31.9,15.9,0.0,0.0,0.0,0.0,0.0,0.0,0.0,0.0,0.0,0.0,2.4,20.9,24.6,23.0,21,1,0.3534446712740877,0.9354554315134164,0
2022-01-22,0.0,23.3,31.3,17.1,0.0,0.0,0.0,0.0,0.0,0.0,0.0,0.0,0.0,0.0,2.4,23.1,24.4,24.8,22,1,0.3694836834473831,0.9292372181882051,0
2022-01-23,0.0,23.9,31.3,17.5,0.0,0.0,0.0,0.0,0.0,0.0,0.0,0.0,0.0,0.0,2.4,23.3,24.4,25.2,23,1,0.38541335945432564,0.9227440286201427,0
2022-01-24,0.0,23.8,30.3,16.7,0.0,0.0,0.0,0.0,0.0,0.0,0.0,0.0,0.0,0.0,2.4,23.9,23.9,26.0,24,1,0.4012289854475009,0.9159777842484877,0
2022-01-25,0.0,24.5,31.9,17.6,0.0,0.0,0.0,0.0,0.0,0.0,0.0,0.0,0.0,0.0,2.4,23.8,22.2,26.2,25,1,0.4169258813287287,0.908940487313808,0
2022-01-26,0.0,24.3,31.5,18.5,0.0,0.0,0.0,0.0,0.0,0.0,2.4,0.0,0.0,0.0,2.4,24.5,20.7,26.0,26,1,0.4324994021339788,0.901634220265486,0
2022-01-27,0.0,23.5,31.0,17.1,0.0,0.0,0.0,0.0,0.0,0.0,0.0,0.0,0.0,0.0,0.0,24.3,20.9,25.7,27,1,0.44794493940789115,0.8940611451454876,0
2022-01-28,0.0,23.4,31.2,16.7,0.0,0.0,0.0,0.0,0.0,0.0,0.0,0.0,0.0,0.0,0.0,23.5,23.1,24.6,28,1,0.4632579225674917,0.88622350294858,0
2022-01-29,0.0,23.6,31.9,15.9,0.0,0.0,0.0,0.0,0.0,0.0,0.0,0.0,0.0,0.0,0.0,23.4,23.3,24.4,29,1,0.4784338202547012,0.8781236129591848,0
2022-01-30,0.0,24.3,32.0,18.0,0.0,0.0,0.0,0.0,0.0,0.0,0.0,0.0,0.0,0.0,0.0,23.6,23.9,24.4,30,1,0.49346814167723735,0.8697638720650646,0
2022-01-31,0.0,23.5,30.1,17.2,0.0,0.0,0.0,0.0,0.0,0.0,0.0,0.0,0.0,0.0,0.0,24.3,23.8,23.9,31,1,0.5083564379375122,0.8611467540480452,0
2022-02-01,0.0,23.6,31.8,15.8,0.0,0.0,0.0,0.0,0.0,0.0,0.0,0.0,0.0,0.0,0.0,23.5,24.5,22.2,32,2,0.5230943033491326,0.8522748088519838,0
2022-02-02,0.0,24.8,31.0,18.1,0.0,0.0,0.0,0.0,0.0,0.0,0.0,0.0,0.0,0.0,0.0,23.6,24.3,20.7,33,2,0.5376773767406141,0.8431506618282,0
2022-02-03,0.0,26.0,32.5,20.3,0.0,0.0,0.0,0.0,0.0,0.0,0.0,0.0,0.0,0.0,0.0,24.8,23.5,20.9,34,2,0.5521013427459208,0.8337770129585915,0
2022-02-04,0.0,25.1,32.3,18.4,0.0,0.0,0.0,0.0,0.0,0.0,0.0,0.0,0.0,0.0,0.0,26.0,23.4,23.1,35,2,0.5663619330814524,0.8241566360566663,0
2022-02-05,0.0,22.7,30.0,16.5,0.0,0.0,0.0,0.0,0.0,0.0,0.0,0.0,0.0,0.0,0.0,25.1,23.6,23.3,36,2,0.580454927809098,0.8142923779467267,0
2022-02-06,0.0,21.9,30.1,15.2,0.0,0.0,0.0,0.0,0.0,0.0,0.0,0.0,0.0,0.0,0.0,22.7,24.3,23.9,37,2,0.5943761565849831,0.804187157621448,0
2022-02-07,0.0,23.2,30.9,15.0,0.0,0.0,0.0,0.0,0.0,0.0,0.0,0.0,0.0,0.0,0.0,21.9,23.5,23.8,38,2,0.6081214998935418,0.7938439653781019,0
2022-02-08,0.0,24.9,31.9,17.9,0.0,0.0,0.0,0.0,0.0,0.0,0.0,0.0,0.0,0.0,0.0,23.2,23.6,24.5,39,2,0.6216868902665479,0.7832658619336791,0
2022-02-09,0.0,25.4,31.9,19.7,0.0,0.0,0.0,0.0,0.0,0.0,0.0,0.0,0.0,0.0,0.0,24.9,24.8,24.3,40,2,0.6350683134867438,0.7724559775191742,0
2022-02-10,0.0,25.5,31.4,18.2,0.0,0.0,0.0,0.0,0.0,0.0,0.0,0.0,0.0,0.0,0.0,25.4,26.0,23.5,41,2,0.6482618097757122,0.7614175109532997,0
2022-02-11,0.0,26.1,32.9,20.1,0.0,0.0,0.0,0.0,0.0,0.0,0.0,0.0,0.0,0.0,0.0,25.5,25.1,23.4,42,2,0.6612634749656386,0.7501537286959042,0
2022-02-12,0.0,25.7,32.9,19.3,0.0,0.0,0.0,0.0,0.0,0.0,0.0,0.0,0.0,0.0,0.0,26.1,22.7,23.6,43,2,0.6740694616546161,0.7386679638813748,0
2022-02-13,0.0,25.6,33.6,19.0,0.0,0.0,0.0,0.0,0.0,0.0,0.0,0.0,0.0,0.0,0.0,25.7,21.9,24.3,44,2,0.6866759803451553,0.726963615332308,0
2022-02-14,0.0,26.1,34.4,18.0,0.0,0.0,0.0,0.0,0.0,0.0,0.0,0.0,0.0,0.0,0.0,25.6,23.2,23.5,45,2,0.6990793005655562,0.7150441465537444,0
2022-02-15,0.0,26.1,33.6,19.0,0.0,0.0,0.0,0.0,0.0,0.0,0.0,0.0,0.0,0.0,0.0,26.1,24.9,23.6,46,2,0.7112757519738152,0.7029130847082615,0
2022-02-16,0.0,25.3,33.4,18.4,0.0,0.0,0.0,0.0,0.0,0.0,0.0,0.0,0.0,0.0,0.0,26.1,25.4,24.8,47,2,0.7232617254437388,0.6905740195722294,0
2022-02-17,0.0,25.4,33.2,18.1,0.0,0.0,0.0,0.0,0.0,0.0,0.0,0.0,0.0,0.0,0.0,25.3,25.5,26.0,48,2,0.7350336741329412,0.6780306024735382,0
2022-02-18,0.0,26.0,32.6,20.1,0.0,0.0,0.0,0.0,0.0,0.0,0.0,0.0,0.0,0.0,0.0,25.4,26.1,25.1,49,2,0.746588114532413,0.6652865452111116,0
2022-02-19,0.0,23.9,31.0,16.7,0.0,0.0,0.0,0.0,0.0,0.0,0.0,0.0,0.0,0.0,0.0,26.0,25.7,22.7,50,2,0.7579216274973472,0.6523456189565257,0
2022-02-20,0.0,23.5,31.7,15.7,0.0,0.0,0.0,0.0,0.0,0.0,0.0,0.0,0.0,0.0,0.0,23.9,25.6,21.9,51,2,0.7690308592589181,0.6392116531380588,0
2022-02-21,0.0,25.8,33.4,18.3,0.0,0.0,0.0,0.0,0.0,0.0,0.0,0.0,0.0,0.0,0.0,23.5,26.1,23.2,52,2,0.7799125224167177,0.6258885343075018,0
2022-02-22,0.0,25.1,32.0,18.8,0.0,0.0,0.0,0.0,0.0,0.0,0.0,0.0,0.0,0.0,0.0,25.8,26.1,24.9,53,2,0.7905633969115482,0.612380204990065,0
2022-02-23,0.0,25.8,32.2,18.6,0.0,0.0,0.0,0.0,0.0,0.0,0.0,0.0,0.0,0.0,0.0,25.1,25.3,25.4,54,2,0.8009803309782905,0.5986906625177214,0
2022-02-24,0.0,26.4,33.1,21.1,0.0,0.0,0.0,0.0,0.0,0.0,0.0,0.0,0.0,0.0,0.0,25.8,25.4,25.5,55,2,0.8111602420785621,0.5848239578463322,0
2022-02-25,0.0,25.4,31.9,18.4,0.0,0.0,0.0,0.0,0.0,0.0,0.0,0.0,0.0,0.0,0.0,26.4,26.0,26.1,56,2,0.8211001178128892,0.5707841943569036,0
2022-02-26,0.0,25.0,32.4,19.1,0.0,0.0,0.0,0.0,0.0,0.0,0.0,0.0,0.0,0.0,0.0,25.4,23.9,25.7,57,2,0.8307970168121247,0.5565755266413303,0
2022-02-27,0.0,26.2,32.7,19.4,0.0,0.0,0.0,0.0,0.0,0.0,0.0,0.0,0.0,0.0,0.0,25.0,23.5,25.6,58,2,0.8402480696078469,0.5422021592729844,0
2022-02-28,0.0,27.5,34.7,19.8,0.0,0.0,0.0,0.0,0.0,0.0,0.0,0.0,0.0,0.0,0.0,26.2,25.8,26.1,59,2,0.8494504794814806,0.527668345562516,0
2022-03-01,0.0,27.8,33.5,22.8,0.0,0.0,0.0,0.0,0.0,0.0,0.0,0.0,0.0,0.0,0.0,27.5,25.1,26.1,60,3,0.8584015232918917,0.512978386299228,0
2022-03-02,0.0,27.6,33.8,22.0,0.0,0.0,0.0,0.0,0.0,0.0,0.0,0.0,0.0,0.0,0.0,27.8,25.8,25.3,61,3,0.8670985522812081,0.4981366284784055,0
2022-03-03,0.0,27.7,34.1,22.0,0.0,0.0,0.0,0.0,0.0,0.0,0.0,0.0,0.0,0.0,0.0,27.6,26.4,25.4,62,3,0.8755389928586302,0.4831474640149687,0
2022-03-04,0.0,27.6,34.0,21.0,0.0,0.0,0.0,0.0,0.0,0.0,0.0,0.0,0.0,0.0,0.0,27.7,25.4,26.0,63,3,0.8837203473619977,0.4680153284438345,0
2022-03-05,0.0,28.3,35.1,22.0,0.0,0.0,0.0,0.0,0.0,0.0,0.0,0.0,0.0,0.0,0.0,27.6,25.0,23.9,64,3,0.8916401947968874,0.45274469960737107,0
2022-03-06,0.0,28.8,35.6,22.9,0.0,0.0,0.0,0.0,0.0,0.0,0.0,0.0,0.0,0.0,0.0,28.3,26.2,23.5,65,3,0.8992961915530253,0.4373400963303323,0
2022-03-07,0.0,29.2,35.8,23.4,0.0,0.0,0.0,0.0,0.0,0.0,0.0,0.0,0.0,0.0,0.0,28.8,27.5,25.8,66,3,0.9066860720977985,0.4218060770826634,0
2022-03-08,0.0,29.3,36.3,22.8,0.0,0.0,0.0,0.0,0.0,0.0,0.0,0.0,0.0,0.0,0.0,29.2,27.8,25.1,67,3,0.9138076496466615,0.40614723863057883,0
2022-03-09,0.0,29.8,36.9,24.2,0.0,0.0,0.0,0.0,0.0,0.0,0.0,0.0,0.0,0.0,0.0,29.3,27.6,25.8,68,3,0.9206588168102428,0.3903682146763026,0
2022-03-10,0.0,29.7,37.8,22.5,0.0,0.0,0.0,0.0,0.0,0.0,0.0,0.0,0.0,0.0,0.0,29.8,27.7,26.4,69,3,0.9272375462179537,0.374473674486883,0
2022-03-11,0.0,29.5,37.3,23.0,0.0,0.0,0.0,0.0,0.0,0.0,0.0,0.0,0.0,0.0,0.0,29.7,27.6,25.4,70,3,0.9335418911179212,0.35846832151248087,0
2022-03-12,0.0,28.2,36.0,21.8,0.0,0.0,0.0,0.0,0.0,0.0,0.0,0.0,0.0,0.0,0.0,29.5,28.3,25.0,71,3,0.9395699859530622,0.342356891994542,0
2022-03-13,0.0,27.8,34.8,21.1,0.0,0.0,0.0,0.0,0.0,0.0,0.0,0.0,0.0,0.0,0.0,28.2,28.8,26.2,72,3,0.945320046913132,0.3261441535642696,0
2022-03-14,0.0,28.2,36.0,21.3,0.0,0.0,0.0,0.0,0.0,0.0,0.0,0.0,0.0,0.0,0.0,27.8,29.2,27.5,73,3,0.9507903724625832,0.3098349038318025,0
2022-03-15,0.0,27.3,35.6,19.6,0.0,0.0,0.0,0.0,0.0,0.0,0.0,0.0,0.0,0.0,0.0,28.2,29.3,27.8,74,3,0.9559793438440766,0.2934339689665273,0
2022-03-16,0.0,24.6,32.3,17.7,0.0,0.0,0.0,0.0,0.0,0.0,0.0,0.0,0.0,0.0,0.0,27.3,29.8,27.6,75,3,0.9608854255574977,0.27694620226893646,0
2022-03-17,0.0,24.8,32.3,17.0,0.0,0.0,0.0,0.0,0.0,0.0,0.0,0.0,0.0,0.0,0.0,24.6,29.7,27.7,76,3,0.9655071658143364,0.2603764827344581,0
2022-03-18,0.0,27.0,33.1,20.5,0.0,0.0,0.0,0.0,0.0,0.0,0.0,0.0,0.0,0.0,0.0,24.8,29.5,27.6,77,3,0.969843196967294,0.24372971360968387,0
2022-03-19,0.0,27.0,32.9,21.1,0.0,0.0,0.0,0.0,0.0,0.0,0.0,0.0,0.0,0.0,0.0,27.0,28.2,28.3,78,3,0.9738922359149924,0.22701082094141847,0
2022-03-20,0.0,27.8,33.2,22.0,0.0,0.0,0.0,0.0,0.0,0.0,0.0,0.0,0.0,0.0,0.0,27.0,27.8,28.8,79,3,0.9776530844816641,0.2102247521189836,0
2022-03-21,0.0,27.3,33.2,20.6,0.0,0.0,0.0,0.0,0.0,0.0,0.0,0.0,0.0,0.0,0.0,27.8,28.2,29.2,80,3,0.981124629771712,0.19337647441020586,0
2022-03-22,0.0,27.8,34.1,20.9,0.0,0.0,0.0,0.0,0.0,0.0,0.0,0.0,0.0,0.0,0.0,27.3,27.3,29.3,81,3,0.984305844499033,0.17647097349152166,0
2022-03-23,0.0,27.2,34.1,19.6,0.0,0.0,0.0,0.0,0.0,0.0,0.0,0.0,0.0,0.0,0.0,27.8,24.6,29.8,82,3,0.9871957872910085,0.15951325197263655,0
2022-03-24,0.0,27.5,34.7,20.6,0.0,0.0,0.0,0.0,0.0,0.0,0.0,0.0,0.0,0.0,0.0,27.2,24.8,29.7,83,3,0.9897936029670716,0.14250832791617088,0
2022-03-25,0.0,26.6,34.2,18.6,0.0,0.0,0.0,0.0,0.0,0.0,0.0,0.0,0.0,0.0,0.0,27.5,27.0,29.5,84,3,0.992098522791769,0.12546123335273648,0
2022-03-26,0.0,26.3,35.4,18.1,0.0,0.0,0.0,0.0,0.0,0.0,0.0,0.0,0.0,0.0,0.0,26.6,27.0,28.2,85,3,0.9941098647022418,0.10837701279187609,0
2022-03-27,0.0,27.3,36.0,17.7,0.0,0.0,0.0,0.0,0.0,0.0,0.0,0.0,0.0,0.0,0.0,26.3,27.8,27.8,86,3,0.9958270335100595,0.09126072172931188,0
2022-03-28,0.0,27.9,34.5,21.4,0.0,0.0,0.0,0.0,0.0,0.0,0.0,0.0,0.0,0.0,0.0,27.3,27.3,28.2,87,3,0.9972495210773451,0.07411742515094437,0
2022-03-29,0.0,27.3,34.0,21.8,0.0,0.0,0.0,0.0,0.0,0.0,0.0,0.0,0.0,0.0,0.0,27.9,27.8,27.3,88,3,0.998376906467142,0.056952196034039754,0
2022-03-30,0.0,28.0,34.4,22.0,0.0,0.0,0.0,0.0,0.0,0.0,0.0,0.0,0.0,0.0,0.0,27.3,27.2,24.6,89,3,0.9992088560679753,0.03977011384605572,0
2022-03-31,0.0,28.5,35.1,22.9,0.0,0.0,0.0,0.0,0.0,0.0,0.0,0.0,0.0,0.0,0.0,28.0,27.5,24.8,90,3,0.9997451236925734,0.022576263041545485,0
2022-04-01,0.0,29.0,36.2,22.9,0.0,0.0,0.0,0.0,0.0,0.0,0.0,0.0,0.0,0.0,0.0,28.5,26.6,27.0,91,4,0.9999855506507186,0.005375731557583884,0
2022-04-02,0.0,29.5,36.5,23.6,0.0,0.0,0.0,0.0,0.0,0.0,0.0,0.0,0.0,0.0,0.0,29.0,26.3,27.0,92,4,0.9999300657962057,-0.011826390691832589,0
2022-04-03,0.0,30.0,36.6,24.2,0.0,0.0,0.0,0.0,0.0,0.0,0.0,0.0,0.0,0.0,0.0,29.5,27.3,27.8,93,4,0.9995786855478958,-0.029025013321975237,0
2022-04-04,0.0,30.3,36.8,24.8,0.0,0.0,0.0,0.0,0.0,0.0,0.0,0.0,0.0,0.0,0.0,30.0,27.9,27.3,94,4,0.9989315138848577,-0.046215046983708354,0
2022-04-05,0.0,30.4,37.0,25.3,0.0,0.0,0.0,0.0,0.0,0.0,0.0,0.0,0.0,0.0,0.0,30.3,27.3,27.8,95,4,0.9979887423155984,-0.06339140486951038,0
2022-04-06,0.0,30.3,36.4,25.0,0.0,0.0,0.0,0.0,0.0,0.0,0.0,0.0,0.0,0.0,0.0,30.4,28.0,27.2,96,4,0.9967506498213929,-0.08054900421874167,0
2022-04-07,0.0,30.1,35.8,24.6,0.0,0.0,0.0,0.0,0.0,0.0,0.0,0.0,0.0,0.0,0.0,30.3,28.5,27.5,97,4,0.9952176027737294,-0.09768276782171598,0
2022-04-08,0.0,29.4,35.6,23.6,0.0,0.0,0.0,0.0,0.0,0.0,0.0,0.0,0.0,0.0,0.0,30.1,29.0,26.6,98,4,0.9933900548258936,-0.11478762552212701,0
2022-04-09,0.0,29.5,35.7,23.5,0.0,0.0,0.0,0.0,0.0,0.0,0.0,0.0,0.0,0.0,0.0,29.4,29.5,26.3,99,4,0.9912685467787256,-0.13185851571739118,0
2022-04-10,0.0,30.1,36.9,24.6,0.0,0.0,0.0,0.0,0.0,0.0,0.0,0.0,0.0,0.0,0.0,29.5,30.0,27.3,100,4,0.9888537064205885,-0.1488903868564548,0
2022-04-11,0.0,30.8,36.8,24.8,0.0,0.0,0.0,0.0,0.0,0.0,0.0,0.0,0.0,0.0,0.0,30.1,30.3,27.9,101,4,0.986146248341595,-0.16587819893463143,0
2022-04-12,0.3,26.6,33.6,21.9,0.0,0.0,0.0,0.0,0.0,0.0,0.0,0.0,0.0,0.0,0.0,30.8,30.4,27.3,102,4,0.9831469737221499,-0.1828169249850199,1
2022-04-13,2.5,28.4,35.4,21.6,0.3,0.0,0.0,0.0,0.0,0.0,0.0,0.30000000000000177,0.2999999999999991,0.3,0.3,26.6,30.3,28.0,103,4,0.9798567700958665,-0.1997015525660636,1
2022-04-14,0.0,29.8,35.6,25.0,2.5,0.3,0.0,0.0,0.0,0.0,0.0,2.8000000000000016,2.799999999999999,2.8,2.8,28.4,30.1,28.5,104,4,0.9762766110869321,-0.21652708524481437,0
2022-04-15,0.0,30.1,35.6,25.1,0.0,2.5,0.3,0.0,0.0,0.0,0.0,2.8000000000000016,2.799999999999999,2.8,2.8,29.8,29.4,29.0,105,4,0.9724075561219968,-0.23328854407545518,0
2022-04-16,0.5,26.9,32.2,22.9,0.0,0.0,2.5,0.0,0.0,0.0,0.0,2.5000000000000018,2.799999999999999,2.8,2.8,30.1,29.5,29.5,106,4,0.9682507501166718,-0.2499809690726521,1
2022-04-17,0.3,26.3,33.0,21.8,0.5,0.0,0.0,0.0,0.0,0.0,0.0,0.5000000000000018,3.299999999999999,3.3,3.3,26.9,30.1,30.0,107,4,0.9638074231367307,-0.26659942067929354,1
2022-04-18,0.0,27.9,34.1,19.6,0.3,0.5,0.0,0.0,0.0,0.0,0.0,0.8000000000000018,3.5999999999999988,3.5999999999999996,3.5999999999999996,26.3,30.8,30.3,108,4,0.9590788900341131,-0.28313898122818354,0
2022-04-19,0.0,29.6,34.5,24.3,0.0,0.3,0.5,0.3,0.0,0.0,0.0,0.8000000000000018,3.5999999999999988,3.5999999999999996,3.5999999999999996,27.9,26.6,30.4,109,4,0.9540665500578387,-0.2995947563972602,0
2022-04-20,0.0,29.6,35.6,24.8,0.0,0.0,0.3,2.5,0.0,0.0,0.0,0.30000000000000177,3.299999999999999,3.5999999999999996,3.5999999999999996,29.6,28.4,30.3,110,4,0.9487718864399473,-0.31596187665790293,0
2022-04-21,0.1,28.1,33.6,22.9,0.0,0.0,0.0,0.0,0.0,0.0,0.0,0.0,0.7999999999999992,3.5999999999999996,3.5999999999999996,29.6,29.8,30.1,111,4,0.9431964659565866,-0.33223549871590435,0
2022-04-22,0.9,27.4,33.7,21.9,0.1,0.0,0.0,0.0,0.0,0.0,0.0,0.10000000000000178,0.8999999999999991,3.6999999999999997,3.6999999999999997,28.1,30.1,29.4,112,4,0.9373419384643772,-0.3484108069446808,1
2022-04-23,0.0,27.0,32.5,19.9,0.9,0.1,0.0,0.5,0.0,0.0,0.0,1.0000000000000018,1.7999999999999992,4.6,4.6,27.4,26.9,29.5,113,4,0.9312100364121947,-0.3644830148102912,0
2022-04-24,0.0,27.9,32.8,23.0,0.0,0.9,0.1,0.3,0.0,0.0,0.0,1.0000000000000018,1.2999999999999992,4.6,4.6,27.0,26.3,30.1,114,4,0.9248025743285089,-0.38044736628785164,0
2022-04-25,0.0,28.7,34.9,22.4,0.0,0.0,0.9,0.0,0.0,0.0,0.0,0.9000000000000018,0.9999999999999991,4.6,4.6,27.9,27.9,30.8,115,4,0.9181214482844365,-0.39629913726891813,0
2022-04-26,0.0,28.7,34.8,23.9,0.0,0.0,0.0,0.0,0.3,0.0,0.0,0.0,0.9999999999999991,4.6,4.6,28.7,29.6,26.6,116,4,0.9111686353326631,-0.41203363695942635,0
2022-04-27,0.0,29.4,35.3,23.8,0.0,0.0,0.0,0.0,2.5,0.0,0.0,0.0,0.9999999999999991,4.3,4.6,28.7,29.6,28.4,117,4,0.9039461929224011,-0.42764620926777464,0
2022-04-28,0.0,28.2,34.8,20.4,0.0,0.0,0.0,0.1,0.0,0.0,0.0,0.0,0.9999999999999991,1.8,4.6,29.4,28.1,29.8,118,4,0.8964562582905575,-0.44313223418263453,0
2022-04-29,0.0,28.7,35.4,20.4,0.0,0.0,0.0,0.9,0.0,0.0,0.0,0.0,0.8999999999999991,1.8,4.6,28.2,27.4,30.1,119,4,0.8887010478292915,-0.45848712914008766,0
2022-04-30,0.0,29.2,35.7,23.5,0.0,0.0,0.0,0.0,0.5,0.0,0.0,0.0,0.0,1.8,4.6,28.7,27.0,26.9,120,4,0.8806828564301475,-0.47370635037968,0
2022-05-01,0.0,29.6,36.1,23.6,0.0,0.0,0.0,0.0,0.3,0.0,0.0,0.0,0.0,1.3,4.6,29.2,27.9,26.3,121,5,0.8724040568049612,-0.48878539428899265,0
2022-05-02,0.0,29.4,34.9,24.5,0.0,0.0,0.0,0.0,0.0,0.0,0.0,0.0,0.0,1.0,4.6,29.6,28.7,27.9,122,5,0.8638670987837349,-0.503719798736334,0
2022-05-03,0.0,29.4,34.9,24.3,0.0,0.0,0.0,0.0,0.0,0.3,0.0,0.0,0.0,1.0,4.6,29.4,28.7,29.6,123,5,0.8550745085896932,-0.518505144391157,0
2022-05-04,0.0,30.1,35.8,24.9,0.0,0.0,0.0,0.0,0.0,2.5,0.0,0.0,0.0,1.0,4.6,29.4,29.4,29.6,124,5,0.8460288880917339,-0.533137056031809,0
2022-05-05,0.0,29.5,35.3,22.0,0.0,0.0,0.0,0.0,0.1,0.0,0.0,0.0,0.0,1.0,4.6,30.1,28.2,28.1,125,5,0.8367329140344921,-0.5476112038402312,0
2022-05-06,0.0,29.9,36.5,24.5,0.0,0.0,0.0,0.0,0.9,0.0,0.0,0.0,0.0,0.9,4.6,29.5,28.7,27.4,126,5,0.8271893372462497,-0.5619233046832195,0
2022-05-07,0.0,29.4,35.6,23.7,0.0,0.0,0.0,0.0,0.0,0.5,0.0,0.0,0.0,0.0,4.6,29.9,29.2,27.0,127,5,0.8174009818249189,-0.5760691233798758,0
2022-05-08,0.0,29.8,35.3,23.2,0.0,0.0,0.0,0.0,0.0,0.3,0.0,0.0,0.0,0.0,4.6,29.4,29.6,27.9,128,5,0.8073707443023492,-0.5900444739548627,0
2022-05-09,0.0,31.1,37.6,25.6,0.0,0.0,0.0,0.0,0.0,0.0,0.0,0.0,0.0,0.0,4.6,29.8,29.4,28.7,129,5,0.7971015927871943,-0.6038452208771035,0
2022-05-10,0.0,31.0,37.0,26.1,0.0,0.0,0.0,0.0,0.0,0.0,0.3,0.0,0.0,0.0,4.6,31.1,29.4,28.7,130,5,0.7865965660866021,-0.6174672802835514,0
2022-05-11,0.0,31.1,37.0,25.7,0.0,0.0,0.0,0.0,0.0,0.0,2.5,0.0,0.0,0.0,4.3,31.0,30.1,29.4,131,5,0.7758587728069828,-0.6309066211876704,0
2022-05-12,0.0,30.5,36.0,25.1,0.0,0.0,0.0,0.0,0.0,0.1,0.0,0.0,0.0,0.0,1.8,31.1,29.5,28.2,132,5,0.7648913904341226,-0.6441592666722685,0
2022-05-13,0.0,30.6,37.2,24.3,0.0,0.0,0.0,0.0,0.0,0.9,0.0,0.0,0.0,0.0,1.8,30.5,29.9,28.7,133,5,0.753697664392914,-0.6572212950663319,0
2022-05-14,0.0,31.1,36.5,25.6,0.0,0.0,0.0,0.0,0.0,0.0,0.5,0.0,0.0,0.0,1.8,30.6,29.4,29.2,134,5,0.742280907086982,-0.6700888411055113,0
2022-05-15,0.0,30.8,37.4,25.9,0.0,0.0,0.0,0.0,0.0,0.0,0.3,0.0,0.0,0.0,1.3,31.1,29.8,29.6,135,5,0.7306444969184916,-0.6827580970759147,0
2022-05-16,0.0,28.9,34.9,24.2,0.0,0.0,0.0,0.0,0.0,0.0,0.0,0.0,0.0,0.0,1.0,30.8,31.1,29.4,136,5,0.7187918772884232,-0.6952253139408722,0
2022-05-17,0.0,29.1,34.3,22.5,0.0,0.0,0.0,0.0,0.0,0.0,0.0,0.0,0.0,0.0,1.0,28.9,31.0,29.4,137,5,0.7067265555776158,-0.7074868024503348,0
2022-05-18,0.0,30.2,36.7,23.0,0.0,0.0,0.0,0.0,0.0,0.0,0.0,0.0,0.0,0.0,1.0,29.1,31.1,30.1,138,5,0.6944521021088763,-0.719538934232584,0
2022-05-19,0.0,30.1,36.5,23.1,0.0,0.0,0.0,0.0,0.0,0.0,0.1,0.0,0.0,0.0,1.0,30.2,30.5,29.5,139,5,0.6819721490904629,-0.7313781428679254,0
2022-05-20,0.0,30.8,36.7,25.9,0.0,0.0,0.0,0.0,0.0,0.0,0.9,0.0,0.0,0.0,0.9,30.1,30.6,29.9,140,5,0.6692903895412567,-0.7430009249440493,0
2022-05-21,0.0,30.7,37.2,26.2,0.0,0.0,0.0,0.0,0.0,0.0,0.0,0.0,0.0,0.0,0.0,30.8,31.1,29.4,141,5,0.6564105761979381,-0.7544038410927472,0
2022-05-22,0.0,28.5,34.1,21.7,0.0,0.0,0.0,0.0,0.0,0.0,0.0,0.0,0.0,0.0,0.0,30.7,30.8,29.8,142,5,0.6433365204044917,-0.765583517007675,0
2022-05-23,0.0,29.2,34.8,22.7,0.0,0.0,0.0,0.0,0.0,0.0,0.0,0.0,0.0,0.0,0.0,28.5,28.9,31.1,143,5,0.6300720909843687,-0.7765366444428655,0
2022-05-24,0.0,30.7,37.5,23.2,0.0,0.0,0.0,0.0,0.0,0.0,0.0,0.0,0.0,0.0,0.0,29.2,29.1,31.0,144,5,0.6166212130956382,-0.7872599821916922,0
2022-05-25,0.0,29.1,35.1,22.4,0.0,0.0,0.0,0.0,0.0,0.0,0.0,0.0,0.0,0.0,0.0,30.7,30.2,31.1,145,5,0.6029878670694714,-0.7977503570459932,0
2022-05-26,0.0,28.9,34.2,22.6,0.0,0.0,0.0,0.0,0.0,0.0,0.0,0.0,0.0,0.0,0.0,29.1,30.1,30.5,146,5,0.5891760872322963,-0.8080046647350754,0
2022-05-27,0.0,29.9,34.5,23.6,0.0,0.0,0.0,0.0,0.0,0.0,0.0,0.0,0.0,0.0,0.0,28.9,30.8,30.6,147,5,0.5751899607119775,-0.8180198708443175,0
2022-05-28,0.0,29.8,35.4,24.1,0.0,0.0,0.0,0.0,0.0,0.0,0.0,0.0,0.0,0.0,0.0,29.9,30.7,31.1,148,5,0.5610336262283677,-0.8277930117131022,0
2022-05-29,0.0,29.3,34.8,22.5,0.0,0.0,0.0,0.0,0.0,0.0,0.0,0.0,0.0,0.0,0.0,29.8,28.5,30.8,149,5,0.5467112728685939,-0.8373211953118121,0
2022-05-30,0.0,30.0,35.2,23.3,0.0,0.0,0.0,0.0,0.0,0.0,0.0,0.0,0.0,0.0,0.0,29.3,29.2,28.9,150,5,0.5322271388474397,-0.8466016020976267,0
2022-05-31,0.0,29.2,33.2,23.7,0.0,0.0,0.0,0.0,0.0,0.0,0.0,0.0,0.0,0.0,0.0,30.0,30.7,29.1,151,5,0.5175855102531889,-0.8556314858488706,0
2022-06-01,0.0,29.1,35.7,20.9,0.0,0.0,0.0,0.0,0.0,0.0,0.0,0.0,0.0,0.0,0.0,29.2,29.1,30.2,152,6,0.5027907197793043,-0.8644081744776648,0
2022-06-02,0.0,29.4,34.4,23.6,0.0,0.0,0.0,0.0,0.0,0.0,0.0,0.0,0.0,0.0,0.0,29.1,28.9,30.1,153,6,0.4878471454423119,-0.8729290708206411,0
2022-06-03,0.2,28.1,33.3,22.8,0.0,0.0,0.0,0.0,0.0,0.0,0.0,0.0,0.0,0.0,0.0,29.4,29.9,30.8,154,6,0.47275920928627757,-0.881191653407483,1
2022-06-04,0.0,28.6,33.4,23.6,0.2,0.0,0.0,0.0,0.0,0.0,0.0,0.2000000000000018,0.19999999999999912,0.2,0.2,28.1,29.8,30.7,155,6,0.4575313760742512,-0.8891934772070711,0
2022-06-05,1.0,27.5,32.8,20.4,0.0,0.2,0.0,0.0,0.0,0.0,0.0,0.2000000000000018,0.19999999999999912,0.2,0.2,28.6,29.3,28.5,156,6,0.44216815196707204,-0.8969321743510065,1
2022-06-06,0.1,26.1,34.0,20.6,1.0,0.0,0.2,0.0,0.0,0.0,0.0,1.2000000000000017,1.199999999999999,1.2,1.2,27.5,30.0,29.2,157,6,0.42667408318992467,-0.9044054548343001,0
2022-06-07,0.0,28.3,32.5,22.2,0.1,1.0,0.0,0.0,0.0,0.0,0.0,1.1000000000000019,1.2999999999999992,1.3,1.3,26.1,29.2,30.7,158,6,0.4110537546870351,-0.9116111071930239,0
2022-06-08,0.3,27.3,33.0,22.9,0.0,0.1,1.0,0.0,0.0,0.0,0.0,1.1000000000000019,1.2999999999999992,1.3,1.3,28.3,29.1,29.1,159,6,0.3953117887649151,-0.9185469991587165,1
2022-06-09,6.7,23.6,29.6,20.5,0.3,0.0,0.1,0.0,0.0,0.0,0.0,0.4000000000000018,1.5999999999999992,1.6,1.6,27.3,29.4,28.9,160,6,0.37945284372454435,-0.925211078289358,1
2022-06-10,0.0,25.3,30.9,20.3,6.7,0.3,0.0,0.2,0.0,0.0,0.0,7.000000000000002,8.299999999999999,8.3,8.3,23.6,28.1,29.9,161,6,0.36348161248290634,-0.9316013725767187,0
2022-06-11,5.0,25.4,32.5,21.1,0.0,6.7,0.3,0.0,0.0,0.0,0.0,7.000000000000002,8.100000000000001,8.3,8.3,25.3,28.6,29.8,162,6,0.3474028211842774,-0.9377159910299093,1
2022-06-12,0.0,26.7,31.8,21.9,5.0,0.0,6.7,1.0,0.0,0.0,0.0,11.700000000000003,13.100000000000001,13.3,13.3,25.4,27.5,29.3,163,6,0.3312212278016865,-0.9435531242349544,0
2022-06-13,0.0,27.8,33.6,20.8,0.0,5.0,0.0,0.1,0.0,0.0,0.0,5.000000000000002,12.100000000000001,13.3,13.3,26.7,26.1,30.0,164,6,0.31494162072895193,-0.9491110448902284,0
2022-06-14,3.9,26.7,33.2,22.6,0.0,0.0,5.0,0.0,0.0,0.0,0.0,5.000000000000002,12.0,13.3,13.3,27.8,28.3,29.2,165,6,0.2985688173637202,-0.9543881083175908,1
2022-06-15,2.6,26.9,32.5,22.5,3.9,0.0,0.0,0.3,0.0,0.0,0.0,3.9000000000000017,15.899999999999999,17.2,17.2,26.7,27.3,29.1,166,6,0.2821076626819194,-0.9593827529490743,1
2022-06-16,0.0,26.9,32.4,22.6,2.6,3.9,0.0,6.7,0.0,0.0,0.0,6.500000000000002,18.2,19.8,19.8,26.9,23.6,29.4,167,6,0.26556302780405594,-0.9640935007889755,0
2022-06-17,0.0,27.4,32.1,20.8,0.0,2.6,3.9,0.0,0.2,0.0,0.0,6.500000000000002,11.5,19.8,19.8,26.9,25.3,28.1,168,6,0.24893980855376657,-0.9685189578512204,0
2022-06-18,0.0,26.3,30.2,21.6,0.0,0.0,2.6,5.0,0.0,0.0,0.0,2.600000000000002,11.5,19.6,19.8,27.4,25.4,28.6,169,6,0.23224292400907015,-0.9726578145718654,0
2022-06-19,1.9,23.8,31.2,20.4,0.0,0.0,0.0,0.0,1.0,0.0,0.0,0.0,6.5,19.6,19.8,26.3,26.7,27.5,170,6,0.21547731504673012,-0.976508846196619,1
2022-06-20,0.4,23.8,30.0,19.0,1.9,0.0,0.0,0.0,0.1,0.0,0.0,1.9000000000000017,8.4,20.5,21.7,23.8,27.8,26.1,171,6,0.19864794288017112,-0.9800709131432666,1
2022-06-21,3.9,23.5,28.5,19.9,0.4,1.9,0.0,3.9,0.0,0.0,0.0,2.3000000000000016,8.8,20.8,22.1,23.8,26.7,28.3,172,6,0.18175978759137534,-0.9833429613388902,1
2022-06-22,0.0,24.7,30.3,19.4,3.9,0.4,1.9,2.6,0.3,0.0,0.0,6.200000000000001,8.799999999999999,24.7,26.0,23.5,26.9,27.3,173,6,0.16481784665719793,-0.9863240225317866,0
2022-06-23,1.3,26.4,32.4,21.9,0.0,3.9,0.4,0.0,6.7,0.0,0.0,4.300000000000001,6.199999999999999,24.4,26.0,24.7,26.9,23.6,174,6,0.14782713347053048,-0.9890132145779883,1
2022-06-24,1.6,24.8,31.1,21.3,1.3,0.0,3.9,0.0,0.0,0.2,0.0,5.200000000000002,7.5,19.0,27.3,26.4,27.4,25.3,175,6,0.13079267585675922,-0.9914097417023038,1
2022-06-25,1.0,23.4,27.9,19.2,1.6,1.3,0.0,0.0,5.0,0.0,0.0,2.900000000000002,9.1,20.599999999999998,28.9,24.8,26.3,25.4,176,6,0.11371951458594969,-0.9935128947338007,1
2022-06-26,0.5,22.8,28.9,18.5,1.0,1.6,1.3,1.9,0.0,1.0,0.0,3.900000000000002,10.1,16.599999999999998,29.9,23.4,23.8,26.7,177,6,0.0966127018812031,-0.9953220513156602,1
2022-06-27,2.4,24.3,30.0,18.9,0.5,1.0,1.6,0.4,0.0,0.1,0.0,3.1000000000000023,8.7,17.099999999999998,30.4,22.8,23.8,27.8,178,6,0.07947729992362097,-0.9968366760893436,1
2022-06-28,3.6,24.1,29.4,19.1,2.4,0.5,1.0,3.9,3.9,0.0,0.0,3.9000000000000012,10.7,19.5,32.8,24.3,23.5,26.7,179,6,0.062318379354325076,-0.998056320853012,1
2022-06-29,0.9,21.7,27.2,18.9,3.6,2.4,0.5,0.0,2.6,0.3,0.0,6.500000000000002,10.4,19.2,36.4,24.1,24.7,26.9,180,6,0.04514101777397193,-0.9989806246941579,1
2022-06-30,4.4,22.0,28.3,18.3,0.9,3.6,2.4,1.3,0.0,6.7,0.0,6.900000000000001,11.3,17.5,37.3,21.7,26.4,26.9,181,6,0.02795029824021032,-0.999609314096404,1
2022-07-01,6.1,21.0,24.8,17.8,4.4,0.9,3.6,1.6,0.0,0.0,0.2,8.900000000000002,14.4,21.9,41.7,22.0,24.8,27.4,182,7,0.01075130776352193,-0.9999422030204416,1
2022-07-02,18.1,21.6,26.2,19.1,6.1,4.4,0.9,1.0,0.0,5.0,0.0,11.400000000000002,18.9,28.0,47.599999999999994,21.0,23.4,26.3,183,7,-0.00645086419810515,-0.9999791929590823,1
2022-07-03,6.4,21.9,27.1,18.2,18.1,6.1,4.4,0.5,1.9,0.0,1.0,28.6,36.0,46.1,65.7,21.6,22.8,23.8,184,7,-0.023651127245231586,-0.9997202729664083,1
2022-07-04,5.1,20.0,25.2,17.1,6.4,18.1,6.1,2.4,0.4,0.0,0.1,30.6,41.9,50.6,71.1,21.9,24.3,23.8,185,7,-0.04084439154329611,-0.9991655196610109,1
2022-07-05,0.0,22.0,26.6,16.7,5.1,6.4,18.1,3.6,3.9,3.9,0.0,29.6,44.6,55.300000000000004,76.10000000000001,20.0,24.1,23.5,186,7,-0.05802556932878035,-0.9983150972033183,0
2022-07-06,2.1,23.2,27.9,19.9,0.0,5.1,6.4,0.9,0.0,2.6,0.3,11.5,41.0,51.400000000000006,76.10000000000001,22.0,21.7,24.7,187,7,-0.07518957641475855,-0.9971692572470178,1
2022-07-07,12.9,20.7,26.0,17.7,2.1,0.0,5.1,4.4,1.3,0.0,6.7,7.199999999999999,42.2,53.50000000000001,77.9,23.2,22.0,26.4,188,7,-0.09233133369539122,-0.9957283388645872,1
2022-07-08,14.5,20.3,24.6,17.9,12.9,2.1,0.0,6.1,1.6,0.0,0.0,15.0,50.699999999999996,65.1,84.10000000000001,20.7,21.0,24.8,189,7,-0.10944576864891556,-0.993992768446958,1
2022-07-09,9.9,20.1,24.4,18.3,14.5,12.9,2.1,18.1,1.0,0.0,5.0,29.5,59.1,78.0,98.60000000000001,20.3,21.6,23.4,190,7,-0.12652781683868314,-0.9919630595773397,1
2022-07-10,4.1,19.5,22.9,17.6,9.9,14.5,12.9,6.4,0.5,1.9,0.0,37.3,50.9,86.9,103.5,20.1,21.9,22.8,191,7,-0.1435724234118113,-0.9896398128792412,1
2022-07-11,7.2,19.3,23.3,17.2,4.1,9.9,14.5,5.1,2.4,0.4,0.0,28.5,48.6,90.5,107.60000000000001,19.5,20.0,24.3,192,7,-0.16057454459499376,-0.9870237158387383,1
2022-07-12,3.8,19.7,23.5,17.6,7.2,4.1,9.9,0.0,3.6,3.9,3.9,21.2,50.7,95.30000000000001,114.80000000000001,19.3,22.0,24.1,193,7,-0.17752914918703497,-0.984115542601034,1
2022-07-13,5.1,20.1,23.7,17.3,3.8,7.2,4.1,2.1,0.9,0.0,2.6,15.1,54.5,95.5,114.7,19.7,23.2,21.7,194,7,-0.19443122004766195,-0.9809161537413774,1
2022-07-14,8.4,19.1,21.7,17.3,5.1,3.8,7.2,12.9,4.4,1.3,0.0,16.1,57.5,99.7,117.2,20.1,20.7,22.0,195,7,-0.2112757555821793,-0.9774264960104055,1
2022-07-15,18.9,19.7,24.1,16.8,8.4,5.1,3.8,14.5,6.1,1.6,0.0,17.3,53.0,103.7,125.60000000000001,19.1,20.3,21.0,196,7,-0.2280577712215198,-0.9736476020539838,1
2022-07-16,8.6,20.2,24.7,17.3,18.9,8.4,5.1,9.9,18.1,1.0,0.0,32.4,57.4,116.5,144.5,19.7,20.1,21.6,197,7,-0.24477230089725957,-0.9695805901076308,1
2022-07-17,5.7,21.0,25.4,17.8,8.6,18.9,8.4,4.1,6.4,0.5,1.9,35.9,56.1,107.0,153.1,20.2,19.5,21.9,198,7,-0.2614143985111562,-0.965226663665613,1
2022-07-18,3.7,21.2,25.4,17.9,5.7,8.6,18.9,7.2,5.1,2.4,0.4,33.199999999999996,57.699999999999996,106.3,156.9,21.0,19.3,20.0,199,7,-0.2779791393987801,-0.9605871111248129,1
2022-07-19,4.8,21.0,25.2,17.8,3.7,5.7,8.6,3.8,0.0,3.6,3.9,18.0,54.199999999999996,104.9,160.2,21.2,19.7,22.0,200,7,-0.2944616217868012,-0.9556633054034704,1
2022-07-20,16.9,18.3,20.0,17.2,4.8,3.7,5.7,5.1,2.1,0.9,0.0,14.2,55.199999999999996,109.7,161.10000000000002,21.0,20.1,23.2,201,7,-0.3108569682435036,-0.9504567035349151,1
2022-07-21,1.5,20.1,23.4,17.7,16.9,4.8,3.7,8.4,12.9,4.4,1.3,25.4,67.0,124.5,178.0,18.3,19.1,20.7,202,7,-0.3271603271220951,-0.9449688462364056,1
2022-07-22,2.8,21.3,25.5,18.1,1.5,16.9,4.8,18.9,14.5,6.1,1.6,23.199999999999996,60.099999999999994,113.1,178.2,20.1,19.7,20.3,203,7,-0.34336687399638804,-0.939201357453208,1
2022-07-23,11.8,21.4,25.3,18.6,2.8,1.5,16.9,8.6,9.9,18.1,1.0,21.2,44.0,101.39999999999999,179.4,21.3,20.2,20.1,204,7,-0.3594718130884232,-0.9331559438780432,1
2022-07-24,20.6,18.5,19.8,16.2,11.8,2.8,1.5,5.7,4.1,6.4,0.5,16.1,47.2,103.3,190.20000000000002,21.4,21.0,19.5,205,7,-0.3754703786876202,-0.9268343944460494,1
2022-07-25,1.0,20.1,24.2,15.9,20.6,11.8,2.8,3.7,7.2,5.1,2.4,35.2,62.10000000000001,119.8,210.3,18.5,21.2,19.3,206,7,-0.3913578365610259,-0.9202385798054075,1
2022-07-26,13.3,19.3,21.6,17.6,1.0,20.6,11.8,4.8,3.8,0.0,3.6,33.400000000000006,59.400000000000006,113.6,208.9,20.1,21.0,19.7,207,7,-0.4071294853542516,-0.9133704517637858,1
2022-07-27,28.9,20.3,25.2,17.2,13.3,1.0,20.6,16.9,5.1,2.1,0.9,34.900000000000006,67.9,123.1,218.60000000000002,19.3,18.3,20.1,208,7,-0.4227806579826773,-0.9062320427107697,1
2022-07-28,19.3,19.9,24.4,16.6,28.9,13.3,1.0,1.5,8.4,12.9,4.4,43.2,79.9,146.9,246.6,20.3,20.1,19.1,209,7,-0.4383067230125192,-0.898825465016444,1
2022-07-29,13.9,19.7,24.4,16.7,19.3,28.9,13.3,2.8,18.9,14.5,6.1,61.5,97.7,157.8,261.5,19.9,21.3,19.7,210,7,-0.45370308603134424,-0.8911529104063088,1
2022-07-30,8.6,20.0,24.5,17.0,13.9,19.3,28.9,11.8,8.6,9.9,18.1,62.1,108.8,152.79999999999998,269.3,19.7,21.4,20.2,211,7,-0.46896519100763184,-0.8832166493127127,1
2022-07-31,17.3,19.8,22.8,17.8,8.6,13.9,19.3,20.6,5.7,4.1,6.4,41.800000000000004,105.60000000000001,152.8,259.8,20.0,18.5,21.0,212,7,-0.48408852163897587,-0.8750190302029955,1
2022-08-01,14.2,18.7,20.5,17.4,17.3,8.6,13.9,1.0,3.7,7.2,5.1,39.8,102.3,164.4,270.7,19.8,20.1,21.2,213,8,-0.4990686026885319,-0.8665624788845385,1
2022-08-02,12.4,18.6,21.7,17.1,14.2,17.3,8.6,13.3,4.8,3.8,0.0,40.1,115.5,174.9,279.79999999999995,18.7,19.3,21.0,214,8,-0.5139010013093103,-0.8578494977869301,1
2022-08-03,6.6,19.2,22.7,16.7,12.4,14.2,17.3,28.9,16.9,5.1,2.1,43.9,114.6,182.5,292.2,18.6,20.3,18.3,215,8,-0.5285813283559292,-0.8488826652214553,1
2022-08-04,16.2,19.6,24.1,16.7,6.6,12.4,14.2,19.3,1.5,8.4,12.9,33.2,92.3,172.20000000000002,296.70000000000005,19.2,19.9,20.1,216,8,-0.5431052396834317,-0.8396646346181327,1
2022-08-05,8.9,19.5,23.0,17.3,16.2,6.6,12.4,13.9,2.8,18.9,14.5,35.2,89.19999999999999,186.9,300.0,19.6,19.7,21.3,217,8,-0.5574684374327892,-0.8301981337405212,1
2022-08-06,8.6,19.7,23.1,18.2,8.9,16.2,6.6,8.6,11.8,8.6,9.9,31.700000000000003,84.2,193.0,294.4,19.5,20.0,21.4,218,8,-0.5716666713027052,-0.8204859638785327,1
2022-08-07,3.6,20.1,23.6,17.5,8.6,8.9,16.2,17.3,20.6,5.7,4.1,33.7,84.19999999999999,189.8,293.1,19.7,19.8,18.5,219,8,-0.5856957398073508,-0.8105309990194823,1
2022-08-08,17.3,20.0,23.7,17.1,3.6,8.6,8.9,14.2,1.0,3.7,7.2,21.1,70.5,172.79999999999998,292.59999999999997,20.1,18.7,20.1,220,8,-0.5995514915196489,-0.8003361849976323,1
2022-08-09,5.9,19.9,22.5,17.4,17.3,3.6,8.6,12.4,13.3,4.8,3.8,29.5,73.6,189.1,302.7,20.0,18.6,19.3,221,8,-0.6132298262997502,-0.7899045386224707,1
2022-08-10,26.5,19.6,22.6,17.3,5.9,17.3,3.6,6.6,28.9,16.9,5.1,26.800000000000004,67.1,181.70000000000002,304.8,19.9,19.2,20.3,222,8,-0.6267266965083301,-0.7792391467859886,1
2022-08-11,3.3,19.6,22.3,17.6,26.5,5.9,17.3,16.2,19.3,1.5,8.4,49.7,87.0,179.3,326.20000000000005,19.6,19.6,19.9,223,8,-0.6400381082043503,-0.7683431655492202,1
2022-08-12,6.6,19.3,21.9,17.5,3.3,26.5,5.9,8.9,13.9,2.8,18.9,35.70000000000001,74.10000000000001,163.29999999999998,321.09999999999997,19.6,19.5,19.7,224,8,-0.65316012232693,-0.7572198192083127,1
2022-08-13,3.9,20.0,23.5,16.9,6.6,3.3,26.5,8.6,8.6,11.8,8.6,36.400000000000006,71.8,156.00000000000003,308.8,19.3,19.7,20.0,225,8,-0.666088855860977,-0.7458723993404063,1
2022-08-14,9.6,20.6,24.9,18.4,3.9,6.6,3.3,3.6,17.3,20.6,5.7,13.800000000000002,67.10000000000001,151.29999999999998,304.09999999999997,20.0,20.1,19.8,226,8,-0.6788204829862355,-0.734304263829602,1
2022-08-15,15.2,19.7,22.0,17.5,9.6,3.9,6.6,17.3,14.2,1.0,3.7,20.1,73.1,143.60000000000002,308.0,20.6,20.0,18.7,227,8,-0.6913512362094071,-0.722518835873311,1
2022-08-16,28.3,19.8,24.5,17.4,15.2,9.6,3.9,5.9,12.4,13.3,4.8,28.700000000000003,71.0,144.6,319.5,19.7,19.9,18.6,228,8,-0.7036774074790128,-0.7105196029692745,1
2022-08-17,8.5,19.6,23.9,17.0,28.3,15.2,9.6,26.5,6.6,28.9,16.9,53.1,93.4,160.5,343.0,19.8,19.6,19.2,229,8,-0.7157953492826642,-0.6983101158835584,1
2022-08-18,12.2,19.9,24.8,16.7,8.5,28.3,15.2,3.3,16.2,19.3,1.5,52.0,75.4,162.39999999999998,334.6,19.6,19.6,19.6,230,8,-0.7277014757264236,-0.6858939875998223,1
2022-08-19,15.0,19.8,22.9,17.7,12.2,8.5,28.3,6.6,8.9,13.9,2.8,49.0,84.3,158.4,345.3,19.9,19.3,19.5,231,8,-0.7393922635959241,-0.673274892250183,1
2022-08-20,12.8,19.7,23.9,17.1,15.0,12.2,8.5,3.9,8.6,8.6,11.8,35.7,92.69999999999999,164.5,357.5,19.8,20.0,19.7,232,8,-0.7508642533989489,-0.6604565640279754,1
2022-08-21,6.2,19.1,22.0,16.9,12.8,15.0,12.2,9.6,3.6,17.3,20.6,40.0,101.6,168.7,358.5,19.7,20.6,20.1,233,8,-0.7621140503891487,-0.6474427960827475,1
2022-08-22,10.3,19.6,24.2,16.3,6.2,12.8,15.0,15.2,17.3,14.2,1.0,34.0,98.2,171.3,344.09999999999997,19.1,19.7,20.0,234,8,-0.7731383255706026,-0.6342374393978054,1
2022-08-23,3.4,20.7,24.6,17.3,10.3,6.2,12.8,28.3,5.9,12.4,13.3,29.3,93.30000000000001,164.3,353.40000000000003,19.6,19.8,19.9,235,8,-0.7839338166829201,-0.620844401650647,1
2022-08-24,24.3,19.8,23.3,17.1,3.4,10.3,6.2,8.5,26.5,6.6,28.9,19.9,68.39999999999999,161.79999999999998,343.5,20.7,19.6,19.6,236,8,-0.7944973291665992,-0.6072676460566135,1
2022-08-25,11.7,19.3,23.6,16.4,24.3,3.4,10.3,12.2,3.3,16.2,19.3,38.0,84.2,159.6,338.9,19.8,19.9,19.6,237,8,-0.8048257371083452,-0.593511190196115,1
2022-08-26,1.1,19.8,23.9,15.9,11.7,24.3,3.4,15.0,6.6,8.9,13.9,39.4,83.69999999999999,168.0,331.3,19.3,19.8,19.3,238,8,-0.8149159841660791,-0.5795791048257612,1
2022-08-27,7.8,19.6,24.7,16.2,1.1,11.7,24.3,12.8,3.9,8.6,8.6,37.1,69.8,162.49999999999997,318.5,19.8,19.7,20.0,239,8,-0.8247650844733614,-0.5654755126737576,1
2022-08-28,2.0,19.8,24.9,16.3,7.8,1.1,11.7,6.2,9.6,3.6,17.3,20.6,64.8,166.4,317.7,19.6,19.1,20.6,240,8,-0.8343701235229537,-0.5512045872199277,1
2022-08-29,1.7000000000000002,19.7,24.8,16.4,2.0,7.8,1.1,10.3,15.2,17.3,14.2,10.9,60.599999999999994,158.8,302.40000000000003,19.8,19.6,19.7,241,8,-0.8437282590292712,-0.5367705514607103,1
2022-08-30,5.5,20.4,25.3,17.1,1.7000000000000002,2.0,7.8,3.4,28.3,5.9,12.4,11.5,52.0,145.29999999999998,289.90000000000003,19.7,20.7,19.8,242,8,-0.8528367217694595,-0.522177676659508,1
2022-08-31,3.7,20.2,25.2,16.5,5.5,1.7000000000000002,2.0,24.3,8.5,26.5,6.6,9.2,54.1,122.5,283.0,20.4,19.8,19.6,243,8,-0.8616928164028521,-0.5074302810827518,1
2022-09-01,3.6,20.0,23.2,16.9,3.7,5.5,1.7000000000000002,11.7,12.2,3.3,16.2,10.9,33.5,117.7,280.09999999999997,20.2,19.3,19.9,244,9,-0.8702939222685674,-0.49253272872205434,1
2022-09-02,1.2,20.1,25.0,15.4,3.6,3.7,5.5,1.1,15.0,6.6,8.9,12.799999999999999,25.400000000000002,109.1,267.5,20.0,19.8,19.8,245,9,-0.8786374941610001,-0.4774894280028391,1
2022-09-03,8.3,20.4,25.2,16.7,1.2,3.6,3.7,7.8,12.8,3.9,8.6,8.5,25.5,95.3,259.8,20.1,19.6,19.7,246,9,-0.886721063082993,-0.46230483047981086,1
2022-09-04,10.0,19.1,22.7,16.5,8.3,1.2,3.6,2.0,6.2,9.6,3.6,13.100000000000001,26.000000000000004,90.8,259.5,20.4,19.8,19.1,247,9,-0.8945422369764496,-0.4469834295196741,1
2022-09-05,9.4,19.6,24.5,15.8,10.0,8.3,1.2,1.7000000000000002,10.3,15.2,17.3,19.5,34.0,94.6,265.9,19.1,19.7,19.6,248,9,-0.9020987014301837,-0.43152975897147144,1
2022-09-06,9.4,19.9,24.9,16.8,9.4,10.0,8.3,5.5,3.4,28.3,5.9,27.700000000000003,41.7,93.7,258.0,19.6,20.4,20.7,249,9,-0.9093882203647925,-0.4159483918249421,1
2022-09-07,5.7,20.2,25.1,17.8,9.4,9.4,10.0,3.7,24.3,8.5,26.5,28.799999999999997,45.60000000000001,99.69999999999999,261.5,19.9,20.2,19.8,250,9,-0.9164086366943458,-0.4002439388573056,1
2022-09-08,4.9,21.0,25.5,17.5,5.7,9.4,9.4,3.6,11.7,12.2,3.3,24.5,47.6,81.1,240.7,20.2,20.0,19.3,251,9,-0.9231578729647039,-0.38442104726885545,1
2022-09-09,4.3,20.6,25.7,17.9,4.9,5.7,9.4,1.2,1.1,15.0,6.6,20.0,48.9,74.30000000000001,242.29999999999998,21.0,20.1,19.8,252,9,-0.9296339319682695,-0.3684843993077793,1
2022-09-10,1.5,21.3,26.2,16.4,4.3,4.9,5.7,8.3,7.8,12.8,3.9,14.9,52.00000000000001,77.5,240.0,20.6,20.4,19.6,253,9,-0.9358348973349941,-0.35243871088460327,1
2022-09-11,1.7000000000000002,20.7,24.5,17.9,1.5,4.3,4.9,10.0,2.0,6.2,9.6,10.7,45.2,71.2,237.6,21.3,19.1,19.8,254,9,-0.9417589340994617,-0.33628873017668287,1
2022-09-12,3.7,20.7,25.5,17.7,1.7000000000000002,1.5,4.3,9.4,1.7000000000000002,10.3,15.2,7.5,36.9,70.9,229.7,20.7,19.6,19.7,255,9,-0.9474042892438845,-0.32003923622313857,1
2022-09-13,10.6,20.6,24.6,17.5,3.7,1.7000000000000002,1.5,9.4,5.5,3.4,28.3,6.9,31.200000000000003,72.9,218.20000000000002,20.7,19.9,20.4,256,9,-0.9527692922168511,-0.30369503751065885,1
2022-09-14,3.8,20.3,25.6,17.2,10.6,3.7,1.7000000000000002,5.7,3.7,24.3,8.5,16.0,32.4,78.0,200.5,20.6,20.2,20.2,257,9,-0.9578523554276669,-0.28726097055059635,1
2022-09-15,0.3,21.0,25.3,17.2,3.8,10.6,3.7,4.9,3.6,11.7,12.2,18.1,30.5,78.1,195.79999999999998,20.3,21.0,20.0,258,9,-0.9626519747161487,-0.2707418984477642,1
2022-09-16,4.8,21.1,26.4,17.7,0.3,3.8,10.6,4.3,1.2,1.1,15.0,14.7,25.9,74.80000000000001,183.9,21.0,20.6,20.1,259,9,-0.9671667297977312,-0.2541427094613622,1
2022-09-17,3.9,20.3,24.2,17.7,4.8,0.3,3.8,1.5,8.3,7.8,12.8,8.899999999999999,26.400000000000002,78.4,173.70000000000002,21.1,21.3,20.4,260,9,-0.97139528468375,-0.23746831555846842,1
2022-09-18,4.4,21.2,25.7,17.1,3.9,4.8,0.3,1.7000000000000002,10.0,2.0,6.2,9.0,28.799999999999997,74.0,164.79999999999998,20.3,20.7,19.1,261,9,-0.9753363880767837,-0.2207236509605022,1
2022-09-19,2.1,22.4,26.4,17.6,4.4,3.9,4.8,3.7,9.4,1.7000000000000002,10.3,13.1,31.5,68.4,163.0,21.2,20.7,19.6,262,9,-0.9789888737409319,-0.20391367068311472,1
2022-09-20,12.1,20.7,25.2,17.7,2.1,4.4,3.9,10.6,9.4,5.5,3.4,10.4,29.9,61.1,154.79999999999998,22.4,20.6,19.9,263,9,-0.9823516608469237,-0.18704334906991657,1
2022-09-21,1.7000000000000002,21.6,25.6,17.3,12.1,2.1,4.4,3.8,5.7,3.7,24.3,18.6,31.4,63.8,163.5,20.7,20.3,20.2,264,9,-0.9854237542919524,-0.17011767832049052,1
2022-09-22,0.3,22.2,26.6,18.2,1.7000000000000002,12.1,2.1,0.3,4.9,3.6,11.7,15.899999999999999,29.3,59.8,140.9,21.6,21.0,21.0,265,9,-0.9882042449941422,-0.15314166701312007,1
2022-09-23,2.9,21.5,26.0,18.1,0.3,1.7000000000000002,12.1,4.8,4.3,1.2,1.1,14.1,29.3,55.199999999999996,129.5,22.2,21.1,20.6,266,9,-0.9906923101615609,-0.13612033862266704,1
2022-09-24,3.9,20.2,24.3,16.8,2.9,0.3,1.7000000000000002,3.9,1.5,8.3,7.8,4.9,27.4,53.8,131.29999999999998,21.5,20.3,21.3,267,9,-0.9928872135356962,-0.11905873003404988,1
2022-09-25,0.0,21.4,25.6,16.2,3.9,2.9,0.3,4.4,1.7000000000000002,10.0,2.0,7.1,27.4,56.2,127.39999999999999,20.2,21.2,20.7,268,9,-0.994788305609327,-0.10196189005174576,0
2022-09-26,0.0,22.7,27.2,17.9,0.0,3.9,2.9,2.1,3.7,9.4,1.7000000000000002,6.8,23.0,54.5,125.39999999999999,21.4,22.4,20.7,269,9,-0.9963950238187231,-0.08483487790576538,0
2022-09-27,0.0,22.5,26.7,18.6,0.0,0.0,3.9,12.1,10.6,9.4,5.5,3.9,20.9,50.8,123.7,22.7,20.7,20.6,270,9,-0.9977068927101168,-0.06768276175455162,0
2022-09-28,0.1,22.4,26.8,18.5,0.0,0.0,0.0,1.7000000000000002,3.8,5.7,3.7,0.0,8.8,40.2,118.2,22.5,21.6,20.3,271,9,-0.9987235240803972,-0.050510617185222886,0
2022-09-29,0.1,22.3,26.8,18.3,0.1,0.0,0.0,0.3,0.3,4.9,3.6,0.1,7.199999999999999,36.49999999999999,114.60000000000001,22.4,22.2,21.0,272,9,-0.9994446170919858,-0.033323525711631344,0
2022-09-30,1.0,21.4,26.1,18.0,0.1,0.1,0.0,2.9,4.8,4.3,1.2,0.2,7.0,36.3,111.1,22.3,21.5,21.1,273,9,-0.9998699583618592,-0.016126573270657762,1
2022-10-01,0.0,21.6,26.3,17.9,1.0,0.1,0.1,3.9,3.9,1.5,8.3,1.2,5.1,32.5,110.9,21.4,20.2,20.3,274,10,-0.9999994220246925,0.001075151282798226,0
2022-10-02,0.0,22.2,26.9,17.6,0.0,1.0,0.1,0.0,4.4,1.7000000000000002,10.0,1.0999999999999999,1.2,28.599999999999998,102.6,21.6,21.4,21.2,275,10,-0.999832969770105,0.018276557681691223,0
2022-10-03,0.0,22.7,26.5,17.9,0.0,0.0,1.0,0.0,2.1,3.7,9.4,1.0,1.2,24.199999999999996,92.6,22.2,22.7,22.4,276,10,-0.9993706508539969,0.03547255575312556,0
2022-10-04,0.0,23.2,26.9,20.7,0.0,0.0,0.0,0.0,12.1,10.6,9.4,0.0,1.2,22.099999999999998,83.2,22.7,22.5,20.7,277,10,-0.9986126020839734,0.052658056924614005,0
2022-10-05,0.2,22.0,26.9,18.0,0.0,0.0,0.0,0.1,1.7000000000000002,3.8,5.7,0.0,1.2,10.0,73.8,23.2,22.4,21.6,278,10,-0.9975590477788613,0.06982797572987089,1
2022-10-06,0.1,21.9,26.7,17.3,0.2,0.0,0.0,0.1,0.3,0.3,4.9,0.2,1.2999999999999998,8.5,68.3,22.0,22.3,22.2,279,10,-0.9962102997023297,0.0869772313136861,0
2022-10-07,0.0,22.7,27.7,17.7,0.1,0.2,0.0,1.0,2.9,4.8,4.3,0.30000000000000004,1.3,8.299999999999999,63.5,21.9,21.4,21.5,280,10,-0.9945667569706337,0.1041007489354256,0
2022-10-08,0.0,23.7,27.3,18.6,0.0,0.1,0.2,0.0,3.9,3.9,1.5,0.30000000000000004,0.30000000000000004,5.3999999999999995,59.2,22.7,21.6,20.2,281,10,-0.9926289059345095,0.121193461470736,0
2022-10-09,0.0,22.2,26.8,18.2,0.0,0.0,0.1,0.0,0.0,4.4,1.7000000000000002,0.1,0.30000000000000004,1.5,57.7,23.7,22.2,21.4,282,10,-0.9903973200352558,0.1382503109109819,0
2022-10-10,1.0,21.8,26.3,17.3,0.0,0.0,0.0,0.0,0.0,2.1,3.7,0.0,0.30000000000000004,1.5,56.0,22.2,22.7,22.7,283,10,-0.9878726596350429,0.15526624985999563,1
2022-10-11,0.0,22.8,26.8,17.9,1.0,0.0,0.0,0.0,0.0,12.1,10.6,1.0,1.3,2.5,53.3,21.8,23.2,22.5,284,10,-0.9850556718215013,0.172236243027682,0
2022-10-12,0.0,22.9,27.7,17.7,0.0,1.0,0.0,0.2,0.1,1.7000000000000002,3.8,1.0,1.3,2.5,42.7,22.8,22.0,22.4,285,10,-0.981947190186646,0.18915526872004093,0
2022-10-13,0.0,23.3,27.6,18.6,0.0,0.0,1.0,0.1,0.1,0.3,0.3,1.0,1.1,2.4,38.9,22.9,21.9,22.3,286,10,-0.9785481345802031,0.20601832032517084,0
2022-10-14,0.1,24.1,28.4,19.3,0.0,0.0,0.0,0.0,1.0,2.9,4.8,0.0,1.0,2.3,38.6,23.3,22.7,21.4,287,10,-0.9748595108374125,0.22282040779479959,0
2022-10-15,0.1,23.6,28.1,19.5,0.1,0.0,0.0,0.0,0.0,3.9,3.9,0.1,1.1,1.4000000000000001,33.9,24.1,23.7,21.6,288,10,-0.9708824104813836,0.23955655912092708,0
2022-10-16,0.0,23.9,29.3,19.4,0.1,0.1,0.0,0.0,0.0,0.0,4.4,0.2,1.2,1.5,30.099999999999998,23.6,22.2,22.2,289,10,-0.9666180104000972,0.2562218218071163,0
2022-10-17,0.0,25.0,30.2,20.0,0.0,0.1,0.1,1.0,0.0,0.0,2.1,0.2,1.2,1.5,25.699999999999996,23.9,21.8,22.7,290,10,-0.9620675724981452,0.27281126433401914,0
2022-10-18,0.7000000000000001,22.9,28.2,18.3,0.0,0.0,0.1,0.0,0.0,0.0,12.1,0.1,0.2,1.5,23.599999999999998,25.0,22.8,23.2,291,10,-0.957232443323312,0.28931997761869527,1
2022-10-19,0.0,23.2,29.2,18.2,0.7000000000000001,0.0,0.0,0.0,0.2,0.1,1.7000000000000002,0.7000000000000001,0.9000000000000001,2.2,12.2,22.9,22.9,22.0,292,10,-0.9521140536681102,0.3057430764672831,0
2022-10-20,0.0,24.0,28.8,19.5,0.0,0.7000000000000001,0.0,0.0,0.1,0.1,0.3,0.7000000000000001,0.9,2.0,10.5,23.2,23.3,21.9,293,10,-0.9467139181463862,0.3220757010206104,0
2022-10-21,0.0,23.6,28.7,18.1,0.0,0.0,0.7000000000000001,0.1,0.0,1.0,2.9,0.7000000000000001,0.9,1.9000000000000001,10.2,24.0,24.1,22.7,294,10,-0.9410336347451197,0.3383130181923076,0
2022-10-22,0.0,24.5,29.9,18.6,0.0,0.0,0.0,0.1,0.0,0.0,3.9,0.0,0.8,1.9000000000000001,7.3,23.6,23.6,23.7,295,10,-0.9350748843515574,0.3544502230989869,0
2022-10-23,0.0,25.0,29.8,22.1,0.0,0.0,0.0,0.0,0.0,0.0,0.0,0.0,0.7,1.9000000000000001,3.4000000000000004,24.5,23.9,22.2,296,10,-0.9288394302558068,0.3704825404820963,0
2022-10-24,0.0,24.8,29.3,21.6,0.0,0.0,0.0,0.0,1.0,0.0,0.0,0.0,0.7,1.9000000000000001,3.4000000000000004,25.0,25.0,21.8,297,10,-0.9223291176290545,0.3864052261209853,0
2022-10-25,0.1,25.0,30.7,19.0,0.0,0.0,0.0,0.7000000000000001,0.0,0.0,0.0,0.0,0.7,0.9000000000000001,3.4000000000000004,24.8,22.9,22.8,298,10,-0.9155458729775467,0.40221356823680365,0
2022-10-26,3.4,22.8,28.5,17.7,0.1,0.0,0.0,0.0,0.0,0.2,0.1,0.1,0.1,1.0000000000000002,3.5,25.0,23.2,22.9,299,10,-0.9084917035725082,0.41790288888678667,1
2022-10-27,0.0,22.8,29.2,16.5,3.4,0.1,0.0,0.0,0.0,0.1,0.1,3.5,3.5,4.4,6.8,22.8,24.0,23.3,300,10,-0.9011686968561569,0.4334685453485363,0
2022-10-28,0.0,23.5,29.2,20.4,0.0,3.4,0.1,0.0,0.1,0.0,1.0,3.5,3.5,4.4,6.7,22.8,23.6,24.1,301,10,-0.8935790198239952,0.4489059314938798,0
2022-10-29,0.0,24.2,30.0,20.2,0.0,0.0,3.4,0.0,0.1,0.0,0.0,3.4,3.5,4.300000000000001,5.7,23.5,24.5,23.6,302,10,-0.8857249183835637,0.4642104791518923,0
2022-10-30,0.0,24.7,29.9,20.9,0.0,0.0,0.0,0.0,0.0,0.0,0.0,0.0,3.5,4.199999999999999,5.7,24.2,25.0,23.9,303,10,-0.8776087166898392,0.4793776594606945,0
2022-10-31,0.0,24.6,29.2,20.8,0.0,0.0,0.0,0.0,0.0,1.0,0.0,0.0,3.5,4.199999999999999,5.7,24.7,24.8,25.0,304,10,-0.8692328164574792,0.49440298420761813,0
2022-11-01,0.0,24.2,29.8,19.8,0.0,0.0,0.0,0.1,0.7000000000000001,0.0,0.0,0.0,3.5,4.199999999999999,5.7,24.6,25.0,22.9,305,11,-0.8605996962501181,0.5092820071573356,0
2022-11-02,0.0,24.1,31.2,18.5,0.0,0.0,0.0,3.4,0.0,0.0,0.2,0.0,3.4,3.4999999999999996,5.7,24.2,22.8,23.2,306,11,-0.8517119107469189,0.5240103253675756,0
2022-11-03,0.0,24.1,31.0,18.3,0.0,0.0,0.0,0.0,0.0,0.0,0.1,0.0,0.0,3.5,5.5,24.1,22.8,24.0,307,11,-0.8425720899866032,0.5385835804920232,0
2022-11-04,0.0,24.8,31.3,18.8,0.0,0.0,0.0,0.0,0.0,0.1,0.0,0.0,0.0,3.5,5.4,24.1,23.5,23.6,308,11,-0.8331829385891785,0.5529974600700271,0
2022-11-05,0.0,25.2,31.6,21.1,0.0,0.0,0.0,0.0,0.0,0.1,0.0,0.0,0.0,3.5,5.4,24.8,24.2,24.5,309,11,-0.8235472349556007,0.5672476988027229,0
2022-11-06,0.0,25.1,30.8,20.8,0.0,0.0,0.0,0.0,0.0,0.0,0.0,0.0,0.0,3.5,5.4,25.2,24.7,25.0,310,11,-0.8136678304455991,0.5813300798152042,0
2022-11-07,0.0,25.2,30.6,21.4,0.0,0.0,0.0,0.0,0.0,0.0,1.0,0.0,0.0,3.5,5.4,25.1,24.6,24.8,311,11,-0.8035476485339116,0.5952404359043674,0
2022-11-08,0.0,24.8,29.9,20.5,0.0,0.0,0.0,0.0,0.1,0.7000000000000001,0.0,0.0,0.0,3.5,4.4,25.2,24.2,25.0,312,11,-0.7931896839451843,0.6089746507720486,0
2022-11-09,0.0,24.4,30.1,19.4,0.0,0.0,0.0,0.0,3.4,0.0,0.0,0.0,0.0,3.4,4.4,24.8,24.1,22.8,313,11,-0.7825970017677834,0.6225286602431057,0
2022-11-10,0.3,23.6,29.9,18.3,0.0,0.0,0.0,0.0,0.0,0.0,0.0,0.0,0.0,0.0,4.4,24.4,24.1,22.8,314,11,-0.7717727365467837,0.6358984534680745,1
2022-11-11,0.0,23.8,29.0,18.8,0.3,0.0,0.0,0.0,0.0,0.0,0.1,0.3,0.3,0.3,4.7,23.6,24.8,23.5,315,11,-0.7607200913564104,0.6490800741100398,0
2022-11-12,0.0,24.5,30.0,18.4,0.0,0.3,0.0,0.0,0.0,0.0,0.1,0.3,0.3,0.3,4.6,23.8,25.2,24.2,316,11,-0.7494423368521953,0.6620696215153815,0
2022-11-13,0.0,24.5,29.7,18.8,0.0,0.0,0.3,0.0,0.0,0.0,0.0,0.3,0.3,0.3,4.5,24.5,25.1,24.7,317,11,-0.7379428103031386,0.6748632518680403,0
2022-11-14,0.0,24.6,30.5,20.5,0.0,0.0,0.0,0.0,0.0,0.0,0.0,0.0,0.3,0.3,4.5,24.5,25.2,24.6,318,11,-0.7262249146041543,0.6874571793269664,0
2022-11-15,0.0,24.3,29.7,20.4,0.0,0.0,0.0,0.0,0.0,0.1,0.7000000000000001,0.0,0.3,0.3,4.5,24.6,24.8,24.2,319,11,-0.7142921172691032,0.699847677146407,0
2022-11-16,0.0,24.4,29.6,20.8,0.0,0.0,0.0,0.0,0.0,3.4,0.0,0.0,0.3,0.3,3.8,24.3,24.4,24.1,320,11,-0.7021479494046978,0.7120310787787131,0
2022-11-17,0.0,24.6,30.6,20.3,0.0,0.0,0.0,0.3,0.0,0.0,0.0,0.0,0.3,0.3,3.8,24.4,23.6,24.1,321,11,-0.6897960046655887,0.7240037789593305,0
2022-11-18,0.0,24.2,29.9,20.1,0.0,0.0,0.0,0.0,0.0,0.0,0.0,0.0,0.0,0.3,3.8,24.6,23.8,24.8,322,11,-0.6772399381909491,0.7357622347736527,0
2022-11-19,0.0,25.0,31.0,19.9,0.0,0.0,0.0,0.0,0.0,0.0,0.0,0.0,0.0,0.3,3.8,24.2,24.5,25.2,323,11,-0.6644834655228552,0.7473029667054297,0
2022-11-20,0.0,24.7,30.4,20.0,0.0,0.0,0.0,0.0,0.0,0.0,0.0,0.0,0.0,0.3,3.8,25.0,24.5,25.1,324,11,-0.6515303615068021,0.75862255966641,0
2022-11-21,0.0,24.8,30.0,20.3,0.0,0.0,0.0,0.0,0.0,0.0,0.0,0.0,0.0,0.3,3.8,24.7,24.6,25.2,325,11,-0.6383844591746642,0.769717664006921,0
2022-11-22,0.0,24.4,29.6,19.7,0.0,0.0,0.0,0.0,0.0,0.0,0.1,0.0,0.0,0.3,3.8,24.8,24.3,24.8,326,11,-0.6250496486104377,0.7805849965070866,0
2022-11-23,0.0,24.0,28.8,19.1,0.0,0.0,0.0,0.0,0.0,0.0,3.4,0.0,0.0,0.3,3.6999999999999997,24.4,24.4,24.4,327,11,-0.6115298757991053,0.7912213413483807,0
2022-11-24,0.0,23.3,28.3,16.7,0.0,0.0,0.0,0.0,0.3,0.0,0.0,0.0,0.0,0.3,0.3,24.0,24.6,23.6,328,11,-0.5978291414589552,0.801623551065242,0
2022-11-25,0.0,22.7,28.6,16.0,0.0,0.0,0.0,0.0,0.0,0.0,0.0,0.0,0.0,0.0,0.3,23.3,24.2,23.8,329,11,-0.5839514998576998,0.8117885474764613,0
2022-11-26,0.0,24.2,29.5,19.7,0.0,0.0,0.0,0.0,0.0,0.0,0.0,0.0,0.0,0.0,0.3,22.7,25.0,24.5,330,11,-0.5699010576127624,0.821713322596059,0
2022-11-27,0.0,24.5,29.6,20.4,0.0,0.0,0.0,0.0,0.0,0.0,0.0,0.0,0.0,0.0,0.3,24.2,24.7,24.5,331,11,-0.5556819724760489,0.8313949395234058,0
2022-11-28,0.0,24.6,29.9,20.2,0.0,0.0,0.0,0.0,0.0,0.0,0.0,0.0,0.0,0.0,0.3,24.5,24.8,24.6,332,11,-0.5412984521036173,0.8408305333122887,0
2022-11-29,0.0,25.1,30.2,20.8,0.0,0.0,0.0,0.0,0.0,0.0,0.0,0.0,0.0,0.0,0.3,24.6,24.4,24.3,333,11,-0.5267547528105542,0.8500173118187018,0
2022-11-30,0.0,25.0,30.7,21.3,0.0,0.0,0.0,0.0,0.0,0.0,0.0,0.0,0.0,0.0,0.3,25.1,24.0,24.4,334,11,-0.5120551783114646,0.8589525565270845,0
2022-12-01,0.0,24.3,30.4,19.8,0.0,0.0,0.0,0.0,0.0,0.3,0.0,0.0,0.0,0.0,0.3,25.0,23.3,24.6,335,12,-0.4972040784469378,0.8676336233547726,0
2022-12-02,0.0,24.2,29.9,20.0,0.0,0.0,0.0,0.0,0.0,0.0,0.0,0.0,0.0,0.0,0.3,24.3,22.7,24.2,336,12,-0.4822058478963526,0.8760579434344281,0
2022-12-03,0.0,24.2,30.6,19.8,0.0,0.0,0.0,0.0,0.0,0.0,0.0,0.0,0.0,0.0,0.3,24.2,24.2,25.0,337,12,-0.46706492487743034,0.8842230238742036,0
2022-12-04,0.0,24.2,30.4,19.5,0.0,0.0,0.0,0.0,0.0,0.0,0.0,0.0,0.0,0.0,0.3,24.2,24.5,24.7,338,12,-0.451785789832884,0.8921264484954345,0
2022-12-05,0.0,24.2,30.2,17.8,0.0,0.0,0.0,0.0,0.0,0.0,0.0,0.0,0.0,0.0,0.3,24.2,24.6,24.8,339,12,-0.4363729641045924,0.8997658785476209,0
2022-12-06,0.0,23.6,29.6,18.6,0.0,0.0,0.0,0.0,0.0,0.0,0.0,0.0,0.0,0.0,0.3,24.2,25.1,24.4,340,12,-0.42083100859565564,0.9071390534005044,0
2022-12-07,0.0,23.5,29.7,18.2,0.0,0.0,0.0,0.0,0.0,0.0,0.0,0.0,0.0,0.0,0.3,23.6,25.0,24.0,341,12,-0.4051645224207563,0.9142437912130223,0
2022-12-08,0.0,23.8,29.9,17.8,0.0,0.0,0.0,0.0,0.0,0.0,0.3,0.0,0.0,0.0,0.3,23.5,24.3,23.3,342,12,-0.3893781415452015,0.9210779895789526,0
2022-12-09,0.0,23.3,29.9,17.7,0.0,0.0,0.0,0.0,0.0,0.0,0.0,0.0,0.0,0.0,0.0,23.8,24.2,22.7,343,12,-0.37347653741307074,0.9276396261490467,0
2022-12-10,0.0,22.7,29.3,16.9,0.0,0.0,0.0,0.0,0.0,0.0,0.0,0.0,0.0,0.0,0.0,23.3,24.2,24.2,344,12,-0.3574644155648614,0.9339267592294762,0
2022-12-11,0.0,23.5,29.5,17.8,0.0,0.0,0.0,0.0,0.0,0.0,0.0,0.0,0.0,0.0,0.0,22.7,24.2,24.5,345,12,-0.34134651424503615,0.9399375283564133,0
2022-12-12,0.0,22.5,28.2,17.3,0.0,0.0,0.0,0.0,0.0,0.0,0.0,0.0,0.0,0.0,0.0,23.5,24.2,24.6,346,12,-0.3251276029999093,0.9456701548465688,0
2022-12-13,0.0,22.5,28.4,17.1,0.0,0.0,0.0,0.0,0.0,0.0,0.0,0.0,0.0,0.0,0.0,22.5,23.6,25.1,347,12,-0.30881248126625377,0.9511229423235357,0
2022-12-14,0.0,21.9,28.9,16.5,0.0,0.0,0.0,0.0,0.0,0.0,0.0,0.0,0.0,0.0,0.0,22.5,23.5,25.0,348,12,-0.29240597695107734,0.9562942772197719,0
2022-12-15,0.0,21.6,28.2,16.0,0.0,0.0,0.0,0.0,0.0,0.0,0.0,0.0,0.0,0.0,0.0,21.9,23.8,24.3,349,12,-0.27591294500296043,0.9611826292540837,0
2022-12-16,0.0,22.2,28.6,15.9,0.0,0.0,0.0,0.0,0.0,0.0,0.0,0.0,0.0,0.0,0.0,21.6,23.3,24.2,350,12,-0.2593382659754056,0.9657865518844574,0
2022-12-17,0.0,22.8,28.7,17.2,0.0,0.0,0.0,0.0,0.0,0.0,0.0,0.0,0.0,0.0,0.0,22.2,22.7,24.2,351,12,-0.2426868445825954,0.9701046827361175,0
2022-12-18,0.0,23.0,28.7,18.4,0.0,0.0,0.0,0.0,0.0,0.0,0.0,0.0,0.0,0.0,0.0,22.8,23.5,24.2,352,12,-0.22596360824801906,0.974135744004672,0
2022-12-19,0.0,23.2,29.0,18.3,0.0,0.0,0.0,0.0,0.0,0.0,0.0,0.0,0.0,0.0,0.0,23.0,22.5,24.2,353,12,-0.20917350564635637,0.9778785428342386,0
2022-12-20,0.0,23.0,28.9,17.1,0.0,0.0,0.0,0.0,0.0,0.0,0.0,0.0,0.0,0.0,0.0,23.2,22.5,23.6,354,12,-0.19232150523909483,0.9813319716704275,0
2022-12-21,0.0,23.4,28.4,16.4,0.0,0.0,0.0,0.0,0.0,0.0,0.0,0.0,0.0,0.0,0.0,23.0,21.9,23.5,355,12,-0.17541259380427843,0.9844950085880858,0
2022-12-22,0.0,23.4,28.8,17.0,0.0,0.0,0.0,0.0,0.0,0.0,0.0,0.0,0.0,0.0,0.0,23.4,21.6,23.8,356,12,-0.15845177496083632,0.9873667175937016,0
2022-12-23,0.0,21.1,26.8,15.4,0.0,0.0,0.0,0.0,0.0,0.0,0.0,0.0,0.0,0.0,0.0,23.4,22.2,23.3,357,12,-0.14144406768794202,0.9899462489023779,0
2022-12-24,0.0,20.7,27.7,14.5,0.0,0.0,0.0,0.0,0.0,0.0,0.0,0.0,0.0,0.0,0.0,21.1,22.8,22.7,358,12,-0.12439450483979998,0.9922328391893008,0
2022-12-25,0.0,20.3,27.1,14.2,0.0,0.0,0.0,0.0,0.0,0.0,0.0,0.0,0.0,0.0,0.0,20.7,23.0,23.5,359,12,-0.10730813165636247,0.9942258118156161,0
2022-12-26,0.0,19.4,26.3,13.0,0.0,0.0,0.0,0.0,0.0,0.0,0.0,0.0,0.0,0.0,0.0,20.3,23.2,22.5,360,12,-0.09019000427034513,0.9959245770286599,0
2022-12-27,0.0,20.2,27.4,13.9,0.0,0.0,0.0,0.0,0.0,0.0,0.0,0.0,0.0,0.0,0.0,19.4,23.0,22.5,361,12,-0.07304518821104743,0.9973286321364752,0
2022-12-28,0.0,21.5,28.4,15.6,0.0,0.0,0.0,0.0,0.0,0.0,0.0,0.0,0.0,0.0,0.0,20.2,23.4,21.9,362,12,-0.05587875690537313,0.9984375616565666,0
2022-12-29,2.4,21.7,28.2,17.0,0.0,0.0,0.0,0.0,0.0,0.0,0.0,0.0,0.0,0.0,0.0,21.5,23.4,21.6,363,12,-0.03869579017652689,0.9992510374388481,1
2022-12-30,1.7000000000000002,21.8,28.0,17.9,2.4,0.0,0.0,0.0,0.0,0.0,0.0,2.4,2.4,2.4,2.4,21.7,21.1,22.2,364,12,-0.021501372740813793,0.999768818762748,1
2022-12-31,0.0,23.1,28.8,16.0,1.7000000000000002,2.4,0.0,0.0,0.0,0.0,0.0,4.1,4.1,4.1,4.1,21.8,20.7,22.8,365,12,-0.004300592702981974,0.9999907524084426,0
2023-01-01,1.6,22.3,28.8,18.9,0.0,1.7000000000000002,2.4,0.0,0.0,0.0,0.0,4.1,4.1,4.1,4.1,23.1,20.3,23.0,1,1,0.017201575418260506,0.9998520419557735,1
2023-01-02,0.1,23.9,29.5,19.7,1.6,0.0,1.7000000000000002,0.0,0.0,0.0,0.0,3.3000000000000003,5.7,5.7,5.7,22.3,19.4,23.2,2,1,0.03439806061360801,0.9994082116062598,0
2023-01-03,0.0,24.0,29.9,19.5,0.1,1.6,0.0,0.0,0.0,0.0,0.0,1.7000000000000002,5.8,5.8,5.8,23.9,20.2,23.0,3,1,0.051584366869408364,0.9986686402879997,0
2023-01-04,0.0,23.8,30.0,17.8,0.0,0.1,1.6,0.0,0.0,0.0,0.0,1.7000000000000002,5.8,5.8,5.8,24.0,21.5,23.4,4,1,0.06875540848113941,0.9976335468520451,0
2023-01-05,0.0,22.4,29.0,16.9,0.0,0.0,0.1,2.4,0.0,0.0,0.0,0.1,5.8,5.8,5.8,23.8,21.7,23.4,5,1,0.08590610426133272,0.9963032375991965,0
2023-01-06,0.0,22.2,28.7,16.5,0.0,0.0,0.0,1.7000000000000002,0.0,0.0,0.0,0.0,3.4000000000000004,5.8,5.8,22.4,21.8,21.1,6,1,0.10303137904317879,0.9946781061893646,0
2023-01-07,0.0,21.9,29.1,16.0,0.0,0.0,0.0,0.0,0.0,0.0,0.0,0.0,1.7000000000000002,5.8,5.8,22.2,23.1,20.7,7,1,0.1201261651823505,0.9927586335250793,0
2023-01-08,0.0,23.5,30.0,16.8,0.0,0.0,0.0,1.6,0.0,0.0,0.0,0.0,1.7000000000000002,5.8,5.8,21.9,22.3,20.3,8,1,0.13718540405660057,0.9905453876091833,0
2023-01-09,0.0,23.1,28.9,16.9,0.0,0.0,0.0,0.1,0.0,0.0,0.0,0.0,0.1,5.8,5.8,23.5,23.9,19.4,9,1,0.1542040475626894,0.988039023376751,0
2023-01-10,0.0,22.8,29.9,16.2,0.0,0.0,0.0,0.0,0.0,0.0,0.0,0.0,0.0,5.8,5.8,23.1,24.0,20.2,10,1,0.17117705961019986,0.985240282501282,0
2023-01-11,0.0,23.6,29.7,17.5,0.0,0.0,0.0,0.0,0.0,0.0,0.0,0.0,0.0,5.8,5.8,22.8,23.8,21.5,11,1,0.18809941761179758,0.9821499931752291,0
2023-01-12,1.1,22.1,28.7,16.6,0.0,0.0,0.0,0.0,2.4,0.0,0.0,0.0,0.0,5.8,5.8,23.6,22.4,21.7,12,1,0.20496611396949532,0.9787690698649216,1
2023-01-13,0.2,22.8,28.0,18.3,1.1,0.0,0.0,0.0,1.7000000000000002,0.0,0.0,1.1,1.1,4.5,6.9,22.1,22.2,21.8,13,1,0.22177215755648186,0.975098513039961,1
2023-01-14,0.0,22.5,27.9,16.5,0.2,1.1,0.0,0.0,0.0,0.0,0.0,1.3,1.3,3.0000000000000004,7.1000000000000005,22.8,21.9,23.1,14,1,0.23851257519407648,0.9711394088771653,0
2023-01-15,0.0,23.1,29.0,17.2,0.0,0.2,1.1,0.0,1.6,0.0,0.0,1.3,1.3,3.0000000000000004,7.1000000000000005,22.5,23.5,22.3,15,1,0.2551824131233728,0.9668929289391521,0
2023-01-16,0.0,23.5,30.4,17.6,0.0,0.0,0.2,0.0,0.1,0.0,0.0,0.2,1.3,1.4000000000000001,7.1000000000000005,23.1,23.1,23.9,16,1,0.2717767384711357,0.9623603298276545,0
2023-01-17,0.0,24.0,30.9,17.9,0.0,0.0,0.0,0.0,0.0,0.0,0.0,0.0,1.3,1.3,7.1000000000000005,23.5,22.8,24.0,17,1,0.2882906407095177,0.9575429528116719,0
2023-01-18,0.0,24.1,30.5,19.0,0.0,0.0,0.0,0.0,0.0,0.0,0.0,0.0,1.3,1.3,7.1000000000000005,24.0,23.6,23.8,18,1,0.3047192331091634,0.9524422234305676,0
2023-01-19,0.0,24.1,30.0,19.0,0.0,0.0,0.0,1.1,0.0,2.4,0.0,0.0,1.3,1.3,7.1000000000000005,24.1,22.1,22.4,19,1,0.321057654185271,0.9470596510722283,0
2023-01-20,0.0,24.1,30.5,19.0,0.0,0.0,0.0,0.2,0.0,1.7000000000000002,0.0,0.0,0.2,1.3,7.1000000000000005,24.1,22.8,22.2,20,1,0.3373010691361842,0.9413968285264122,0
2023-01-21,0.0,23.5,29.8,17.0,0.0,0.0,0.0,0.0,0.0,0.0,0.0,0.0,0.0,1.3,7.1000000000000005,24.1,22.5,21.9,21,1,0.3534446712740877,0.9354554315134164,0
2023-01-22,0.0,23.6,30.3,17.9,0.0,0.0,0.0,0.0,0.0,1.6,0.0,0.0,0.0,1.3,7.1000000000000005,23.5,23.1,23.5,22,1,0.3694836834473831,0.9292372181882051,0
2023-01-23,0.0,23.7,30.6,16.6,0.0,0.0,0.0,0.0,0.0,0.1,0.0,0.0,0.0,1.3,7.1000000000000005,23.6,23.5,23.1,23,1,0.38541335945432564,0.9227440286201427,0
2023-01-24,0.0,25.4,32.8,19.0,0.0,0.0,0.0,0.0,0.0,0.0,0.0,0.0,0.0,1.3,7.1000000000000005,23.7,24.0,22.8,24,1,0.4012289854475009,0.9159777842484877,0
2023-01-25,0.0,25.0,32.3,18.4,0.0,0.0,0.0,0.0,0.0,0.0,0.0,0.0,0.0,1.3,7.1000000000000005,25.4,24.1,23.6,25,1,0.4169258813287287,0.908940487313808,0
2023-01-26,0.0,23.3,31.1,15.9,0.0,0.0,0.0,0.0,1.1,0.0,2.4,0.0,0.0,1.3,7.1000000000000005,25.0,24.1,22.1,26,1,0.4324994021339788,0.901634220265486,0
2023-01-27,0.0,23.0,30.5,16.3,0.0,0.0,0.0,0.0,0.2,0.0,1.7000000000000002,0.0,0.0,0.2,4.700000000000001,23.3,24.1,22.8,27,1,0.44794493940789115,0.8940611451454876,0
2023-01-28,0.0,24.0,31.0,16.7,0.0,0.0,0.0,0.0,0.0,0.0,0.0,0.0,0.0,0.0,3.0000000000000004,23.0,23.5,22.5,28,1,0.4632579225674917,0.88622350294858,0
2023-01-29,0.0,24.5,31.4,17.8,0.0,0.0,0.0,0.0,0.0,0.0,1.6,0.0,0.0,0.0,3.0000000000000004,24.0,23.6,23.1,29,1,0.4784338202547012,0.8781236129591848,0
2023-01-30,0.0,24.2,31.5,17.0,0.0,0.0,0.0,0.0,0.0,0.0,0.1,0.0,0.0,0.0,1.4000000000000001,24.5,23.7,23.5,30,1,0.49346814167723735,0.8697638720650646,0
2023-01-31,0.0,25.0,33.0,18.1,0.0,0.0,0.0,0.0,0.0,0.0,0.0,0.0,0.0,0.0,1.3,24.2,25.4,24.0,31,1,0.5083564379375122,0.8611467540480452,0
2023-02-01,0.0,24.3,32.1,17.3,0.0,0.0,0.0,0.0,0.0,0.0,0.0,0.0,0.0,0.0,1.3,25.0,25.0,24.1,32,2,0.5230943033491326,0.8522748088519838,0
2023-02-02,0.0,24.0,31.3,16.7,0.0,0.0,0.0,0.0,0.0,1.1,0.0,0.0,0.0,0.0,1.3,24.3,23.3,24.1,33,2,0.5376773767406141,0.8431506618282,0
2023-02-03,0.0,24.3,32.4,16.9,0.0,0.0,0.0,0.0,0.0,0.2,0.0,0.0,0.0,0.0,1.3,24.0,23.0,24.1,34,2,0.5521013427459208,0.8337770129585915,0
2023-02-04,0.0,24.8,32.9,16.7,0.0,0.0,0.0,0.0,0.0,0.0,0.0,0.0,0.0,0.0,1.3,24.3,24.0,23.5,35,2,0.5663619330814524,0.8241566360566663,0
2023-02-05,0.0,25.2,33.6,17.0,0.0,0.0,0.0,0.0,0.0,0.0,0.0,0.0,0.0,0.0,1.3,24.8,24.5,23.6,36,2,0.580454927809098,0.8142923779467267,0
2023-02-06,0.0,25.2,33.9,17.6,0.0,0.0,0.0,0.0,0.0,0.0,0.0,0.0,0.0,0.0,1.3,25.2,24.2,23.7,37,2,0.5943761565849831,0.804187157621448,0
2023-02-07,0.0,24.8,33.3,16.8,0.0,0.0,0.0,0.0,0.0,0.0,0.0,0.0,0.0,0.0,1.3,25.2,25.0,25.4,38,2,0.6081214998935418,0.7938439653781019,0
2023-02-08,0.0,25.2,33.4,18.3,0.0,0.0,0.0,0.0,0.0,0.0,0.0,0.0,0.0,0.0,1.3,24.8,24.3,25.0,39,2,0.6216868902665479,0.7832658619336791,0
2023-02-09,0.0,26.2,33.7,19.7,0.0,0.0,0.0,0.0,0.0,0.0,1.1,0.0,0.0,0.0,1.3,25.2,24.0,23.3,40,2,0.6350683134867438,0.7724559775191742,0
2023-02-10,0.0,26.3,33.2,21.8,0.0,0.0,0.0,0.0,0.0,0.0,0.2,0.0,0.0,0.0,0.2,26.2,24.3,23.0,41,2,0.6482618097757122,0.7614175109532997,0
2023-02-11,0.0,26.4,33.5,21.1,0.0,0.0,0.0,0.0,0.0,0.0,0.0,0.0,0.0,0.0,0.0,26.3,24.8,24.0,42,2,0.6612634749656386,0.7501537286959042,0
2023-02-12,0.0,26.9,34.8,20.1,0.0,0.0,0.0,0.0,0.0,0.0,0.0,0.0,0.0,0.0,0.0,26.4,25.2,24.5,43,2,0.6740694616546161,0.7386679638813748,0
2023-02-13,0.0,26.6,33.8,21.3,0.0,0.0,0.0,0.0,0.0,0.0,0.0,0.0,0.0,0.0,0.0,26.9,25.2,24.2,44,2,0.6866759803451553,0.726963615332308,0
2023-02-14,0.0,26.2,33.1,20.2,0.0,0.0,0.0,0.0,0.0,0.0,0.0,0.0,0.0,0.0,0.0,26.6,24.8,25.0,45,2,0.6990793005655562,0.7150441465537444,0
2023-02-15,0.0,23.7,30.0,17.5,0.0,0.0,0.0,0.0,0.0,0.0,0.0,0.0,0.0,0.0,0.0,26.2,25.2,24.3,46,2,0.7112757519738152,0.7029130847082615,0
2023-02-16,0.0,23.7,31.0,16.6,0.0,0.0,0.0,0.0,0.0,0.0,0.0,0.0,0.0,0.0,0.0,23.7,26.2,24.0,47,2,0.7232617254437388,0.6905740195722294,0
2023-02-17,0.0,24.8,32.9,17.3,0.0,0.0,0.0,0.0,0.0,0.0,0.0,0.0,0.0,0.0,0.0,23.7,26.3,24.3,48,2,0.7350336741329412,0.6780306024735382,0
2023-02-18,0.0,25.2,33.4,18.6,0.0,0.0,0.0,0.0,0.0,0.0,0.0,0.0,0.0,0.0,0.0,24.8,26.4,24.8,49,2,0.746588114532413,0.6652865452111116,0
2023-02-19,0.0,25.4,32.7,19.8,0.0,0.0,0.0,0.0,0.0,0.0,0.0,0.0,0.0,0.0,0.0,25.2,26.9,25.2,50,2,0.7579216274973472,0.6523456189565257,0
2023-02-20,0.0,25.5,32.5,20.6,0.0,0.0,0.0,0.0,0.0,0.0,0.0,0.0,0.0,0.0,0.0,25.4,26.6,25.2,51,2,0.7690308592589181,0.6392116531380588,0
2023-02-21,0.0,25.8,32.6,20.6,0.0,0.0,0.0,0.0,0.0,0.0,0.0,0.0,0.0,0.0,0.0,25.5,26.2,24.8,52,2,0.7799125224167177,0.6258885343075018,0
2023-02-22,0.0,25.6,32.2,18.1,0.0,0.0,0.0,0.0,0.0,0.0,0.0,0.0,0.0,0.0,0.0,25.8,23.7,25.2,53,2,0.7905633969115482,0.612380204990065,0
2023-02-23,0.0,25.0,31.8,18.4,0.0,0.0,0.0,0.0,0.0,0.0,0.0,0.0,0.0,0.0,0.0,25.6,23.7,26.2,54,2,0.8009803309782905,0.5986906625177214,0
2023-02-24,0.0,24.8,31.9,17.8,0.0,0.0,0.0,0.0,0.0,0.0,0.0,0.0,0.0,0.0,0.0,25.0,24.8,26.3,55,2,0.8111602420785621,0.5848239578463322,0
2023-02-25,0.0,25.5,32.2,17.7,0.0,0.0,0.0,0.0,0.0,0.0,0.0,0.0,0.0,0.0,0.0,24.8,25.2,26.4,56,2,0.8211001178128892,0.5707841943569036,0
2023-02-26,0.0,25.7,32.1,19.5,0.0,0.0,0.0,0.0,0.0,0.0,0.0,0.0,0.0,0.0,0.0,25.5,25.4,26.9,57,2,0.8307970168121247,0.5565755266413303,0
2023-02-27,0.0,26.2,33.7,20.5,0.0,0.0,0.0,0.0,0.0,0.0,0.0,0.0,0.0,0.0,0.0,25.7,25.5,26.6,58,2,0.8402480696078469,0.5422021592729844,0
2023-02-28,0.0,25.9,32.6,19.8,0.0,0.0,0.0,0.0,0.0,0.0,0.0,0.0,0.0,0.0,0.0,26.2,25.8,26.2,59,2,0.8494504794814806,0.527668345562516,0
2023-03-01,0.0,25.5,32.1,18.5,0.0,0.0,0.0,0.0,0.0,0.0,0.0,0.0,0.0,0.0,0.0,25.9,25.6,23.7,60,3,0.8584015232918917,0.512978386299228,0
2023-03-02,0.0,25.7,32.5,18.9,0.0,0.0,0.0,0.0,0.0,0.0,0.0,0.0,0.0,0.0,0.0,25.5,25.0,23.7,61,3,0.8670985522812081,0.4981366284784055,0
2023-03-03,0.0,26.3,32.6,20.6,0.0,0.0,0.0,0.0,0.0,0.0,0.0,0.0,0.0,0.0,0.0,25.7,24.8,24.8,62,3,0.8755389928586302,0.4831474640149687,0
2023-03-04,0.0,27.0,33.8,21.5,0.0,0.0,0.0,0.0,0.0,0.0,0.0,0.0,0.0,0.0,0.0,26.3,25.5,25.2,63,3,0.8837203473619977,0.4680153284438345,0
2023-03-05,0.0,27.7,34.1,22.1,0.0,0.0,0.0,0.0,0.0,0.0,0.0,0.0,0.0,0.0,0.0,27.0,25.7,25.4,64,3,0.8916401947968874,0.45274469960737107,0
2023-03-06,0.0,28.5,34.2,22.9,0.0,0.0,0.0,0.0,0.0,0.0,0.0,0.0,0.0,0.0,0.0,27.7,26.2,25.5,65,3,0.8992961915530253,0.4373400963303323,0
2023-03-07,0.0,29.1,35.5,23.9,0.0,0.0,0.0,0.0,0.0,0.0,0.0,0.0,0.0,0.0,0.0,28.5,25.9,25.8,66,3,0.9066860720977985,0.4218060770826634,0
2023-03-08,0.0,28.6,35.0,23.1,0.0,0.0,0.0,0.0,0.0,0.0,0.0,0.0,0.0,0.0,0.0,29.1,25.5,25.6,67,3,0.9138076496466615,0.40614723863057883,0
2023-03-09,0.0,25.6,32.1,20.6,0.0,0.0,0.0,0.0,0.0,0.0,0.0,0.0,0.0,0.0,0.0,28.6,25.7,25.0,68,3,0.9206588168102428,0.3903682146763026,0
2023-03-10,0.0,25.3,31.7,19.5,0.0,0.0,0.0,0.0,0.0,0.0,0.0,0.0,0.0,0.0,0.0,25.6,26.3,24.8,69,3,0.9272375462179537,0.374473674486883,0
2023-03-11,0.0,26.0,33.2,18.8,0.0,0.0,0.0,0.0,0.0,0.0,0.0,0.0,0.0,0.0,0.0,25.3,27.0,25.5,70,3,0.9335418911179212,0.35846832151248087,0
2023-03-12,0.0,25.3,31.7,18.9,0.0,0.0,0.0,0.0,0.0,0.0,0.0,0.0,0.0,0.0,0.0,26.0,27.7,25.7,71,3,0.9395699859530622,0.342356891994542,0
2023-03-13,0.0,25.2,30.6,19.3,0.0,0.0,0.0,0.0,0.0,0.0,0.0,0.0,0.0,0.0,0.0,25.3,28.5,26.2,72,3,0.945320046913132,0.3261441535642696,0
2023-03-14,0.0,25.1,31.7,18.5,0.0,0.0,0.0,0.0,0.0,0.0,0.0,0.0,0.0,0.0,0.0,25.2,29.1,25.9,73,3,0.9507903724625832,0.3098349038318025,0
2023-03-15,0.0,24.6,30.7,18.9,0.0,0.0,0.0,0.0,0.0,0.0,0.0,0.0,0.0,0.0,0.0,25.1,28.6,25.5,74,3,0.9559793438440766,0.2934339689665273,0
2023-03-16,0.0,25.2,32.0,18.8,0.0,0.0,0.0,0.0,0.0,0.0,0.0,0.0,0.0,0.0,0.0,24.6,25.6,25.7,75,3,0.9608854255574977,0.27694620226893646,0
2023-03-17,0.0,25.3,32.5,18.9,0.0,0.0,0.0,0.0,0.0,0.0,0.0,0.0,0.0,0.0,0.0,25.2,25.3,26.3,76,3,0.9655071658143364,0.2603764827344581,0
2023-03-18,0.0,25.5,32.9,18.5,0.0,0.0,0.0,0.0,0.0,0.0,0.0,0.0,0.0,0.0,0.0,25.3,26.0,27.0,77,3,0.969843196967294,0.24372971360968387,0
2023-03-19,0.0,25.8,31.9,17.7,0.0,0.0,0.0,0.0,0.0,0.0,0.0,0.0,0.0,0.0,0.0,25.5,25.3,27.7,78,3,0.9738922359149924,0.22701082094141847,0
2023-03-20,0.0,25.1,31.8,18.4,0.0,0.0,0.0,0.0,0.0,0.0,0.0,0.0,0.0,0.0,0.0,25.8,25.2,28.5,79,3,0.9776530844816641,0.2102247521189836,0
2023-03-21,0.0,23.1,30.1,16.8,0.0,0.0,0.0,0.0,0.0,0.0,0.0,0.0,0.0,0.0,0.0,25.1,25.1,29.1,80,3,0.981124629771712,0.19337647441020586,0
2023-03-22,0.0,23.3,30.6,15.3,0.0,0.0,0.0,0.0,0.0,0.0,0.0,0.0,0.0,0.0,0.0,23.1,24.6,28.6,81,3,0.984305844499033,0.17647097349152166,0
2023-03-23,0.0,24.6,31.5,16.8,0.0,0.0,0.0,0.0,0.0,0.0,0.0,0.0,0.0,0.0,0.0,23.3,25.2,25.6,82,3,0.9871957872910085,0.15951325197263655,0
2023-03-24,0.0,25.8,32.4,17.6,0.0,0.0,0.0,0.0,0.0,0.0,0.0,0.0,0.0,0.0,0.0,24.6,25.3,25.3,83,3,0.9897936029670716,0.14250832791617088,0
2023-03-25,0.0,27.5,34.1,20.7,0.0,0.0,0.0,0.0,0.0,0.0,0.0,0.0,0.0,0.0,0.0,25.8,25.5,26.0,84,3,0.992098522791769,0.12546123335273648,0
2023-03-26,0.0,27.2,33.5,20.8,0.0,0.0,0.0,0.0,0.0,0.0,0.0,0.0,0.0,0.0,0.0,27.5,25.8,25.3,85,3,0.9941098647022418,0.10837701279187609,0
2023-03-27,0.0,25.1,31.0,18.4,0.0,0.0,0.0,0.0,0.0,0.0,0.0,0.0,0.0,0.0,0.0,27.2,25.1,25.2,86,3,0.9958270335100595,0.09126072172931188,0
2023-03-28,0.0,25.0,32.3,17.2,0.0,0.0,0.0,0.0,0.0,0.0,0.0,0.0,0.0,0.0,0.0,25.1,23.1,25.1,87,3,0.9972495210773451,0.07411742515094437,0
2023-03-29,0.0,26.3,33.8,18.3,0.0,0.0,0.0,0.0,0.0,0.0,0.0,0.0,0.0,0.0,0.0,25.0,23.3,24.6,88,3,0.998376906467142,0.056952196034039754,0
2023-03-30,0.0,26.8,32.9,20.9,0.0,0.0,0.0,0.0,0.0,0.0,0.0,0.0,0.0,0.0,0.0,26.3,24.6,25.2,89,3,0.9992088560679753,0.03977011384605572,0
2023-03-31,0.0,26.4,33.6,18.7,0.0,0.0,0.0,0.0,0.0,0.0,0.0,0.0,0.0,0.0,0.0,26.8,25.8,25.3,90,3,0.9997451236925734,0.022576263041545485,0
2023-04-01,0.0,25.8,33.2,18.5,0.0,0.0,0.0,0.0,0.0,0.0,0.0,0.0,0.0,0.0,0.0,26.4,27.5,25.5,91,4,0.9999855506507186,0.005375731557583884,0
2023-04-02,0.0,25.6,32.5,18.2,0.0,0.0,0.0,0.0,0.0,0.0,0.0,0.0,0.0,0.0,0.0,25.8,27.2,25.8,92,4,0.9999300657962057,-0.011826390691832589,0
2023-04-03,0.0,25.8,33.0,17.5,0.0,0.0,0.0,0.0,0.0,0.0,0.0,0.0,0.0,0.0,0.0,25.6,25.1,25.1,93,4,0.9995786855478958,-0.029025013321975237,0
2023-04-04,0.0,27.6,34.5,20.9,0.0,0.0,0.0,0.0,0.0,0.0,0.0,0.0,0.0,0.0,0.0,25.8,25.0,23.1,94,4,0.9989315138848577,-0.046215046983708354,0
2023-04-05,0.0,27.4,34.3,20.2,0.0,0.0,0.0,0.0,0.0,0.0,0.0,0.0,0.0,0.0,0.0,27.6,26.3,23.3,95,4,0.9979887423155984,-0.06339140486951038,0
2023-04-06,0.0,26.8,34.0,19.7,0.0,0.0,0.0,0.0,0.0,0.0,0.0,0.0,0.0,0.0,0.0,27.4,26.8,24.6,96,4,0.9967506498213929,-0.08054900421874167,0
2023-04-07,0.0,27.0,34.6,19.5,0.0,0.0,0.0,0.0,0.0,0.0,0.0,0.0,0.0,0.0,0.0,26.8,26.4,25.8,97,4,0.9952176027737294,-0.09768276782171598,0
2023-04-08,0.0,28.8,35.9,22.5,0.0,0.0,0.0,0.0,0.0,0.0,0.0,0.0,0.0,0.0,0.0,27.0,25.8,27.5,98,4,0.9933900548258936,-0.11478762552212701,0
2023-04-09,0.0,29.4,36.1,24.0,0.0,0.0,0.0,0.0,0.0,0.0,0.0,0.0,0.0,0.0,0.0,28.8,25.6,27.2,99,4,0.9912685467787256,-0.13185851571739118,0
2023-04-10,0.0,29.5,35.5,24.1,0.0,0.0,0.0,0.0,0.0,0.0,0.0,0.0,0.0,0.0,0.0,29.4,25.8,25.1,100,4,0.9888537064205885,-0.1488903868564548,0
2023-04-11,0.0,30.2,36.5,24.9,0.0,0.0,0.0,0.0,0.0,0.0,0.0,0.0,0.0,0.0,0.0,29.5,27.6,25.0,101,4,0.986146248341595,-0.16587819893463143,0
2023-04-12,0.0,29.8,35.8,24.4,0.0,0.0,0.0,0.0,0.0,0.0,0.0,0.0,0.0,0.0,0.0,30.2,27.4,26.3,102,4,0.9831469737221499,-0.1828169249850199,0
2023-04-13,1.2,28.2,33.2,23.8,0.0,0.0,0.0,0.0,0.0,0.0,0.0,0.0,0.0,0.0,0.0,29.8,26.8,26.8,103,4,0.9798567700958665,-0.1997015525660636,1
2023-04-14,0.0,28.3,34.7,22.8,1.2,0.0,0.0,0.0,0.0,0.0,0.0,1.2,1.2,1.2,1.2,28.2,27.0,26.4,104,4,0.9762766110869321,-0.21652708524481437,0
2023-04-15,0.0,28.4,34.0,23.1,0.0,1.2,0.0,0.0,0.0,0.0,0.0,1.2,1.2,1.2,1.2,28.3,28.8,25.8,105,4,0.9724075561219968,-0.23328854407545518,0
2023-04-16,0.0,29.0,34.4,24.0,0.0,0.0,1.2,0.0,0.0,0.0,0.0,1.2,1.2,1.2,1.2,28.4,29.4,25.6,106,4,0.9682507501166718,-0.2499809690726521,0
2023-04-17,0.0,29.4,34.8,24.3,0.0,0.0,0.0,0.0,0.0,0.0,0.0,0.0,1.2,1.2,1.2,29.0,29.5,25.8,107,4,0.9638074231367307,-0.26659942067929354,0
2023-04-18,0.0,29.5,35.6,24.9,0.0,0.0,0.0,0.0,0.0,0.0,0.0,0.0,1.2,1.2,1.2,29.4,30.2,27.6,108,4,0.9590788900341131,-0.28313898122818354,0
2023-04-19,0.0,29.3,35.1,24.0,0.0,0.0,0.0,0.0,0.0,0.0,0.0,0.0,1.2,1.2,1.2,29.5,29.8,27.4,109,4,0.9540665500578387,-0.2995947563972602,0
2023-04-20,0.0,28.3,35.1,21.4,0.0,0.0,0.0,1.2,0.0,0.0,0.0,0.0,1.2,1.2,1.2,29.3,28.2,26.8,110,4,0.9487718864399473,-0.31596187665790293,0
2023-04-21,0.0,28.1,35.3,20.5,0.0,0.0,0.0,0.0,0.0,0.0,0.0,0.0,0.0,1.2,1.2,28.3,28.3,27.0,111,4,0.9431964659565866,-0.33223549871590435,0
2023-04-22,0.0,28.5,35.2,21.5,0.0,0.0,0.0,0.0,0.0,0.0,0.0,0.0,0.0,1.2,1.2,28.1,28.4,28.8,112,4,0.9373419384643772,-0.3484108069446808,0
2023-04-23,0.0,28.8,35.5,22.4,0.0,0.0,0.0,0.0,0.0,0.0,0.0,0.0,0.0,1.2,1.2,28.5,29.0,29.4,113,4,0.9312100364121947,-0.3644830148102912,0
2023-04-24,0.0,28.9,34.5,24.2,0.0,0.0,0.0,0.0,0.0,0.0,0.0,0.0,0.0,1.2,1.2,28.8,29.4,29.5,114,4,0.9248025743285089,-0.38044736628785164,0
2023-04-25,0.0,29.9,35.2,25.1,0.0,0.0,0.0,0.0,0.0,0.0,0.0,0.0,0.0,1.2,1.2,28.9,29.5,30.2,115,4,0.9181214482844365,-0.39629913726891813,0
2023-04-26,0.0,28.5,34.2,23.1,0.0,0.0,0.0,0.0,0.0,0.0,0.0,0.0,0.0,1.2,1.2,29.9,29.3,29.8,116,4,0.9111686353326631,-0.41203363695942635,0
2023-04-27,0.1,26.9,32.7,22.3,0.0,0.0,0.0,0.0,1.2,0.0,0.0,0.0,0.0,1.2,1.2,28.5,28.3,28.2,117,4,0.9039461929224011,-0.42764620926777464,0
2023-04-28,1.1,26.9,32.2,22.3,0.1,0.0,0.0,0.0,0.0,0.0,0.0,0.1,0.1,0.1,1.3,26.9,28.1,28.3,118,4,0.8964562582905575,-0.44313223418263453,1
2023-04-29,0.1,26.5,33.3,21.6,1.1,0.1,0.0,0.0,0.0,0.0,0.0,1.2000000000000002,1.2000000000000002,1.2000000000000002,2.4000000000000004,26.9,28.5,28.4,119,4,0.8887010478292915,-0.45848712914008766,0
2023-04-30,0.1,26.2,32.2,20.9,0.1,1.1,0.1,0.0,0.0,0.0,0.0,1.3000000000000003,1.3000000000000003,1.3000000000000003,2.5,26.5,28.8,29.0,120,4,0.8806828564301475,-0.47370635037968,0
2023-05-01,0.0,26.9,32.1,22.0,0.1,0.1,1.1,0.0,0.0,0.0,0.0,1.3,1.4000000000000001,1.4000000000000001,2.6,26.2,28.9,29.4,121,5,0.8724040568049612,-0.48878539428899265,0
2023-05-02,0.0,27.4,33.6,20.9,0.0,0.1,0.1,0.0,0.0,0.0,0.0,0.2,1.4000000000000001,1.4000000000000001,2.6,26.9,29.9,29.5,122,5,0.8638670987837349,-0.503719798736334,0
2023-05-03,2.6,26.6,35.1,21.7,0.0,0.0,0.1,0.0,0.0,0.0,0.0,0.1,1.4000000000000001,1.4000000000000001,2.6,27.4,28.5,29.3,123,5,0.8550745085896932,-0.518505144391157,1
2023-05-04,0.0,28.7,34.7,22.3,2.6,0.0,0.0,0.1,0.0,1.2,0.0,2.6,4.0,4.0,5.2,26.6,26.9,28.3,124,5,0.8460288880917339,-0.533137056031809,0
2023-05-05,0.0,28.9,35.2,22.6,0.0,2.6,0.0,1.1,0.0,0.0,0.0,2.6,3.9000000000000004,4.0,5.2,28.7,26.9,28.1,125,5,0.8367329140344921,-0.5476112038402312,0
2023-05-06,0.0,30.1,35.8,23.4,0.0,0.0,2.6,0.1,0.0,0.0,0.0,2.6,2.8000000000000003,4.0,5.2,28.9,26.5,28.5,126,5,0.8271893372462497,-0.5619233046832195,0
2023-05-07,0.3,29.3,35.9,25.2,0.0,0.0,0.0,0.1,0.0,0.0,0.0,0.0,2.7,4.0,5.2,30.1,26.2,28.8,127,5,0.8174009818249189,-0.5760691233798758,1
2023-05-08,0.0,28.8,35.5,24.2,0.3,0.0,0.0,0.0,0.0,0.0,0.0,0.3,2.9,4.300000000000001,5.5,29.3,26.9,28.9,128,5,0.8073707443023492,-0.5900444739548627,0
2023-05-09,0.2,28.9,33.9,23.7,0.0,0.3,0.0,0.0,0.0,0.0,0.0,0.3,2.9,4.300000000000001,5.5,28.8,27.4,29.9,129,5,0.7971015927871943,-0.6038452208771035,1
2023-05-10,0.0,29.3,34.3,22.5,0.2,0.0,0.3,2.6,0.0,0.0,0.0,0.5,3.1,4.5,5.7,28.9,26.6,28.5,130,5,0.7865965660866021,-0.6174672802835514,0
2023-05-11,0.0,29.5,35.7,22.1,0.0,0.2,0.0,0.0,0.1,0.0,1.2,0.2,0.5,4.5,5.7,29.3,28.7,26.9,131,5,0.7758587728069828,-0.6309066211876704,0
2023-05-12,0.0,30.3,36.6,22.5,0.0,0.0,0.2,0.0,1.1,0.0,0.0,0.2,0.5,4.4,4.5,29.5,28.9,26.9,132,5,0.7648913904341226,-0.6441592666722685,0
2023-05-13,0.0,31.4,37.0,26.7,0.0,0.0,0.0,0.0,0.1,0.0,0.0,0.0,0.5,3.3000000000000003,4.5,30.3,30.1,26.5,133,5,0.753697664392914,-0.6572212950663319,0
2023-05-14,0.0,30.7,35.7,26.3,0.0,0.0,0.0,0.3,0.1,0.0,0.0,0.0,0.5,3.2,4.5,31.4,29.3,26.2,134,5,0.742280907086982,-0.6700888411055113,0
2023-05-15,0.0,30.9,36.4,24.7,0.0,0.0,0.0,0.0,0.0,0.0,0.0,0.0,0.2,3.1,4.5,30.7,28.8,26.9,135,5,0.7306444969184916,-0.6827580970759147,0
2023-05-16,0.0,29.9,36.2,24.6,0.0,0.0,0.0,0.2,0.0,0.0,0.0,0.0,0.2,3.1,4.5,30.9,28.9,27.4,136,5,0.7187918772884232,-0.6952253139408722,0
2023-05-17,0.0,30.5,36.4,22.7,0.0,0.0,0.0,0.0,2.6,0.0,0.0,0.0,0.0,3.1,4.5,29.9,29.3,26.6,137,5,0.7067265555776158,-0.7074868024503348,0
2023-05-18,0.0,30.4,35.7,23.4,0.0,0.0,0.0,0.0,0.0,0.1,0.0,0.0,0.0,0.5,4.5,30.5,29.5,28.7,138,5,0.6944521021088763,-0.719538934232584,0
2023-05-19,0.0,30.0,35.4,23.4,0.0,0.0,0.0,0.0,0.0,1.1,0.0,0.0,0.0,0.5,4.5,30.4,30.3,28.9,139,5,0.6819721490904629,-0.7313781428679254,0
2023-05-20,0.0,29.7,35.9,24.2,0.0,0.0,0.0,0.0,0.0,0.1,0.0,0.0,0.0,0.5,4.5,30.0,31.4,30.1,140,5,0.6692903895412567,-0.7430009249440493,0
2023-05-21,0.0,28.5,35.0,21.7,0.0,0.0,0.0,0.0,0.3,0.1,0.0,0.0,0.0,0.5,4.5,29.7,30.7,29.3,141,5,0.6564105761979381,-0.7544038410927472,0
2023-05-22,0.0,29.6,35.6,23.6,0.0,0.0,0.0,0.0,0.0,0.0,0.0,0.0,0.0,0.2,4.5,28.5,30.9,28.8,142,5,0.6433365204044917,-0.765583517007675,0
2023-05-23,0.0,30.2,36.2,24.5,0.0,0.0,0.0,0.0,0.2,0.0,0.0,0.0,0.0,0.2,4.5,29.6,29.9,28.9,143,5,0.6300720909843687,-0.7765366444428655,0
2023-05-24,0.0,29.6,34.8,24.8,0.0,0.0,0.0,0.0,0.0,2.6,0.0,0.0,0.0,0.0,4.5,30.2,30.5,29.3,144,5,0.6166212130956382,-0.7872599821916922,0
2023-05-25,0.0,30.4,35.0,24.7,0.0,0.0,0.0,0.0,0.0,0.0,0.1,0.0,0.0,0.0,4.5,29.6,30.4,29.5,145,5,0.6029878670694714,-0.7977503570459932,0
2023-05-26,0.0,30.4,35.9,25.4,0.0,0.0,0.0,0.0,0.0,0.0,1.1,0.0,0.0,0.0,4.4,30.4,30.0,30.3,146,5,0.5891760872322963,-0.8080046647350754,0
2023-05-27,0.0,29.9,35.3,25.3,0.0,0.0,0.0,0.0,0.0,0.0,0.1,0.0,0.0,0.0,3.3,30.4,29.7,31.4,147,5,0.5751899607119775,-0.8180198708443175,0
2023-05-28,1.2,25.8,31.1,20.5,0.0,0.0,0.0,0.0,0.0,0.3,0.1,0.0,0.0,0.0,3.2,29.9,28.5,30.7,148,5,0.5610336262283677,-0.8277930117131022,1
2023-05-29,6.3,23.2,28.9,20.2,1.2,0.0,0.0,0.0,0.0,0.0,0.0,1.2,1.2,1.2,4.3,25.8,29.6,30.9,149,5,0.5467112728685939,-0.8373211953118121,1
2023-05-30,2.1,22.2,28.5,19.0,6.3,1.2,0.0,0.0,0.0,0.2,0.0,7.5,7.5,7.5,10.6,23.2,30.2,29.9,150,5,0.5322271388474397,-0.8466016020976267,1
2023-05-31,0.2,24.4,29.0,20.5,2.1,6.3,1.2,0.0,0.0,0.0,2.6,9.6,9.6,9.6,12.7,22.2,29.6,30.5,151,5,0.5175855102531889,-0.8556314858488706,1
2023-06-01,5.4,24.4,30.8,19.1,0.2,2.1,6.3,0.0,0.0,0.0,0.0,8.600000000000001,9.8,9.8,10.3,24.4,30.4,30.4,152,6,0.5027907197793043,-0.8644081744776648,1
2023-06-02,12.4,23.3,30.7,19.8,5.4,0.2,2.1,0.0,0.0,0.0,0.0,7.7,15.2,15.2,15.7,24.4,30.4,30.0,153,6,0.4878471454423119,-0.8729290708206411,1
2023-06-03,6.1,24.0,30.8,18.5,12.4,5.4,0.2,0.0,0.0,0.0,0.0,18.0,27.6,27.6,28.1,23.3,29.9,29.7,154,6,0.47275920928627757,-0.881191653407483,1
2023-06-04,0.0,25.8,31.6,19.7,6.1,12.4,5.4,1.2,0.0,0.0,0.3,23.9,33.7,33.7,34.2,24.0,25.8,28.5,155,6,0.4575313760742512,-0.8891934772070711,0
2023-06-05,5.9,24.9,31.4,20.3,0.0,6.1,12.4,6.3,0.0,0.0,0.0,18.5,32.5,33.7,33.900000000000006,25.8,23.2,29.6,156,6,0.44216815196707204,-0.8969321743510065,1
2023-06-06,0.2,24.3,29.3,18.6,5.9,0.0,6.1,2.1,0.0,0.0,0.2,12.0,32.1,39.6,39.800000000000004,24.9,22.2,30.2,157,6,0.42667408318992467,-0.9044054548343001,1
2023-06-07,0.2,24.9,29.5,19.3,0.2,5.9,0.0,0.2,0.0,0.0,0.0,6.1000000000000005,30.2,39.800000000000004,39.800000000000004,24.3,24.4,29.6,158,6,0.4110537546870351,-0.9116111071930239,1
2023-06-08,0.0,26.0,30.8,22.0,0.2,0.2,5.9,5.4,0.0,0.0,0.0,6.300000000000001,30.2,40.0,40.0,24.9,24.4,30.4,159,6,0.3953117887649151,-0.9185469991587165,0
2023-06-09,0.0,26.4,31.7,20.1,0.0,0.2,0.2,12.4,0.0,0.0,0.0,0.4,24.8,40.0,40.0,26.0,23.3,30.4,160,6,0.37945284372454435,-0.925211078289358,0
2023-06-10,2.0,24.5,31.1,19.0,0.0,0.0,0.2,6.1,0.0,0.0,0.0,0.2,12.4,40.0,40.0,26.4,24.0,29.9,161,6,0.36348161248290634,-0.9316013725767187,1
2023-06-11,0.3,22.4,26.3,19.0,2.0,0.0,0.0,0.0,1.2,0.0,0.0,2.0,8.3,42.0,42.0,24.5,25.8,25.8,162,6,0.3474028211842774,-0.9377159910299093,1
2023-06-12,17.0,22.8,30.4,19.0,0.3,2.0,0.0,5.9,6.3,0.0,0.0,2.3,8.6,41.1,42.300000000000004,22.4,24.9,23.2,163,6,0.3312212278016865,-0.9435531242349544,1
2023-06-13,0.0,23.9,29.6,18.3,17.0,0.3,2.0,0.2,2.1,0.0,0.0,19.3,19.7,51.8,59.3,22.8,24.3,22.2,164,6,0.31494162072895193,-0.9491110448902284,0
2023-06-14,1.6,23.3,27.9,20.0,0.0,17.0,0.3,0.2,0.2,0.0,0.0,17.3,19.5,49.7,59.3,23.9,24.9,24.4,165,6,0.2985688173637202,-0.9543881083175908,1
2023-06-15,14.7,22.8,29.2,18.6,1.6,0.0,17.0,0.0,5.4,0.0,0.0,18.6,20.900000000000002,51.1,60.9,23.3,26.0,24.4,166,6,0.2821076626819194,-0.9593827529490743,1
2023-06-16,4.5,23.2,29.0,18.9,14.7,1.6,0.0,0.0,12.4,0.0,0.0,16.299999999999997,35.6,60.4,75.6,22.8,26.4,23.3,167,6,0.26556302780405594,-0.9640935007889755,1
2023-06-17,0.4,25.7,30.9,19.9,4.5,14.7,1.6,2.0,6.1,0.0,0.0,20.799999999999997,40.1,52.5,80.1,23.2,24.5,24.0,168,6,0.24893980855376657,-0.9685189578512204,1
2023-06-18,0.9,26.0,29.1,23.2,0.4,4.5,14.7,0.3,0.0,1.2,0.0,19.599999999999998,38.5,46.8,80.5,25.7,22.4,25.8,169,6,0.23224292400907015,-0.9726578145718654,1
2023-06-19,0.0,25.6,29.7,21.7,0.9,0.4,4.5,17.0,5.9,6.3,0.0,5.8,39.099999999999994,47.699999999999996,81.4,26.0,22.8,24.9,170,6,0.21547731504673012,-0.976508846196619,0
2023-06-20,0.0,25.0,30.0,18.9,0.0,0.9,0.4,0.0,0.2,2.1,0.0,1.3,22.099999999999998,41.8,81.4,25.6,23.9,24.3,171,6,0.19864794288017112,-0.9800709131432666,0
2023-06-21,0.0,25.2,29.9,19.3,0.0,0.0,0.9,1.6,0.2,0.2,0.0,0.9,22.099999999999998,41.599999999999994,81.4,25.0,23.3,24.9,172,6,0.18175978759137534,-0.9833429613388902,0
2023-06-22,0.1,26.7,31.4,22.6,0.0,0.0,0.0,14.7,0.0,5.4,0.0,0.0,20.499999999999996,41.4,81.4,25.2,22.8,26.0,173,6,0.16481784665719793,-0.9863240225317866,0
2023-06-23,0.4,26.0,30.2,20.4,0.1,0.0,0.0,4.5,0.0,12.4,0.0,0.1,5.9,41.5,81.5,26.7,23.2,26.4,174,6,0.14782713347053048,-0.9890132145779883,1
2023-06-24,0.0,24.8,29.8,19.8,0.4,0.1,0.0,0.4,2.0,6.1,0.0,0.5,1.8,41.9,81.9,26.0,25.7,24.5,175,6,0.13079267585675922,-0.9914097417023038,0
2023-06-25,0.0,25.8,31.7,21.8,0.0,0.4,0.1,0.9,0.3,0.0,1.2,0.5,1.4,39.9,81.9,24.8,26.0,22.4,176,6,0.11371951458594969,-0.9935128947338007,0
2023-06-26,0.0,26.3,31.9,20.7,0.0,0.0,0.4,0.0,17.0,5.9,6.3,0.4,0.5,39.599999999999994,80.7,25.8,25.6,22.8,177,6,0.0966127018812031,-0.9953220513156602,0
2023-06-27,0.1,26.3,31.1,22.6,0.0,0.0,0.0,0.0,0.0,0.2,2.1,0.0,0.5,22.599999999999998,74.4,26.3,25.0,23.9,178,6,0.07947729992362097,-0.9968366760893436,0
2023-06-28,0.6,24.7,29.8,20.4,0.1,0.0,0.0,0.0,1.6,0.2,0.2,0.1,0.6,22.7,72.4,26.3,25.2,23.3,179,6,0.062318379354325076,-0.998056320853012,1
2023-06-29,0.0,26.0,31.3,19.4,0.6,0.1,0.0,0.1,14.7,0.0,5.4,0.7,1.2,21.699999999999996,72.8,24.7,26.7,22.8,180,6,0.04514101777397193,-0.9989806246941579,0
2023-06-30,0.0,27.4,31.9,22.7,0.0,0.6,0.1,0.4,4.5,0.0,12.4,0.7,1.0999999999999999,7.0,67.39999999999999,26.0,26.0,23.2,181,6,0.02795029824021032,-0.999609314096404,0
2023-07-01,1.3,25.7,30.3,21.8,0.0,0.0,0.6,0.0,0.4,2.0,6.1,0.6,0.7,2.5,55.0,27.4,24.8,25.7,182,7,0.01075130776352193,-0.9999422030204416,1
2023-07-02,1.6,23.1,29.0,19.5,1.3,0.0,0.0,0.0,0.9,0.3,0.0,1.3,2.0,3.4000000000000004,50.199999999999996,25.7,25.8,26.0,183,7,-0.00645086419810515,-0.9999791929590823,1
2023-07-03,4.2,23.2,28.8,19.7,1.6,1.3,0.0,0.0,0.0,17.0,5.9,2.9000000000000004,3.6,4.1,51.8,23.1,26.3,25.6,184,7,-0.023651127245231586,-0.9997202729664083,1
2023-07-04,0.4,23.9,28.8,18.6,4.2,1.6,1.3,0.1,0.0,0.0,0.2,7.1000000000000005,7.800000000000001,8.3,50.1,23.2,26.3,25.0,185,7,-0.04084439154329611,-0.9991655196610109,1
2023-07-05,0.7000000000000001,23.7,29.2,19.9,0.4,4.2,1.6,0.6,0.0,1.6,0.2,6.200000000000001,8.1,8.7,50.3,23.9,24.7,25.2,186,7,-0.05802556932878035,-0.9983150972033183,1
2023-07-06,0.3,23.9,28.3,19.7,0.7000000000000001,0.4,4.2,0.0,0.1,14.7,0.0,5.300000000000001,8.2,9.4,50.8,23.7,26.0,26.7,187,7,-0.07518957641475855,-0.9971692572470178,1
2023-07-07,0.7000000000000001,22.8,28.3,20.0,0.3,0.7000000000000001,0.4,0.0,0.4,4.5,0.0,1.4000000000000001,8.5,9.6,51.1,23.9,27.4,26.0,188,7,-0.09233133369539122,-0.9957283388645872,1
2023-07-08,1.3,22.3,27.3,18.8,0.7000000000000001,0.3,0.7000000000000001,1.3,0.0,0.4,2.0,1.7,9.2,9.9,51.8,22.8,25.7,24.8,189,7,-0.10944576864891556,-0.993992768446958,1
2023-07-09,3.8,22.5,27.9,18.3,1.3,0.7000000000000001,0.3,1.6,0.0,0.9,0.3,2.3,9.2,11.2,51.1,22.3,23.1,25.8,190,7,-0.12652781683868314,-0.9919630595773397,1
2023-07-10,7.8,22.6,28.2,17.6,3.8,1.3,0.7000000000000001,4.2,0.0,0.0,17.0,5.8,11.4,15.0,54.599999999999994,22.5,23.2,26.3,191,7,-0.1435724234118113,-0.9896398128792412,1
2023-07-11,5.9,22.6,28.2,18.7,7.8,3.8,1.3,0.4,0.1,0.0,0.0,12.899999999999999,15.0,22.8,45.4,22.6,23.9,26.3,192,7,-0.16057454459499376,-0.9870237158387383,1
2023-07-12,0.1,22.6,26.9,17.8,5.9,7.8,3.8,0.7000000000000001,0.6,0.0,1.6,17.5,20.5,28.599999999999998,51.300000000000004,22.6,23.7,24.7,193,7,-0.17752914918703497,-0.984115542601034,0
2023-07-13,1.2,23.9,28.8,19.3,0.1,5.9,7.8,0.3,0.0,0.1,14.7,13.8,19.9,28.1,49.800000000000004,22.6,23.9,26.0,194,7,-0.19443122004766195,-0.9809161537413774,1
2023-07-14,1.1,24.9,29.5,19.8,1.2,0.1,5.9,0.7000000000000001,0.0,0.4,4.5,7.2,20.8,29.3,36.3,23.9,22.8,27.4,195,7,-0.2112757555821793,-0.9774264960104055,1
2023-07-15,2.0,23.3,27.6,20.2,1.1,1.2,0.1,1.3,1.3,0.0,0.4,2.4000000000000004,21.2,30.400000000000002,32.9,24.9,22.3,25.7,196,7,-0.2280577712215198,-0.9736476020539838,1
2023-07-16,0.4,22.9,28.2,18.3,2.0,1.1,1.2,3.8,1.6,0.0,0.9,4.3,21.9,31.1,34.5,23.3,22.5,23.1,197,7,-0.24477230089725957,-0.9695805901076308,1
2023-07-17,0.0,24.5,28.8,19.2,0.4,2.0,1.1,7.8,4.2,0.0,0.0,3.5,18.5,29.9,34.0,22.9,22.6,23.2,198,7,-0.2614143985111562,-0.965226663665613,0
2023-07-18,1.5,24.1,30.3,20.9,0.0,0.4,2.0,5.9,0.4,0.1,0.0,2.4000000000000004,10.7,25.7,34.0,24.5,22.6,23.9,199,7,-0.2779791393987801,-0.9605871111248129,1
2023-07-19,0.1,24.6,30.1,19.5,1.5,0.0,0.4,0.1,0.7000000000000001,0.6,0.0,1.9000000000000004,6.299999999999999,26.8,35.5,24.1,22.6,23.7,200,7,-0.2944616217868012,-0.9556633054034704,0
2023-07-20,3.1,24.1,29.4,20.1,0.1,1.5,0.0,1.2,0.3,0.0,0.1,1.6000000000000005,6.3,26.200000000000003,35.6,24.6,23.9,23.9,201,7,-0.3108569682435036,-0.9504567035349151,1
2023-07-21,9.4,22.5,27.6,18.8,3.1,0.1,1.5,1.1,0.7000000000000001,0.0,0.4,4.700000000000001,8.2,29.0,38.6,24.1,24.9,22.8,202,7,-0.3271603271220951,-0.9449688462364056,1
2023-07-22,5.7,22.0,26.8,18.5,9.4,3.1,0.1,2.0,1.3,1.3,0.0,12.600000000000001,16.5,37.7,47.6,22.5,23.3,22.3,203,7,-0.34336687399638804,-0.939201357453208,1
2023-07-23,2.0,22.1,27.5,17.9,5.7,9.4,3.1,0.4,3.8,1.6,0.0,18.200000000000003,20.2,42.1,53.300000000000004,22.0,22.9,22.5,204,7,-0.3594718130884232,-0.9331559438780432,1
2023-07-24,0.9,23.3,28.8,18.1,2.0,5.7,9.4,0.0,7.8,4.2,0.0,17.1,21.8,40.300000000000004,55.300000000000004,22.1,24.5,22.6,205,7,-0.3754703786876202,-0.9268343944460494,1
2023-07-25,5.7,23.5,29.2,18.9,0.9,2.0,5.7,1.5,5.9,0.4,0.1,8.600000000000001,22.7,33.400000000000006,56.2,23.3,24.1,22.6,206,7,-0.3913578365610259,-0.9202385798054075,1
2023-07-26,0.5,22.6,27.1,18.5,5.7,0.9,2.0,0.1,0.1,0.7000000000000001,0.6,8.600000000000001,26.9,33.2,61.800000000000004,23.5,24.6,22.6,207,7,-0.4071294853542516,-0.9133704517637858,1
2023-07-27,7.0,21.2,26.4,17.6,0.5,5.7,0.9,3.1,1.2,0.3,0.0,7.100000000000002,27.299999999999997,33.6,61.7,22.6,24.1,23.9,208,7,-0.4227806579826773,-0.9062320427107697,1
2023-07-28,0.6,22.7,27.5,19.9,7.0,0.5,5.7,9.4,1.1,0.7000000000000001,0.0,13.200000000000003,31.199999999999996,39.4,68.7,21.2,22.5,24.9,209,7,-0.4383067230125192,-0.898825465016444,1
2023-07-29,1.9,23.1,28.2,20.0,0.6,7.0,0.5,5.7,2.0,1.3,1.3,8.100000000000001,22.4,38.900000000000006,69.3,22.7,22.0,23.3,210,7,-0.45370308603134424,-0.8911529104063088,1
2023-07-30,10.9,21.6,26.0,19.1,1.9,0.6,7.0,2.0,0.4,3.8,1.6,9.500000000000002,18.6,38.800000000000004,69.9,23.1,22.1,22.9,211,7,-0.46896519100763184,-0.8832166493127127,1
2023-07-31,5.0,22.0,27.1,18.4,10.9,1.9,0.6,0.9,0.0,7.8,4.2,13.400000000000002,27.5,49.3,79.20000000000002,21.6,23.3,24.5,212,7,-0.48408852163897587,-0.8750190302029955,1
2023-08-01,14.6,21.3,26.2,18.3,5.0,10.9,1.9,5.7,1.5,5.9,0.4,17.800000000000004,31.599999999999998,54.3,80.0,22.0,23.5,24.1,213,8,-0.4990686026885319,-0.8665624788845385,1
2023-08-02,4.8,20.6,25.2,17.6,14.6,5.0,10.9,0.5,0.1,0.1,0.7000000000000001,30.5,40.5,67.4,94.2,21.3,22.6,24.6,214,8,-0.5139010013093103,-0.8578494977869301,1
2023-08-03,12.8,20.4,25.2,17.8,4.8,14.6,5.0,7.0,3.1,1.2,0.3,24.400000000000002,44.8,72.10000000000001,98.3,20.6,21.2,24.1,215,8,-0.5285813283559292,-0.8488826652214553,1
2023-08-04,5.6,21.1,25.6,17.7,12.8,4.8,14.6,0.6,9.4,1.1,0.7000000000000001,32.2,50.599999999999994,81.8,110.8,20.4,22.7,22.5,216,8,-0.5431052396834317,-0.8396646346181327,1
2023-08-05,19.7,20.1,23.6,17.1,5.6,12.8,4.8,1.9,5.7,2.0,1.3,23.200000000000003,55.599999999999994,78.0,115.7,21.1,23.1,22.0,217,8,-0.5574684374327892,-0.8301981337405212,1
2023-08-06,7.1,20.0,24.3,15.8,19.7,5.6,12.8,10.9,2.0,0.4,3.8,38.099999999999994,73.4,92.0,134.1,20.1,21.6,22.1,218,8,-0.5716666713027052,-0.8204859638785327,1
2023-08-07,0.6,21.4,26.1,16.3,7.1,19.7,5.6,5.0,0.9,0.0,7.8,32.4,69.6,97.1,137.39999999999998,20.0,22.0,23.3,219,8,-0.5856957398073508,-0.8105309990194823,1
2023-08-08,7.9,20.4,25.1,17.5,0.6,7.1,19.7,14.6,5.7,1.5,5.9,27.399999999999995,65.2,96.8,130.20000000000002,21.4,21.3,23.5,220,8,-0.5995514915196489,-0.8003361849976323,1
2023-08-09,2.1,20.5,25.0,16.6,7.9,0.6,7.1,4.8,0.5,0.1,0.1,15.6,58.5,98.99999999999999,132.2,20.4,20.6,22.6,221,8,-0.6132298262997502,-0.7899045386224707,1
2023-08-10,7.3,20.7,25.2,18.0,2.1,7.9,0.6,12.8,7.0,3.1,1.2,10.6,55.800000000000004,100.60000000000001,134.20000000000002,20.5,20.4,21.2,222,8,-0.6267266965083301,-0.7792391467859886,1
2023-08-11,0.6,21.3,26.0,17.1,7.3,2.1,7.9,5.6,0.6,9.4,1.1,17.3,50.3,100.89999999999999,140.29999999999998,20.7,21.1,22.7,223,8,-0.6400381082043503,-0.7683431655492202,1
2023-08-12,3.8,21.4,26.9,17.7,0.6,7.3,2.1,19.7,1.9,5.7,2.0,10.0,45.3,100.89999999999999,139.79999999999998,21.3,20.1,23.1,224,8,-0.65316012232693,-0.7572198192083127,1
2023-08-13,11.9,21.7,26.5,18.3,3.8,0.6,7.3,7.1,10.9,2.0,0.4,11.700000000000001,29.4,102.80000000000001,141.6,21.4,20.0,21.6,225,8,-0.666088855860977,-0.7458723993404063,1
2023-08-14,1.4,21.5,26.6,17.2,11.9,3.8,0.6,0.6,5.0,0.9,0.0,16.3,34.2,103.8,153.1,21.7,21.4,22.0,226,8,-0.6788204829862355,-0.734304263829602,1
2023-08-15,1.0,22.4,26.9,18.5,1.4,11.9,3.8,7.9,14.6,5.7,1.5,17.1,35.0,100.2,154.5,21.5,20.4,21.3,227,8,-0.6913512362094071,-0.722518835873311,1
2023-08-16,8.4,22.3,26.8,18.8,1.0,1.4,11.9,2.1,4.8,0.5,0.1,14.3,28.099999999999998,86.6,154.0,22.4,20.5,20.6,228,8,-0.7036774074790128,-0.7105196029692745,1
2023-08-17,10.6,20.7,25.1,18.0,8.4,1.0,1.4,7.3,12.8,7.0,3.1,10.8,34.400000000000006,90.19999999999999,162.3,22.3,20.7,20.4,229,8,-0.7157953492826642,-0.6983101158835584,1
2023-08-18,4.4,21.4,26.2,16.8,10.6,8.4,1.0,0.6,5.6,0.6,9.4,20.0,37.7,88.0,169.8,20.7,21.3,21.1,230,8,-0.7277014757264236,-0.6858939875998223,1
2023-08-19,5.4,22.2,27.7,17.8,4.4,10.6,8.4,3.8,19.7,1.9,5.7,23.4,41.5,86.80000000000001,164.8,21.4,21.4,20.1,231,8,-0.7393922635959241,-0.673274892250183,1
2023-08-20,6.0,22.3,26.8,18.5,5.4,4.4,10.6,11.9,7.1,10.9,2.0,20.4,43.1,72.5,164.5,22.2,21.7,20.0,232,8,-0.7508642533989489,-0.6604565640279754,1
2023-08-21,16.8,21.2,24.8,18.5,6.0,5.4,4.4,1.4,0.6,5.0,0.9,15.8,37.2,71.4,168.5,22.3,21.5,21.4,233,8,-0.7621140503891487,-0.6474427960827475,1
2023-08-22,5.9,20.7,25.3,17.1,16.8,6.0,5.4,1.0,7.9,14.6,5.7,28.200000000000003,52.6,87.6,184.4,21.2,22.4,20.4,234,8,-0.7731383255706026,-0.6342374393978054,1
2023-08-23,3.3,21.7,26.9,17.0,5.9,16.8,6.0,8.4,2.1,4.8,0.5,28.700000000000003,57.5,85.60000000000001,184.60000000000002,20.7,22.3,20.5,235,8,-0.7839338166829201,-0.620844401650647,1
2023-08-24,0.0,23.3,27.7,18.7,3.3,5.9,16.8,10.6,7.3,12.8,7.0,26.0,52.4,86.8,187.4,21.7,20.7,20.7,236,8,-0.7944973291665992,-0.6072676460566135,0
2023-08-25,0.2,23.1,27.1,20.0,0.0,3.3,5.9,4.4,0.6,5.6,0.6,9.199999999999996,41.800000000000004,79.5,180.4,23.3,21.4,21.3,237,8,-0.8048257371083452,-0.593511190196115,1
2023-08-26,0.0,24.3,29.4,19.5,0.2,0.0,3.3,5.4,3.8,19.7,1.9,3.4999999999999964,37.6,79.10000000000001,180.0,23.1,22.2,21.4,238,8,-0.8149159841660791,-0.5795791048257612,0
2023-08-27,0.1,22.9,28.0,19.2,0.0,0.2,0.0,6.0,11.9,7.1,10.9,0.19999999999999646,32.199999999999996,75.3,178.10000000000002,24.3,22.3,21.7,239,8,-0.8247650844733614,-0.5654755126737576,0
2023-08-28,0.6,21.5,26.9,18.2,0.1,0.0,0.2,16.8,1.4,0.6,5.0,0.2999999999999965,26.299999999999997,63.50000000000001,167.3,22.9,21.2,21.5,240,8,-0.8343701235229537,-0.5512045872199277,1
2023-08-29,9.3,21.9,27.9,17.5,0.6,0.1,0.0,5.9,1.0,7.9,14.6,0.6999999999999964,10.1,62.7,162.9,21.5,20.7,22.4,241,8,-0.8437282590292712,-0.5367705514607103,1
2023-08-30,8.4,20.9,26.1,17.4,9.3,0.6,0.1,3.3,8.4,2.1,4.8,9.999999999999996,13.5,71.0,157.60000000000002,21.9,21.7,22.3,242,8,-0.8528367217694595,-0.522177676659508,1
2023-08-31,5.7,19.7,24.5,15.8,8.4,9.3,0.6,0.0,10.6,7.3,12.8,18.299999999999997,18.6,71.0,161.20000000000002,20.9,23.3,20.7,243,8,-0.8616928164028521,-0.5074302810827518,1
2023-09-01,4.0,21.3,26.3,16.2,5.7,8.4,9.3,0.2,4.4,0.6,5.6,23.399999999999995,24.3,66.10000000000001,154.1,19.7,23.1,21.4,244,9,-0.8702939222685674,-0.49253272872205434,1
2023-09-02,2.0,21.8,26.8,18.1,4.0,5.7,8.4,0.0,5.4,3.8,19.7,18.099999999999998,28.1,65.7,152.5,21.3,24.3,22.2,245,9,-0.8786374941610001,-0.4774894280028391,1
2023-09-03,2.7,22.8,27.9,17.8,2.0,4.0,5.7,0.1,6.0,11.9,7.1,11.699999999999996,30.1,62.300000000000004,134.8,21.8,22.9,22.3,246,9,-0.886721063082993,-0.46230483047981086,1
2023-09-04,3.3,23.7,29.2,19.4,2.7,2.0,4.0,0.6,16.8,1.4,0.6,8.699999999999996,32.7,59.00000000000001,130.4,22.8,21.5,21.2,247,9,-0.8945422369764496,-0.4469834295196741,1
2023-09-05,8.2,21.7,27.0,18.1,3.3,2.7,2.0,9.3,5.9,1.0,7.9,7.9999999999999964,35.4,45.5,133.10000000000002,23.7,21.9,20.7,248,9,-0.9020987014301837,-0.43152975897147144,1
2023-09-06,0.0,21.8,26.6,16.9,8.2,3.3,2.7,8.4,3.3,8.4,2.1,14.199999999999996,34.3,47.8,133.4,21.7,20.9,21.7,249,9,-0.9093882203647925,-0.4159483918249421,0
2023-09-07,3.3,22.5,27.6,18.8,0.0,8.2,3.3,5.7,0.0,10.6,7.3,11.499999999999996,25.900000000000002,44.5,131.3,21.8,19.7,23.3,250,9,-0.9164086366943458,-0.4002439388573056,1
2023-09-08,5.4,21.7,27.0,18.6,3.3,0.0,8.2,4.0,0.2,4.4,0.6,11.499999999999996,23.5,47.8,127.3,22.5,21.3,23.1,251,9,-0.9231578729647039,-0.38442104726885545,1
2023-09-09,0.0,22.4,27.0,16.7,5.4,3.3,0.0,2.0,0.0,5.4,3.8,8.699999999999996,24.9,53.0,132.1,21.7,21.8,24.3,252,9,-0.9296339319682695,-0.3684843993077793,0
2023-09-10,0.6,23.5,28.6,19.3,0.0,5.4,3.3,2.7,0.1,6.0,11.9,8.699999999999996,22.9,53.0,128.29999999999998,22.4,22.8,22.9,253,9,-0.9358348973349941,-0.35243871088460327,1
2023-09-11,7.5,23.2,28.3,19.8,0.6,0.0,5.4,3.3,0.6,16.8,1.4,5.9999999999999964,20.8,53.5,117.0,23.5,23.7,21.5,254,9,-0.9417589340994617,-0.33628873017668287,1
2023-09-12,9.9,21.2,26.6,17.8,7.5,0.6,0.0,8.2,9.3,5.9,1.0,8.099999999999996,25.0,60.4,123.10000000000001,23.2,21.7,21.9,255,9,-0.9474042892438845,-0.32003923622313857,1
2023-09-13,5.8,21.6,26.6,17.3,9.9,7.5,0.6,0.0,8.4,3.3,8.4,17.999999999999996,26.7,61.0,132.0,21.2,21.8,20.9,256,9,-0.9527692922168511,-0.30369503751065885,1
2023-09-14,0.1,23.2,28.1,18.6,5.8,9.9,7.5,3.3,5.7,0.0,10.6,23.199999999999996,32.5,58.39999999999999,129.4,21.6,22.5,19.7,257,9,-0.9578523554276669,-0.28726097055059635,0
2023-09-15,5.2,23.0,27.7,19.5,0.1,5.8,9.9,5.4,4.0,0.2,4.4,15.799999999999997,29.299999999999997,52.8,118.9,23.2,21.7,21.3,258,9,-0.9626519747161487,-0.2707418984477642,1
2023-09-16,1.4,22.5,27.7,18.2,5.2,0.1,5.8,0.0,2.0,0.0,5.4,11.099999999999996,29.1,54.0,119.7,23.0,22.4,21.8,259,9,-0.9671667297977312,-0.2541427094613622,1
2023-09-17,0.4,23.4,28.5,18.8,1.4,5.2,0.1,0.6,2.7,0.1,6.0,6.699999999999996,30.5,53.4,115.69999999999999,22.5,23.5,22.8,260,9,-0.97139528468375,-0.23746831555846842,1
2023-09-18,0.0,24.0,29.2,19.4,0.4,1.4,5.2,7.5,3.3,0.6,16.8,6.9999999999999964,30.299999999999997,51.099999999999994,110.1,23.4,23.2,23.7,261,9,-0.9753363880767837,-0.2207236509605022,0
2023-09-19,0.0,22.9,28.0,17.6,0.0,0.4,1.4,9.9,8.2,9.3,5.9,1.7999999999999963,22.799999999999997,47.8,93.3,24.0,21.2,21.7,262,9,-0.9789888737409319,-0.20391367068311472,0
2023-09-20,4.5,23.3,28.7,19.1,0.0,0.0,0.4,5.8,0.0,8.4,3.3,0.39999999999999647,12.9,39.599999999999994,87.39999999999999,22.9,21.6,21.8,263,9,-0.9823516608469237,-0.18704334906991657,1
2023-09-21,0.1,23.5,30.0,17.3,4.5,0.0,0.0,0.1,3.3,5.7,0.0,4.4999999999999964,11.6,44.099999999999994,88.6,23.3,23.2,22.5,264,9,-0.9854237542919524,-0.17011767832049052,0
2023-09-22,0.0,24.2,30.6,18.2,0.1,4.5,0.0,5.2,5.4,4.0,0.2,4.599999999999996,11.6,40.9,88.69999999999999,23.5,23.0,21.7,265,9,-0.9882042449941422,-0.15314166701312007,0
2023-09-23,0.0,25.9,31.1,21.4,0.0,0.1,4.5,1.4,0.0,2.0,0.0,4.599999999999996,6.3999999999999995,35.5,88.49999999999999,24.2,22.5,22.4,266,9,-0.9906923101615609,-0.13612033862266704,0
2023-09-24,0.0,25.1,31.0,19.3,0.0,0.0,0.1,0.4,0.6,2.7,0.1,0.09999999999999645,5.0,35.5,88.49999999999999,25.9,23.4,23.5,267,9,-0.9928872135356962,-0.11905873003404988,0
2023-09-25,0.0,24.0,30.8,18.4,0.0,0.0,0.0,0.0,7.5,3.3,0.6,0.0,4.6,34.9,88.39999999999999,25.1,24.0,23.2,268,9,-0.994788305609327,-0.10196189005174576,0
2023-09-26,0.2,22.8,29.4,17.7,0.0,0.0,0.0,0.0,9.9,8.2,9.3,0.0,4.6,27.4,87.8,24.0,22.9,21.2,269,9,-0.9963950238187231,-0.08483487790576538,1
2023-09-27,0.0,24.3,30.6,17.7,0.2,0.0,0.0,4.5,5.8,0.0,8.4,0.19999999999999646,4.8,17.7,78.69999999999999,22.8,23.3,21.6,270,9,-0.9977068927101168,-0.06768276175455162,0
2023-09-28,0.0,25.0,31.4,20.0,0.0,0.2,0.0,0.1,0.1,3.3,5.7,0.19999999999999646,0.30000000000000004,11.899999999999999,70.3,24.3,23.5,23.2,271,9,-0.9987235240803972,-0.050510617185222886,0
2023-09-29,0.2,25.8,31.5,19.2,0.0,0.0,0.2,0.0,5.2,5.4,4.0,0.19999999999999646,0.2,11.799999999999999,64.6,25.0,24.2,23.0,272,9,-0.9994446170919858,-0.033323525711631344,1
2023-09-30,0.0,25.9,32.2,20.4,0.2,0.0,0.0,0.0,1.4,0.0,2.0,0.19999999999999646,0.4,6.8,60.8,25.8,25.9,22.5,273,9,-0.9998699583618592,-0.016126573270657762,0
2023-10-01,0.0,25.8,32.7,19.9,0.0,0.2,0.0,0.0,0.4,0.6,2.7,0.19999999999999646,0.4,5.4,58.8,25.9,25.1,23.4,274,10,-0.9999994220246925,0.001075151282798226,0
2023-10-02,0.0,26.1,32.5,19.0,0.0,0.0,0.2,0.0,0.0,7.5,3.3,0.19999999999999646,0.4,5.0,56.099999999999994,25.8,24.0,24.0,275,10,-0.999832969770105,0.018276557681691223,0
2023-10-03,0.0,27.1,32.8,21.9,0.0,0.0,0.0,0.2,0.0,9.9,8.2,0.0,0.4,5.0,52.8,26.1,22.8,22.9,276,10,-0.9993706508539969,0.03547255575312556,0
2023-10-04,0.0,27.4,32.8,23.6,0.0,0.0,0.0,0.0,4.5,5.8,0.0,0.0,0.2,5.0,44.599999999999994,27.1,24.3,23.3,277,10,-0.9986126020839734,0.052658056924614005,0
2023-10-05,0.0,27.7,32.9,24.0,0.0,0.0,0.0,0.0,0.1,0.1,3.3,0.0,0.2,0.5,44.599999999999994,27.4,25.0,23.5,278,10,-0.9975590477788613,0.06982797572987089,0
2023-10-06,0.0,27.9,33.2,23.8,0.0,0.0,0.0,0.2,0.0,5.2,5.4,0.0,0.2,0.4,41.3,27.7,25.8,24.2,279,10,-0.9962102997023297,0.0869772313136861,0
2023-10-07,0.0,28.0,33.0,24.8,0.0,0.0,0.0,0.0,0.0,1.4,0.0,0.0,0.0,0.4,35.9,27.9,25.9,25.9,280,10,-0.9945667569706337,0.1041007489354256,0
2023-10-08,0.0,28.1,33.3,24.2,0.0,0.0,0.0,0.0,0.0,0.4,0.6,0.0,0.0,0.4,35.9,28.0,25.8,25.1,281,10,-0.9926289059345095,0.121193461470736,0
2023-10-09,0.0,27.7,33.5,22.3,0.0,0.0,0.0,0.0,0.0,0.0,7.5,0.0,0.0,0.4,35.3,28.1,26.1,24.0,282,10,-0.9903973200352558,0.1382503109109819,0
2023-10-10,0.0,28.6,33.7,24.8,0.0,0.0,0.0,0.0,0.2,0.0,9.9,0.0,0.0,0.4,27.799999999999997,27.7,27.1,22.8,283,10,-0.9878726596350429,0.15526624985999563,0
2023-10-11,0.0,28.4,34.3,24.0,0.0,0.0,0.0,0.0,0.0,4.5,5.8,0.0,0.0,0.2,17.9,28.6,27.4,24.3,284,10,-0.9850556718215013,0.172236243027682,0
2023-10-12,0.0,27.4,32.7,21.7,0.0,0.0,0.0,0.0,0.0,0.1,0.1,0.0,0.0,0.2,12.1,28.4,27.7,25.0,285,10,-0.981947190186646,0.18915526872004093,0
2023-10-13,0.0,27.6,32.5,23.0,0.0,0.0,0.0,0.0,0.2,0.0,5.2,0.0,0.0,0.2,12.0,27.4,27.9,25.8,286,10,-0.9785481345802031,0.20601832032517084,0
2023-10-14,0.0,27.7,33.0,23.1,0.0,0.0,0.0,0.0,0.0,0.0,1.4,0.0,0.0,0.0,6.8,27.6,28.0,25.9,287,10,-0.9748595108374125,0.22282040779479959,0
2023-10-15,0.0,27.6,32.5,23.4,0.0,0.0,0.0,0.0,0.0,0.0,0.4,0.0,0.0,0.0,5.4,27.7,28.1,25.8,288,10,-0.9708824104813836,0.23955655912092708,0
2023-10-16,0.0,27.8,33.1,23.4,0.0,0.0,0.0,0.0,0.0,0.0,0.0,0.0,0.0,0.0,5.0,27.6,27.7,26.1,289,10,-0.9666180104000972,0.2562218218071163,0
2023-10-17,0.9,25.6,30.0,21.4,0.0,0.0,0.0,0.0,0.0,0.2,0.0,0.0,0.0,0.0,5.0,27.8,28.6,27.1,290,10,-0.9620675724981452,0.27281126433401914,1
2023-10-18,0.0,25.9,33.3,18.4,0.9,0.0,0.0,0.0,0.0,0.0,4.5,0.8999999999999965,0.9,0.9,5.9,25.6,28.4,27.4,291,10,-0.957232443323312,0.28931997761869527,0
2023-10-19,0.0,26.4,31.8,22.0,0.0,0.9,0.0,0.0,0.0,0.0,0.1,0.8999999999999965,0.9,0.9,1.4,25.9,27.4,27.7,292,10,-0.9521140536681102,0.3057430764672831,0
2023-10-20,1.0,23.6,30.1,19.3,0.0,0.0,0.9,0.0,0.0,0.2,0.0,0.8999999999999965,0.9,0.9,1.2999999999999998,26.4,27.6,27.9,293,10,-0.9467139181463862,0.3220757010206104,1
2023-10-21,0.3,24.3,31.1,18.4,1.0,0.0,0.0,0.0,0.0,0.0,0.0,0.9999999999999964,1.9,1.9,2.3,23.6,27.7,28.0,294,10,-0.9410336347451197,0.3383130181923076,1
2023-10-22,0.1,25.2,30.4,19.3,0.3,1.0,0.0,0.0,0.0,0.0,0.0,1.2999999999999965,2.2,2.2,2.5999999999999996,24.3,27.6,28.1,295,10,-0.9350748843515574,0.3544502230989869,0
2023-10-23,5.3,24.3,30.2,19.1,0.1,0.3,1.0,0.0,0.0,0.0,0.0,1.3999999999999964,2.3,2.3,2.6999999999999997,25.2,27.8,27.7,296,10,-0.9288394302558068,0.3704825404820963,1
2023-10-24,0.0,25.8,31.6,20.4,5.3,0.1,0.3,0.9,0.0,0.0,0.2,5.699999999999996,7.6,7.6,8.0,24.3,25.6,28.6,297,10,-0.9223291176290545,0.3864052261209853,0
2023-10-25,5.5,24.9,31.6,19.8,0.0,5.3,0.1,0.0,0.0,0.0,0.0,5.399999999999997,6.699999999999999,7.6,7.799999999999999,25.8,25.9,28.4,298,10,-0.9155458729775467,0.40221356823680365,1
2023-10-26,0.0,24.0,28.7,18.3,5.5,0.0,5.3,0.0,0.0,0.0,0.0,10.799999999999997,12.2,13.1,13.299999999999999,24.9,26.4,27.4,299,10,-0.9084917035725082,0.41790288888678667,0
2023-10-27,0.5,24.3,30.4,19.5,0.0,5.5,0.0,1.0,0.0,0.0,0.2,5.4999999999999964,12.2,13.1,13.299999999999999,24.0,23.6,27.6,300,10,-0.9011686968561569,0.4334685453485363,1
2023-10-28,10.8,20.3,24.7,17.6,0.5,0.0,5.5,0.3,0.0,0.0,0.0,5.9999999999999964,11.7,13.6,13.6,24.3,24.3,27.7,301,10,-0.8935790198239952,0.4489059314938798,1
2023-10-29,2.4,22.6,28.2,17.4,10.8,0.5,0.0,0.1,0.0,0.0,0.0,11.299999999999997,22.200000000000003,24.4,24.4,20.3,25.2,27.6,302,10,-0.8857249183835637,0.4642104791518923,1
2023-10-30,0.0,23.5,29.8,19.6,2.4,10.8,0.5,5.3,0.0,0.0,0.0,13.699999999999998,24.5,26.8,26.8,22.6,24.3,27.8,303,10,-0.8776087166898392,0.4793776594606945,0
2023-10-31,0.2,24.3,30.9,18.6,0.0,2.4,10.8,0.0,0.9,0.0,0.0,13.199999999999998,19.200000000000003,26.8,26.8,23.5,25.8,25.6,304,10,-0.8692328164574792,0.49440298420761813,1
2023-11-01,0.0,25.6,31.2,21.7,0.2,0.0,2.4,5.5,0.0,0.0,0.0,2.5999999999999965,19.400000000000002,26.1,27.0,24.3,24.9,25.9,305,11,-0.8605996962501181,0.5092820071573356,0
2023-11-02,0.0,26.2,32.0,21.3,0.0,0.2,0.0,0.0,0.0,0.0,0.0,0.19999999999999646,13.9,26.1,27.0,25.6,24.0,26.4,306,11,-0.8517119107469189,0.5240103253675756,0
2023-11-03,0.0,25.5,31.9,19.7,0.0,0.0,0.2,0.5,1.0,0.0,0.0,0.19999999999999646,13.9,26.1,27.0,26.2,24.3,23.6,307,11,-0.8425720899866032,0.5385835804920232,0
2023-11-04,14.3,23.3,31.7,19.6,0.0,0.0,0.0,10.8,0.3,0.0,0.0,0.0,13.4,25.1,27.0,25.5,20.3,24.3,308,11,-0.8331829385891785,0.5529974600700271,1
2023-11-05,0.9,22.5,28.7,19.1,14.3,0.0,0.0,2.4,0.1,0.0,0.0,14.299999999999997,16.9,39.1,41.3,23.3,22.6,25.2,309,11,-0.8235472349556007,0.5672476988027229,1
2023-11-06,0.4,23.0,29.0,18.7,0.9,14.3,0.0,0.0,5.3,0.0,0.0,15.199999999999998,15.4,39.9,42.2,22.5,23.5,24.3,310,11,-0.8136678304455991,0.5813300798152042,1
2023-11-07,6.1,22.5,30.0,18.3,0.4,0.9,14.3,0.2,0.0,0.9,0.0,15.599999999999998,15.8,35.0,42.6,23.0,24.3,25.8,311,11,-0.8035476485339116,0.5952404359043674,1
2023-11-08,0.8,21.7,28.1,18.1,6.1,0.4,0.9,0.0,5.5,0.0,0.0,7.399999999999996,21.7,41.1,48.7,22.5,25.6,24.9,312,11,-0.7931896839451843,0.6089746507720486,1
2023-11-09,2.3,21.8,27.9,17.2,0.8,6.1,0.4,0.0,0.0,0.0,0.0,7.299999999999995,22.5,36.400000000000006,49.5,21.7,26.2,24.0,313,11,-0.7825970017677834,0.6225286602431057,1
2023-11-10,2.3,20.7,26.2,16.5,2.3,0.8,6.1,0.0,0.5,1.0,0.0,9.199999999999996,24.8,38.7,51.8,21.8,25.5,24.3,314,11,-0.7717727365467837,0.6358984534680745,1
2023-11-11,0.0,24.0,30.6,18.0,2.3,2.3,0.8,14.3,10.8,0.3,0.0,5.399999999999996,27.1,40.5,54.1,20.7,23.3,20.3,315,11,-0.7607200913564104,0.6490800741100398,0
2023-11-12,0.0,25.1,31.1,21.0,0.0,2.3,2.3,0.9,2.4,0.1,0.0,4.599999999999996,12.799999999999999,29.699999999999996,54.1,24.0,22.5,22.6,316,11,-0.7494423368521953,0.6620696215153815,0
2023-11-13,0.0,25.7,31.4,21.8,0.0,0.0,2.3,0.4,0.0,5.3,0.0,2.2999999999999963,11.899999999999999,27.299999999999997,54.1,25.1,23.0,23.5,317,11,-0.7379428103031386,0.6748632518680403,0
2023-11-14,0.0,26.6,32.8,20.3,0.0,0.0,0.0,6.1,0.2,0.0,0.9,0.0,11.499999999999998,27.299999999999997,54.1,25.7,22.5,24.3,318,11,-0.7262249146041543,0.6874571793269664,0
2023-11-15,0.0,25.9,32.4,19.1,0.0,0.0,0.0,0.8,0.0,5.5,0.0,0.0,5.3999999999999995,27.1,53.2,26.6,21.7,25.6,319,11,-0.7142921172691032,0.699847677146407,0
2023-11-16,0.0,26.2,32.8,20.1,0.0,0.0,0.0,2.3,0.0,0.0,0.0,0.0,4.6,27.1,53.2,25.9,21.8,26.2,320,11,-0.7021479494046978,0.7120310787787131,0
2023-11-17,0.0,26.5,33.2,21.1,0.0,0.0,0.0,2.3,0.0,0.5,1.0,0.0,2.3,27.1,53.2,26.2,20.7,25.5,321,11,-0.6897960046655887,0.7240037789593305,0
2023-11-18,0.0,26.9,32.9,21.7,0.0,0.0,0.0,0.0,14.3,10.8,0.3,0.0,0.0,27.1,52.2,26.5,24.0,23.3,322,11,-0.6772399381909491,0.7357622347736527,0
2023-11-19,0.6,24.9,30.7,21.2,0.0,0.0,0.0,0.0,0.9,2.4,0.1,0.0,0.0,12.799999999999999,51.9,26.9,25.1,22.5,323,11,-0.6644834655228552,0.7473029667054297,1
2023-11-20,8.2,24.0,30.7,18.6,0.6,0.0,0.0,0.0,0.4,0.0,5.3,0.5999999999999964,0.6,12.499999999999998,52.400000000000006,24.9,25.7,23.0,324,11,-0.6515303615068021,0.75862255966641,1
2023-11-21,0.4,24.3,30.7,17.7,8.2,0.6,0.0,0.0,6.1,0.2,0.0,8.799999999999995,8.799999999999999,20.299999999999997,55.3,24.0,26.6,22.5,325,11,-0.6383844591746642,0.769717664006921,1
2023-11-22,0.0,25.7,32.5,20.0,0.4,8.2,0.6,0.0,0.8,0.0,5.5,9.199999999999996,9.2,14.6,55.699999999999996,24.3,25.9,21.7,326,11,-0.6250496486104377,0.7805849965070866,0
2023-11-23,0.0,26.5,32.9,22.3,0.0,0.4,8.2,0.0,2.3,0.0,0.0,8.599999999999996,9.2,13.799999999999999,50.199999999999996,25.7,26.2,21.8,327,11,-0.6115298757991053,0.7912213413483807,0
2023-11-24,0.0,26.7,32.9,21.6,0.0,0.0,0.4,0.0,2.3,0.0,0.5,0.39999999999999647,9.2,11.5,50.199999999999996,26.5,26.5,20.7,328,11,-0.5978291414589552,0.801623551065242,0
2023-11-25,0.0,26.6,33.3,21.9,0.0,0.0,0.0,0.0,0.0,14.3,10.8,0.0,9.2,9.2,49.699999999999996,26.7,26.9,24.0,329,11,-0.5839514998576998,0.8117885474764613,0
2023-11-26,0.0,26.3,32.6,21.9,0.0,0.0,0.0,0.6,0.0,0.9,2.4,0.0,9.2,9.2,38.89999999999999,26.6,24.9,25.1,330,11,-0.5699010576127624,0.821713322596059,0
2023-11-27,0.0,26.2,32.8,22.0,0.0,0.0,0.0,8.2,0.0,0.4,0.0,0.0,8.6,9.2,36.49999999999999,26.3,24.0,25.7,331,11,-0.5556819724760489,0.8313949395234058,0
2023-11-28,0.0,25.6,31.9,21.5,0.0,0.0,0.0,0.4,0.0,6.1,0.2,0.0,0.4,9.2,36.49999999999999,26.2,24.3,26.6,332,11,-0.5412984521036173,0.8408305333122887,0
2023-11-29,0.0,25.2,32.2,20.0,0.0,0.0,0.0,0.0,0.0,0.8,0.0,0.0,0.0,9.2,36.3,25.6,25.7,25.9,333,11,-0.5267547528105542,0.8500173118187018,0
2023-11-30,0.0,25.3,32.3,19.9,0.0,0.0,0.0,0.0,0.0,2.3,0.0,0.0,0.0,9.2,36.3,25.2,26.5,26.2,334,11,-0.5120551783114646,0.8589525565270845,0
2023-12-01,0.0,25.7,31.9,21.3,0.0,0.0,0.0,0.0,0.0,2.3,0.0,0.0,0.0,9.2,36.3,25.3,26.7,26.5,335,12,-0.4972040784469378,0.8676336233547726,0
2023-12-02,0.0,25.8,32.1,21.0,0.0,0.0,0.0,0.0,0.0,0.0,14.3,0.0,0.0,9.2,36.3,25.7,26.6,26.9,336,12,-0.4822058478963526,0.8760579434344281,0
2023-12-03,0.0,26.3,31.7,20.6,0.0,0.0,0.0,0.0,0.6,0.0,0.9,0.0,0.0,9.2,21.999999999999993,25.8,26.3,24.9,337,12,-0.46706492487743034,0.8842230238742036,0
2023-12-04,0.0,25.5,32.0,20.2,0.0,0.0,0.0,0.0,8.2,0.0,0.4,0.0,0.0,8.6,21.099999999999994,26.3,26.2,24.0,338,12,-0.451785789832884,0.8921264484954345,0
2023-12-05,0.0,24.9,31.1,18.5,0.0,0.0,0.0,0.0,0.4,0.0,6.1,0.0,0.0,0.4,20.699999999999996,25.5,25.6,24.3,339,12,-0.4363729641045924,0.8997658785476209,0
2023-12-06,0.0,24.7,30.9,19.4,0.0,0.0,0.0,0.0,0.0,0.0,0.8,0.0,0.0,0.0,14.599999999999996,24.9,25.2,25.7,340,12,-0.42083100859565564,0.9071390534005044,0
2023-12-07,0.0,24.1,30.4,17.4,0.0,0.0,0.0,0.0,0.0,0.0,2.3,0.0,0.0,0.0,13.799999999999997,24.7,25.3,26.5,341,12,-0.4051645224207563,0.9142437912130223,0
2023-12-08,0.0,23.6,30.0,17.3,0.0,0.0,0.0,0.0,0.0,0.0,2.3,0.0,0.0,0.0,11.499999999999996,24.1,25.7,26.7,342,12,-0.3893781415452015,0.9210779895789526,0
2023-12-09,0.0,23.5,29.5,16.3,0.0,0.0,0.0,0.0,0.0,0.0,0.0,0.0,0.0,0.0,9.199999999999998,23.6,25.8,26.6,343,12,-0.37347653741307074,0.9276396261490467,0
2023-12-10,0.0,24.3,30.5,17.6,0.0,0.0,0.0,0.0,0.0,0.6,0.0,0.0,0.0,0.0,9.199999999999998,23.5,26.3,26.3,344,12,-0.3574644155648614,0.9339267592294762,0
2023-12-11,0.0,23.8,30.3,17.6,0.0,0.0,0.0,0.0,0.0,8.2,0.0,0.0,0.0,0.0,9.199999999999998,24.3,25.5,26.2,345,12,-0.34134651424503615,0.9399375283564133,0
2023-12-12,0.0,23.4,29.2,17.2,0.0,0.0,0.0,0.0,0.0,0.4,0.0,0.0,0.0,0.0,9.199999999999998,23.8,24.9,25.6,346,12,-0.3251276029999093,0.9456701548465688,0
2023-12-13,0.0,22.2,28.4,16.5,0.0,0.0,0.0,0.0,0.0,0.0,0.0,0.0,0.0,0.0,9.199999999999998,23.4,24.7,25.2,347,12,-0.30881248126625377,0.9511229423235357,0
2023-12-14,0.0,22.7,30.5,14.9,0.0,0.0,0.0,0.0,0.0,0.0,0.0,0.0,0.0,0.0,9.199999999999998,22.2,24.1,25.3,348,12,-0.29240597695107734,0.9562942772197719,0
2023-12-15,0.0,24.4,31.7,17.7,0.0,0.0,0.0,0.0,0.0,0.0,0.0,0.0,0.0,0.0,9.199999999999998,22.7,23.6,25.7,349,12,-0.27591294500296043,0.9611826292540837,0
2023-12-16,0.0,25.2,31.5,20.1,0.0,0.0,0.0,0.0,0.0,0.0,0.0,0.0,0.0,0.0,9.199999999999998,24.4,23.5,25.8,350,12,-0.2593382659754056,0.9657865518844574,0
2023-12-17,0.0,24.6,31.1,19.0,0.0,0.0,0.0,0.0,0.0,0.0,0.6,0.0,0.0,0.0,9.199999999999998,25.2,24.3,26.3,351,12,-0.2426868445825954,0.9701046827361175,0
2023-12-18,0.0,24.7,30.9,19.3,0.0,0.0,0.0,0.0,0.0,0.0,8.2,0.0,0.0,0.0,8.599999999999998,24.6,23.8,25.5,352,12,-0.22596360824801906,0.974135744004672,0
2023-12-19,0.0,24.0,30.1,17.9,0.0,0.0,0.0,0.0,0.0,0.0,0.4,0.0,0.0,0.0,0.39999999999999825,24.7,23.4,24.9,353,12,-0.20917350564635637,0.9778785428342386,0
2023-12-20,0.0,24.7,30.4,17.7,0.0,0.0,0.0,0.0,0.0,0.0,0.0,0.0,0.0,0.0,0.0,24.0,22.2,24.7,354,12,-0.19232150523909483,0.9813319716704275,0
2023-12-21,0.0,24.6,31.2,17.6,0.0,0.0,0.0,0.0,0.0,0.0,0.0,0.0,0.0,0.0,0.0,24.7,22.7,24.1,355,12,-0.17541259380427843,0.9844950085880858,0
2023-12-22,0.0,25.1,32.4,17.9,0.0,0.0,0.0,0.0,0.0,0.0,0.0,0.0,0.0,0.0,0.0,24.6,24.4,23.6,356,12,-0.15845177496083632,0.9873667175937016,0
2023-12-23,0.0,24.7,31.3,19.2,0.0,0.0,0.0,0.0,0.0,0.0,0.0,0.0,0.0,0.0,0.0,25.1,25.2,23.5,357,12,-0.14144406768794202,0.9899462489023779,0
2023-12-24,0.0,24.8,32.5,18.2,0.0,0.0,0.0,0.0,0.0,0.0,0.0,0.0,0.0,0.0,0.0,24.7,24.6,24.3,358,12,-0.12439450483979998,0.9922328391893008,0
2023-12-25,0.0,25.1,32.2,17.8,0.0,0.0,0.0,0.0,0.0,0.0,0.0,0.0,0.0,0.0,0.0,24.8,24.7,23.8,359,12,-0.10730813165636247,0.9942258118156161,0
2023-12-26,0.0,26.0,31.6,20.4,0.0,0.0,0.0,0.0,0.0,0.0,0.0,0.0,0.0,0.0,0.0,25.1,24.0,23.4,360,12,-0.09019000427034513,0.9959245770286599,0
2023-12-27,0.0,25.5,32.1,20.6,0.0,0.0,0.0,0.0,0.0,0.0,0.0,0.0,0.0,0.0,0.0,26.0,24.7,22.2,361,12,-0.07304518821104743,0.9973286321364752,0
2023-12-28,0.0,24.3,30.1,19.7,0.0,0.0,0.0,0.0,0.0,0.0,0.0,0.0,0.0,0.0,0.0,25.5,24.6,22.7,362,12,-0.05587875690537313,0.9984375616565666,0
2023-12-29,0.0,23.6,29.8,18.0,0.0,0.0,0.0,0.0,0.0,0.0,0.0,0.0,0.0,0.0,0.0,24.3,25.1,24.4,363,12,-0.03869579017652689,0.9992510374388481,0
2023-12-30,0.0,23.7,30.1,17.1,0.0,0.0,0.0,0.0,0.0,0.0,0.0,0.0,0.0,0.0,0.0,23.6,24.7,25.2,364,12,-0.021501372740813793,0.999768818762748,0
2023-12-31,0.0,23.3,30.2,17.4,0.0,0.0,0.0,0.0,0.0,0.0,0.0,0.0,0.0,0.0,0.0,23.7,24.8,24.6,365,12,-0.004300592702981974,0.9999907524084426,0
2024-01-01,0.0,23.4,30.5,17.0,0.0,0.0,0.0,0.0,0.0,0.0,0.0,0.0,0.0,0.0,0.0,23.3,25.1,24.7,1,1,0.017201575418260506,0.9998520419557735,0
2024-01-02,0.0,22.7,30.0,16.3,0.0,0.0,0.0,0.0,0.0,0.0,0.0,0.0,0.0,0.0,0.0,23.4,26.0,24.0,2,1,0.03439806061360801,0.9994082116062598,0
2024-01-03,0.0,22.5,30.5,15.8,0.0,0.0,0.0,0.0,0.0,0.0,0.0,0.0,0.0,0.0,0.0,22.7,25.5,24.7,3,1,0.051584366869408364,0.9986686402879997,0
2024-01-04,0.0,23.0,30.6,16.8,0.0,0.0,0.0,0.0,0.0,0.0,0.0,0.0,0.0,0.0,0.0,22.5,24.3,24.6,4,1,0.06875540848113941,0.9976335468520451,0
2024-01-05,0.0,22.4,28.9,15.8,0.0,0.0,0.0,0.0,0.0,0.0,0.0,0.0,0.0,0.0,0.0,23.0,23.6,25.1,5,1,0.08590610426133272,0.9963032375991965,0
2024-01-06,0.0,22.5,29.2,16.1,0.0,0.0,0.0,0.0,0.0,0.0,0.0,0.0,0.0,0.0,0.0,22.4,23.7,24.7,6,1,0.10303137904317879,0.9946781061893646,0
2024-01-07,0.0,22.9,30.0,16.4,0.0,0.0,0.0,0.0,0.0,0.0,0.0,0.0,0.0,0.0,0.0,22.5,23.3,24.8,7,1,0.1201261651823505,0.9927586335250793,0
2024-01-08,0.0,23.4,30.3,16.7,0.0,0.0,0.0,0.0,0.0,0.0,0.0,0.0,0.0,0.0,0.0,22.9,23.4,25.1,8,1,0.13718540405660057,0.9905453876091833,0
2024-01-09,0.0,23.9,30.8,17.7,0.0,0.0,0.0,0.0,0.0,0.0,0.0,0.0,0.0,0.0,0.0,23.4,22.7,26.0,9,1,0.1542040475626894,0.988039023376751,0
2024-01-10,0.0,24.0,30.7,17.6,0.0,0.0,0.0,0.0,0.0,0.0,0.0,0.0,0.0,0.0,0.0,23.9,22.5,25.5,10,1,0.17117705961019986,0.985240282501282,0
2024-01-11,0.0,23.9,30.7,17.1,0.0,0.0,0.0,0.0,0.0,0.0,0.0,0.0,0.0,0.0,0.0,24.0,23.0,24.3,11,1,0.18809941761179758,0.9821499931752291,0
2024-01-12,0.0,23.1,30.9,15.6,0.0,0.0,0.0,0.0,0.0,0.0,0.0,0.0,0.0,0.0,0.0,23.9,22.4,23.6,12,1,0.20496611396949532,0.9787690698649216,0
2024-01-13,0.0,23.8,31.0,16.8,0.0,0.0,0.0,0.0,0.0,0.0,0.0,0.0,0.0,0.0,0.0,23.1,22.5,23.7,13,1,0.22177215755648186,0.975098513039961,0
2024-01-14,0.0,23.6,30.6,16.8,0.0,0.0,0.0,0.0,0.0,0.0,0.0,0.0,0.0,0.0,0.0,23.8,22.9,23.3,14,1,0.23851257519407648,0.9711394088771653,0
2024-01-15,0.0,24.0,30.7,16.8,0.0,0.0,0.0,0.0,0.0,0.0,0.0,0.0,0.0,0.0,0.0,23.6,23.4,23.4,15,1,0.2551824131233728,0.9668929289391521,0
2024-01-16,0.0,24.4,31.8,17.4,0.0,0.0,0.0,0.0,0.0,0.0,0.0,0.0,0.0,0.0,0.0,24.0,23.9,22.7,16,1,0.2717767384711357,0.9623603298276545,0
2024-01-17,0.0,24.2,31.2,17.3,0.0,0.0,0.0,0.0,0.0,0.0,0.0,0.0,0.0,0.0,0.0,24.4,24.0,22.5,17,1,0.2882906407095177,0.9575429528116719,0
2024-01-18,0.0,23.5,30.2,17.3,0.0,0.0,0.0,0.0,0.0,0.0,0.0,0.0,0.0,0.0,0.0,24.2,23.9,23.0,18,1,0.3047192331091634,0.9524422234305676,0
2024-01-19,0.0,22.9,29.3,16.5,0.0,0.0,0.0,0.0,0.0,0.0,0.0,0.0,0.0,0.0,0.0,23.5,23.1,22.4,19,1,0.321057654185271,0.9470596510722283,0
2024-01-20,0.0,22.9,30.1,15.6,0.0,0.0,0.0,0.0,0.0,0.0,0.0,0.0,0.0,0.0,0.0,22.9,23.8,22.5,20,1,0.3373010691361842,0.9413968285264122,0
2024-01-21,0.0,24.1,31.1,17.9,0.0,0.0,0.0,0.0,0.0,0.0,0.0,0.0,0.0,0.0,0.0,22.9,23.6,22.9,21,1,0.3534446712740877,0.9354554315134164,0
2024-01-22,0.0,25.1,31.9,18.8,0.0,0.0,0.0,0.0,0.0,0.0,0.0,0.0,0.0,0.0,0.0,24.1,24.0,23.4,22,1,0.3694836834473831,0.9292372181882051,0
2024-01-23,0.0,24.9,32.3,17.9,0.0,0.0,0.0,0.0,0.0,0.0,0.0,0.0,0.0,0.0,0.0,25.1,24.4,23.9,23,1,0.38541335945432564,0.9227440286201427,0
2024-01-24,0.0,25.0,31.9,18.5,0.0,0.0,0.0,0.0,0.0,0.0,0.0,0.0,0.0,0.0,0.0,24.9,24.2,24.0,24,1,0.4012289854475009,0.9159777842484877,0
2024-01-25,0.0,25.7,32.1,19.3,0.0,0.0,0.0,0.0,0.0,0.0,0.0,0.0,0.0,0.0,0.0,25.0,23.5,23.9,25,1,0.4169258813287287,0.908940487313808,0
2024-01-26,0.0,23.4,29.7,18.1,0.0,0.0,0.0,0.0,0.0,0.0,0.0,0.0,0.0,0.0,0.0,25.7,22.9,23.1,26,1,0.4324994021339788,0.901634220265486,0
2024-01-27,0.0,22.3,30.0,15.2,0.0,0.0,0.0,0.0,0.0,0.0,0.0,0.0,0.0,0.0,0.0,23.4,22.9,23.8,27,1,0.44794493940789115,0.8940611451454876,0
2024-01-28,0.0,22.8,30.7,15.2,0.0,0.0,0.0,0.0,0.0,0.0,0.0,0.0,0.0,0.0,0.0,22.3,24.1,23.6,28,1,0.4632579225674917,0.88622350294858,0
2024-01-29,0.0,23.7,30.8,18.0,0.0,0.0,0.0,0.0,0.0,0.0,0.0,0.0,0.0,0.0,0.0,22.8,25.1,24.0,29,1,0.4784338202547012,0.8781236129591848,0
2024-01-30,0.0,23.7,31.2,17.0,0.0,0.0,0.0,0.0,0.0,0.0,0.0,0.0,0.0,0.0,0.0,23.7,24.9,24.4,30,1,0.49346814167723735,0.8697638720650646,0
2024-01-31,0.0,24.2,32.0,16.6,0.0,0.0,0.0,0.0,0.0,0.0,0.0,0.0,0.0,0.0,0.0,23.7,25.0,24.2,31,1,0.5083564379375122,0.8611467540480452,0
2024-02-01,0.0,23.1,31.3,16.0,0.0,0.0,0.0,0.0,0.0,0.0,0.0,0.0,0.0,0.0,0.0,24.2,25.7,23.5,32,2,0.5230943033491326,0.8522748088519838,0
2024-02-02,0.0,22.6,30.6,15.0,0.0,0.0,0.0,0.0,0.0,0.0,0.0,0.0,0.0,0.0,0.0,23.1,23.4,22.9,33,2,0.5376773767406141,0.8431506618282,0
2024-02-03,0.1,23.1,30.1,17.7,0.0,0.0,0.0,0.0,0.0,0.0,0.0,0.0,0.0,0.0,0.0,22.6,22.3,22.9,34,2,0.5521013427459208,0.8337770129585915,0
2024-02-04,0.0,23.9,31.8,16.5,0.1,0.0,0.0,0.0,0.0,0.0,0.0,0.09999999999999645,0.1,0.1,0.09999999999999823,23.1,22.8,24.1,35,2,0.5663619330814524,0.8241566360566663,0
2024-02-05,0.0,24.2,32.0,16.9,0.0,0.1,0.0,0.0,0.0,0.0,0.0,0.09999999999999645,0.1,0.1,0.09999999999999823,23.9,23.7,25.1,36,2,0.580454927809098,0.8142923779467267,0
2024-02-06,0.0,23.3,31.2,16.5,0.0,0.0,0.1,0.0,0.0,0.0,0.0,0.09999999999999645,0.1,0.1,0.09999999999999823,24.2,23.7,24.9,37,2,0.5943761565849831,0.804187157621448,0
2024-02-07,0.0,23.5,31.1,16.2,0.0,0.0,0.0,0.0,0.0,0.0,0.0,0.0,0.1,0.1,0.09999999999999823,23.3,24.2,25.0,38,2,0.6081214998935418,0.7938439653781019,0
2024-02-08,0.0,23.9,30.5,17.4,0.0,0.0,0.0,0.0,0.0,0.0,0.0,0.0,0.1,0.1,0.09999999999999823,23.5,23.1,25.7,39,2,0.6216868902665479,0.7832658619336791,0
2024-02-09,0.0,25.6,31.9,18.5,0.0,0.0,0.0,0.0,0.0,0.0,0.0,0.0,0.1,0.1,0.09999999999999823,23.9,22.6,23.4,40,2,0.6350683134867438,0.7724559775191742,0
2024-02-10,0.0,25.8,32.6,18.7,0.0,0.0,0.0,0.1,0.0,0.0,0.0,0.0,0.1,0.1,0.09999999999999823,25.6,23.1,22.3,41,2,0.6482618097757122,0.7614175109532997,0
2024-02-11,0.0,25.1,32.3,17.4,0.0,0.0,0.0,0.0,0.0,0.0,0.0,0.0,0.0,0.1,0.09999999999999823,25.8,23.9,22.8,42,2,0.6612634749656386,0.7501537286959042,0
2024-02-12,0.0,25.4,32.8,17.5,0.0,0.0,0.0,0.0,0.0,0.0,0.0,0.0,0.0,0.1,0.09999999999999823,25.1,24.2,23.7,43,2,0.6740694616546161,0.7386679638813748,0
2024-02-13,0.0,25.7,32.8,19.5,0.0,0.0,0.0,0.0,0.0,0.0,0.0,0.0,0.0,0.1,0.09999999999999823,25.4,23.3,23.7,44,2,0.6866759803451553,0.726963615332308,0
2024-02-14,0.0,25.9,33.6,18.4,0.0,0.0,0.0,0.0,0.0,0.0,0.0,0.0,0.0,0.1,0.09999999999999823,25.7,23.5,24.2,45,2,0.6990793005655562,0.7150441465537444,0
2024-02-15,0.0,26.1,33.0,18.1,0.0,0.0,0.0,0.0,0.0,0.0,0.0,0.0,0.0,0.1,0.09999999999999823,25.9,23.9,23.1,46,2,0.7112757519738152,0.7029130847082615,0
2024-02-16,0.0,25.5,32.6,19.2,0.0,0.0,0.0,0.0,0.0,0.0,0.0,0.0,0.0,0.1,0.09999999999999823,26.1,25.6,22.6,47,2,0.7232617254437388,0.6905740195722294,0
2024-02-17,0.0,24.9,32.0,17.7,0.0,0.0,0.0,0.0,0.1,0.0,0.0,0.0,0.0,0.1,0.09999999999999823,25.5,25.8,23.1,48,2,0.7350336741329412,0.6780306024735382,0
2024-02-18,0.0,25.3,33.7,18.0,0.0,0.0,0.0,0.0,0.0,0.0,0.0,0.0,0.0,0.0,0.09999999999999823,24.9,25.1,23.9,49,2,0.746588114532413,0.6652865452111116,0
2024-02-19,0.0,24.9,33.4,16.6,0.0,0.0,0.0,0.0,0.0,0.0,0.0,0.0,0.0,0.0,0.09999999999999823,25.3,25.4,24.2,50,2,0.7579216274973472,0.6523456189565257,0
2024-02-20,0.0,25.7,34.2,17.9,0.0,0.0,0.0,0.0,0.0,0.0,0.0,0.0,0.0,0.0,0.09999999999999823,24.9,25.7,23.3,51,2,0.7690308592589181,0.6392116531380588,0
2024-02-21,0.0,27.6,35.5,19.5,0.0,0.0,0.0,0.0,0.0,0.0,0.0,0.0,0.0,0.0,0.09999999999999823,25.7,25.9,23.5,52,2,0.7799125224167177,0.6258885343075018,0
2024-02-22,0.0,28.5,35.7,22.5,0.0,0.0,0.0,0.0,0.0,0.0,0.0,0.0,0.0,0.0,0.09999999999999823,27.6,26.1,23.9,53,2,0.7905633969115482,0.612380204990065,0
2024-02-23,0.0,28.4,35.8,22.7,0.0,0.0,0.0,0.0,0.0,0.0,0.0,0.0,0.0,0.0,0.09999999999999823,28.5,25.5,25.6,54,2,0.8009803309782905,0.5986906625177214,0
2024-02-24,0.0,27.9,34.4,21.8,0.0,0.0,0.0,0.0,0.0,0.1,0.0,0.0,0.0,0.0,0.09999999999999823,28.4,24.9,25.8,55,2,0.8111602420785621,0.5848239578463322,0
2024-02-25,0.0,28.2,36.0,21.4,0.0,0.0,0.0,0.0,0.0,0.0,0.0,0.0,0.0,0.0,0.09999999999999823,27.9,25.3,25.1,56,2,0.8211001178128892,0.5707841943569036,0
2024-02-26,0.0,26.8,34.3,19.9,0.0,0.0,0.0,0.0,0.0,0.0,0.0,0.0,0.0,0.0,0.09999999999999823,28.2,24.9,25.4,57,2,0.8307970168121247,0.5565755266413303,0
2024-02-27,0.0,25.9,33.5,18.3,0.0,0.0,0.0,0.0,0.0,0.0,0.0,0.0,0.0,0.0,0.09999999999999823,26.8,25.7,25.7,58,2,0.8402480696078469,0.5422021592729844,0
2024-02-28,0.0,25.3,33.1,17.7,0.0,0.0,0.0,0.0,0.0,0.0,0.0,0.0,0.0,0.0,0.09999999999999823,25.9,27.6,25.9,59,2,0.8494504794814806,0.527668345562516,0
2024-02-29,0.0,24.8,32.8,17.1,0.0,0.0,0.0,0.0,0.0,0.0,0.0,0.0,0.0,0.0,0.09999999999999823,25.3,28.5,26.1,60,2,0.8584015232918917,0.512978386299228,0
2024-03-01,0.0,26.2,34.2,17.9,0.0,0.0,0.0,0.0,0.0,0.0,0.0,0.0,0.0,0.0,0.09999999999999823,24.8,28.4,25.5,61,3,0.8670985522812081,0.4981366284784055,0
2024-03-02,0.0,26.7,33.8,20.0,0.0,0.0,0.0,0.0,0.0,0.0,0.1,0.0,0.0,0.0,0.09999999999999823,26.2,27.9,24.9,62,3,0.8755389928586302,0.4831474640149687,0
2024-03-03,0.0,26.4,33.5,18.7,0.0,0.0,0.0,0.0,0.0,0.0,0.0,0.0,0.0,0.0,0.0,26.7,28.2,25.3,63,3,0.8837203473619977,0.4680153284438345,0
2024-03-04,0.0,26.6,34.0,19.2,0.0,0.0,0.0,0.0,0.0,0.0,0.0,0.0,0.0,0.0,0.0,26.4,26.8,24.9,64,3,0.8916401947968874,0.45274469960737107,0
2024-03-05,0.0,28.0,35.8,20.2,0.0,0.0,0.0,0.0,0.0,0.0,0.0,0.0,0.0,0.0,0.0,26.6,25.9,25.7,65,3,0.8992961915530253,0.4373400963303323,0
2024-03-06,0.0,27.7,34.0,20.8,0.0,0.0,0.0,0.0,0.0,0.0,0.0,0.0,0.0,0.0,0.0,28.0,25.3,27.6,66,3,0.9066860720977985,0.4218060770826634,0
2024-03-07,0.0,26.8,33.7,20.4,0.0,0.0,0.0,0.0,0.0,0.0,0.0,0.0,0.0,0.0,0.0,27.7,24.8,28.5,67,3,0.9138076496466615,0.40614723863057883,0
2024-03-08,0.0,26.1,33.9,18.8,0.0,0.0,0.0,0.0,0.0,0.0,0.0,0.0,0.0,0.0,0.0,26.8,26.2,28.4,68,3,0.9206588168102428,0.3903682146763026,0
2024-03-09,0.0,26.8,33.8,19.0,0.0,0.0,0.0,0.0,0.0,0.0,0.0,0.0,0.0,0.0,0.0,26.1,26.7,27.9,69,3,0.9272375462179537,0.374473674486883,0
2024-03-10,0.0,28.0,35.5,20.6,0.0,0.0,0.0,0.0,0.0,0.0,0.0,0.0,0.0,0.0,0.0,26.8,26.4,28.2,70,3,0.9335418911179212,0.35846832151248087,0
2024-03-11,0.0,28.8,35.9,22.1,0.0,0.0,0.0,0.0,0.0,0.0,0.0,0.0,0.0,0.0,0.0,28.0,26.6,26.8,71,3,0.9395699859530622,0.342356891994542,0
2024-03-12,0.0,29.2,35.9,22.6,0.0,0.0,0.0,0.0,0.0,0.0,0.0,0.0,0.0,0.0,0.0,28.8,28.0,25.9,72,3,0.945320046913132,0.3261441535642696,0
2024-03-13,0.0,29.2,37.2,23.6,0.0,0.0,0.0,0.0,0.0,0.0,0.0,0.0,0.0,0.0,0.0,29.2,27.7,25.3,73,3,0.9507903724625832,0.3098349038318025,0
2024-03-14,0.0,29.5,36.2,24.2,0.0,0.0,0.0,0.0,0.0,0.0,0.0,0.0,0.0,0.0,0.0,29.2,26.8,24.8,74,3,0.9559793438440766,0.2934339689665273,0
2024-03-15,0.2,30.1,36.4,25.6,0.0,0.0,0.0,0.0,0.0,0.0,0.0,0.0,0.0,0.0,0.0,29.5,26.1,26.2,75,3,0.9608854255574977,0.27694620226893646,1
2024-03-16,0.0,30.2,37.2,25.4,0.2,0.0,0.0,0.0,0.0,0.0,0.0,0.19999999999999646,0.2,0.2,0.19999999999999823,30.1,26.8,26.7,76,3,0.9655071658143364,0.2603764827344581,0
2024-03-17,0.3,28.1,34.2,23.0,0.0,0.2,0.0,0.0,0.0,0.0,0.0,0.19999999999999646,0.2,0.2,0.19999999999999823,30.2,28.0,26.4,77,3,0.969843196967294,0.24372971360968387,1
2024-03-18,0.2,28.0,35.6,21.1,0.3,0.0,0.2,0.0,0.0,0.0,0.0,0.49999999999999645,0.5,0.5,0.4999999999999982,28.1,28.8,26.6,78,3,0.9738922359149924,0.22701082094141847,1
2024-03-19,0.0,26.7,33.1,22.2,0.2,0.3,0.0,0.0,0.0,0.0,0.0,0.49999999999999645,0.7,0.7,0.6999999999999982,28.0,29.2,28.0,79,3,0.9776530844816641,0.2102247521189836,0
2024-03-20,0.0,28.2,35.3,20.8,0.0,0.2,0.3,0.0,0.0,0.0,0.0,0.49999999999999645,0.7,0.7,0.6999999999999982,26.7,29.2,27.7,80,3,0.981124629771712,0.19337647441020586,0
2024-03-21,7.1,26.4,33.7,21.5,0.0,0.0,0.2,0.0,0.0,0.0,0.0,0.19999999999999646,0.7,0.7,0.6999999999999982,28.2,29.5,26.8,81,3,0.984305844499033,0.17647097349152166,1
2024-03-22,0.0,26.3,33.0,20.2,7.1,0.0,0.0,0.2,0.0,0.0,0.0,7.099999999999996,7.8,7.8,7.799999999999998,26.4,30.1,26.1,82,3,0.9871957872910085,0.15951325197263655,0
2024-03-23,0.0,27.0,33.8,22.2,0.0,7.1,0.0,0.0,0.0,0.0,0.0,7.099999999999996,7.6,7.8,7.799999999999998,26.3,30.2,26.8,83,3,0.9897936029670716,0.14250832791617088,0
2024-03-24,0.0,26.6,33.3,20.3,0.0,0.0,7.1,0.3,0.0,0.0,0.0,7.099999999999996,7.6,7.8,7.799999999999998,27.0,28.1,28.0,84,3,0.992098522791769,0.12546123335273648,0
2024-03-25,0.0,25.8,32.8,19.4,0.0,0.0,0.0,0.2,0.0,0.0,0.0,0.0,7.3,7.8,7.799999999999998,26.6,28.0,28.8,85,3,0.9941098647022418,0.10837701279187609,0
2024-03-26,0.0,25.8,33.2,19.0,0.0,0.0,0.0,0.0,0.0,0.0,0.0,0.0,7.1,7.8,7.799999999999998,25.8,26.7,29.2,86,3,0.9958270335100595,0.09126072172931188,0
2024-03-27,0.0,26.9,34.8,18.6,0.0,0.0,0.0,0.0,0.0,0.0,0.0,0.0,7.1,7.8,7.799999999999998,25.8,28.2,29.2,87,3,0.9972495210773451,0.07411742515094437,0
2024-03-28,0.0,27.9,35.5,21.0,0.0,0.0,0.0,7.1,0.0,0.0,0.0,0.0,7.1,7.8,7.799999999999998,26.9,26.4,29.5,88,3,0.998376906467142,0.056952196034039754,0
2024-03-29,0.0,28.2,35.1,20.1,0.0,0.0,0.0,0.0,0.2,0.0,0.0,0.0,0.0,7.8,7.799999999999998,27.9,26.3,30.1,89,3,0.9992088560679753,0.03977011384605572,0
2024-03-30,0.0,28.4,35.5,20.5,0.0,0.0,0.0,0.0,0.0,0.0,0.0,0.0,0.0,7.6,7.799999999999998,28.2,27.0,30.2,90,3,0.9997451236925734,0.022576263041545485,0
2024-03-31,0.0,28.0,34.7,20.7,0.0,0.0,0.0,0.0,0.3,0.0,0.0,0.0,0.0,7.6,7.799999999999998,28.4,26.6,28.1,91,3,0.9999855506507186,0.005375731557583884,0
2024-04-01,0.0,28.1,35.2,21.2,0.0,0.0,0.0,0.0,0.2,0.0,0.0,0.0,0.0,7.3,7.799999999999998,28.0,25.8,28.0,92,4,0.9999300657962057,-0.011826390691832589,0
2024-04-02,0.0,27.0,32.7,22.0,0.0,0.0,0.0,0.0,0.0,0.0,0.0,0.0,0.0,7.1,7.799999999999998,28.1,25.8,26.7,93,4,0.9995786855478958,-0.029025013321975237,0
2024-04-03,0.0,27.1,32.9,20.8,0.0,0.0,0.0,0.0,0.0,0.0,0.0,0.0,0.0,7.1,7.799999999999998,27.0,26.9,28.2,94,4,0.9989315138848577,-0.046215046983708354,0
2024-04-04,0.0,27.7,33.9,21.5,0.0,0.0,0.0,0.0,7.1,0.0,0.0,0.0,0.0,7.1,7.799999999999998,27.1,27.9,26.4,95,4,0.9979887423155984,-0.06339140486951038,0
2024-04-05,0.0,28.8,36.0,21.9,0.0,0.0,0.0,0.0,0.0,0.2,0.0,0.0,0.0,0.0,7.799999999999998,27.7,28.2,26.3,96,4,0.9967506498213929,-0.08054900421874167,0
2024-04-06,0.0,29.4,35.5,23.4,0.0,0.0,0.0,0.0,0.0,0.0,0.0,0.0,0.0,0.0,7.799999999999998,28.8,28.4,27.0,97,4,0.9952176027737294,-0.09768276782171598,0
2024-04-07,0.0,29.8,35.1,23.3,0.0,0.0,0.0,0.0,0.0,0.3,0.0,0.0,0.0,0.0,7.799999999999998,29.4,28.0,26.6,98,4,0.9933900548258936,-0.11478762552212701,0
2024-04-08,0.0,28.8,34.1,23.4,0.0,0.0,0.0,0.0,0.0,0.2,0.0,0.0,0.0,0.0,7.799999999999998,29.8,28.1,25.8,99,4,0.9912685467787256,-0.13185851571739118,0
2024-04-09,0.0,27.8,34.4,20.2,0.0,0.0,0.0,0.0,0.0,0.0,0.0,0.0,0.0,0.0,7.799999999999998,28.8,27.0,25.8,100,4,0.9888537064205885,-0.1488903868564548,0
2024-04-10,0.0,28.2,35.2,21.0,0.0,0.0,0.0,0.0,0.0,0.0,0.0,0.0,0.0,0.0,7.799999999999998,27.8,27.1,26.9,101,4,0.986146248341595,-0.16587819893463143,0
2024-04-11,0.0,29.0,37.4,21.1,0.0,0.0,0.0,0.0,0.0,7.1,0.0,0.0,0.0,0.0,7.799999999999998,28.2,27.7,27.9,102,4,0.9831469737221499,-0.1828169249850199,0
2024-04-12,0.0,29.4,37.1,21.5,0.0,0.0,0.0,0.0,0.0,0.0,0.2,0.0,0.0,0.0,7.799999999999998,29.0,28.8,28.2,103,4,0.9798567700958665,-0.1997015525660636,0
2024-04-13,0.0,29.4,37.1,21.7,0.0,0.0,0.0,0.0,0.0,0.0,0.0,0.0,0.0,0.0,7.599999999999998,29.4,29.4,28.4,104,4,0.9762766110869321,-0.21652708524481437,0
2024-04-14,0.0,29.7,37.0,22.4,0.0,0.0,0.0,0.0,0.0,0.0,0.3,0.0,0.0,0.0,7.599999999999998,29.4,29.8,28.0,105,4,0.9724075561219968,-0.23328854407545518,0
2024-04-15,0.0,29.0,36.0,22.4,0.0,0.0,0.0,0.0,0.0,0.0,0.2,0.0,0.0,0.0,7.299999999999998,29.7,28.8,28.1,106,4,0.9682507501166718,-0.2499809690726521,0
2024-04-16,0.0,28.7,36.0,20.9,0.0,0.0,0.0,0.0,0.0,0.0,0.0,0.0,0.0,0.0,7.099999999999998,29.0,27.8,27.0,107,4,0.9638074231367307,-0.26659942067929354,0
2024-04-17,0.0,29.1,36.0,20.8,0.0,0.0,0.0,0.0,0.0,0.0,0.0,0.0,0.0,0.0,7.099999999999998,28.7,28.2,27.1,108,4,0.9590788900341131,-0.28313898122818354,0
2024-04-18,0.0,29.9,37.5,21.5,0.0,0.0,0.0,0.0,0.0,0.0,7.1,0.0,0.0,0.0,7.099999999999998,29.1,29.0,27.7,109,4,0.9540665500578387,-0.2995947563972602,0
2024-04-19,0.0,29.3,36.4,22.3,0.0,0.0,0.0,0.0,0.0,0.0,0.0,0.0,0.0,0.0,0.0,29.9,29.4,28.8,110,4,0.9487718864399473,-0.31596187665790293,0
2024-04-20,0.0,28.5,36.1,22.9,0.0,0.0,0.0,0.0,0.0,0.0,0.0,0.0,0.0,0.0,0.0,29.3,29.4,29.4,111,4,0.9431964659565866,-0.33223549871590435,0
2024-04-21,0.0,27.9,34.9,19.9,0.0,0.0,0.0,0.0,0.0,0.0,0.0,0.0,0.0,0.0,0.0,28.5,29.7,29.8,112,4,0.9373419384643772,-0.3484108069446808,0
2024-04-22,0.0,28.8,35.6,22.2,0.0,0.0,0.0,0.0,0.0,0.0,0.0,0.0,0.0,0.0,0.0,27.9,29.0,28.8,113,4,0.9312100364121947,-0.3644830148102912,0
2024-04-23,0.0,29.6,36.7,22.7,0.0,0.0,0.0,0.0,0.0,0.0,0.0,0.0,0.0,0.0,0.0,28.8,28.7,27.8,114,4,0.9248025743285089,-0.38044736628785164,0
2024-04-24,0.0,30.4,36.0,23.6,0.0,0.0,0.0,0.0,0.0,0.0,0.0,0.0,0.0,0.0,0.0,29.6,29.1,28.2,115,4,0.9181214482844365,-0.39629913726891813,0
2024-04-25,0.0,30.4,36.6,24.8,0.0,0.0,0.0,0.0,0.0,0.0,0.0,0.0,0.0,0.0,0.0,30.4,29.9,29.0,116,4,0.9111686353326631,-0.41203363695942635,0
2024-04-26,0.0,29.4,34.9,24.8,0.0,0.0,0.0,0.0,0.0,0.0,0.0,0.0,0.0,0.0,0.0,30.4,29.3,29.4,117,4,0.9039461929224011,-0.42764620926777464,0
2024-04-27,0.0,29.7,34.9,24.4,0.0,0.0,0.0,0.0,0.0,0.0,0.0,0.0,0.0,0.0,0.0,29.4,28.5,29.4,118,4,0.8964562582905575,-0.44313223418263453,0
2024-04-28,0.0,30.2,37.8,22.9,0.0,0.0,0.0,0.0,0.0,0.0,0.0,0.0,0.0,0.0,0.0,29.7,27.9,29.7,119,4,0.8887010478292915,-0.45848712914008766,0
2024-04-29,0.0,28.6,34.7,22.7,0.0,0.0,0.0,0.0,0.0,0.0,0.0,0.0,0.0,0.0,0.0,30.2,28.8,29.0,120,4,0.8806828564301475,-0.47370635037968,0
2024-04-30,0.0,28.2,34.7,22.0,0.0,0.0,0.0,0.0,0.0,0.0,0.0,0.0,0.0,0.0,0.0,28.6,29.6,28.7,121,4,0.8724040568049612,-0.48878539428899265,0
2024-05-01,0.0,28.1,34.9,20.5,0.0,0.0,0.0,0.0,0.0,0.0,0.0,0.0,0.0,0.0,0.0,28.2,30.4,29.1,122,5,0.8638670987837349,-0.503719798736334,0
2024-05-02,0.0,28.3,34.9,20.9,0.0,0.0,0.0,0.0,0.0,0.0,0.0,0.0,0.0,0.0,0.0,28.1,30.4,29.9,123,5,0.8550745085896932,-0.518505144391157,0
2024-05-03,0.0,28.6,35.2,20.7,0.0,0.0,0.0,0.0,0.0,0.0,0.0,0.0,0.0,0.0,0.0,28.3,29.4,29.3,124,5,0.8460288880917339,-0.533137056031809,0
2024-05-04,0.0,29.3,36.2,22.0,0.0,0.0,0.0,0.0,0.0,0.0,0.0,0.0,0.0,0.0,0.0,28.6,29.7,28.5,125,5,0.8367329140344921,-0.5476112038402312,0
2024-05-05,0.0,29.2,35.0,21.7,0.0,0.0,0.0,0.0,0.0,0.0,0.0,0.0,0.0,0.0,0.0,29.3,30.2,27.9,126,5,0.8271893372462497,-0.5619233046832195,0
2024-05-06,0.0,28.9,35.7,21.0,0.0,0.0,0.0,0.0,0.0,0.0,0.0,0.0,0.0,0.0,0.0,29.2,28.6,28.8,127,5,0.8174009818249189,-0.5760691233798758,0
2024-05-07,0.0,29.8,36.4,22.1,0.0,0.0,0.0,0.0,0.0,0.0,0.0,0.0,0.0,0.0,0.0,28.9,28.2,29.6,128,5,0.8073707443023492,-0.5900444739548627,0
2024-05-08,0.0,30.2,37.0,22.3,0.0,0.0,0.0,0.0,0.0,0.0,0.0,0.0,0.0,0.0,0.0,29.8,28.1,30.4,129,5,0.7971015927871943,-0.6038452208771035,0
2024-05-09,0.0,30.8,36.9,24.5,0.0,0.0,0.0,0.0,0.0,0.0,0.0,0.0,0.0,0.0,0.0,30.2,28.3,30.4,130,5,0.7865965660866021,-0.6174672802835514,0
2024-05-10,0.0,30.7,36.3,26.1,0.0,0.0,0.0,0.0,0.0,0.0,0.0,0.0,0.0,0.0,0.0,30.8,28.6,29.4,131,5,0.7758587728069828,-0.6309066211876704,0
2024-05-11,0.0,30.7,37.1,26.2,0.0,0.0,0.0,0.0,0.0,0.0,0.0,0.0,0.0,0.0,0.0,30.7,29.3,29.7,132,5,0.7648913904341226,-0.6441592666722685,0
2024-05-12,0.0,32.4,38.0,27.3,0.0,0.0,0.0,0.0,0.0,0.0,0.0,0.0,0.0,0.0,0.0,30.7,29.2,30.2,133,5,0.753697664392914,-0.6572212950663319,0
2024-05-13,0.0,32.9,38.5,27.5,0.0,0.0,0.0,0.0,0.0,0.0,0.0,0.0,0.0,0.0,0.0,32.4,28.9,28.6,134,5,0.742280907086982,-0.6700888411055113,0
2024-05-14,0.0,31.5,37.3,25.7,0.0,0.0,0.0,0.0,0.0,0.0,0.0,0.0,0.0,0.0,0.0,32.9,29.8,28.2,135,5,0.7306444969184916,-0.6827580970759147,0
2024-05-15,0.1,29.0,34.4,24.2,0.0,0.0,0.0,0.0,0.0,0.0,0.0,0.0,0.0,0.0,0.0,31.5,30.2,28.1,136,5,0.7187918772884232,-0.6952253139408722,0
2024-05-16,0.8,27.8,33.9,21.6,0.1,0.0,0.0,0.0,0.0,0.0,0.0,0.09999999999999645,0.1,0.1,0.09999999999999823,29.0,30.8,28.3,137,5,0.7067265555776158,-0.7074868024503348,1
2024-05-17,2.0,29.2,35.4,23.7,0.8,0.1,0.0,0.0,0.0,0.0,0.0,0.8999999999999965,0.9,0.9,0.8999999999999982,27.8,30.7,28.6,138,5,0.6944521021088763,-0.719538934232584,1
2024-05-18,0.2,29.2,36.2,23.2,2.0,0.8,0.1,0.0,0.0,0.0,0.0,2.8999999999999964,2.9,2.9,2.899999999999998,29.2,30.7,29.3,139,5,0.6819721490904629,-0.7313781428679254,1
2024-05-19,0.9,29.6,36.6,23.9,0.2,2.0,0.8,0.0,0.0,0.0,0.0,2.9999999999999964,3.1,3.1,3.0999999999999983,29.2,32.4,29.2,140,5,0.6692903895412567,-0.7430009249440493,1
2024-05-20,1.9,24.7,29.9,20.4,0.9,0.2,2.0,0.0,0.0,0.0,0.0,3.0999999999999965,4.0,4.0,3.9999999999999982,29.6,32.9,28.9,141,5,0.6564105761979381,-0.7544038410927472,1
2024-05-21,0.1,26.4,33.5,20.3,1.9,0.9,0.2,0.0,0.0,0.0,0.0,2.9999999999999964,5.9,5.9,5.899999999999999,24.7,31.5,29.8,142,5,0.6433365204044917,-0.765583517007675,0
2024-05-22,0.0,28.4,33.7,22.5,0.1,1.9,0.9,0.1,0.0,0.0,0.0,2.8999999999999964,6.0,6.0,5.999999999999998,26.4,29.0,30.2,143,5,0.6300720909843687,-0.7765366444428655,0
2024-05-23,0.0,28.8,34.1,22.8,0.0,0.1,1.9,0.8,0.0,0.0,0.0,1.9999999999999964,5.9,6.0,5.999999999999998,28.4,27.8,30.8,144,5,0.6166212130956382,-0.7872599821916922,0
2024-05-24,0.0,27.7,33.9,21.8,0.0,0.0,0.1,2.0,0.0,0.0,0.0,0.09999999999999645,5.1,6.0,5.999999999999998,28.8,29.2,30.7,145,5,0.6029878670694714,-0.7977503570459932,0
2024-05-25,0.0,29.5,34.8,22.8,0.0,0.0,0.0,0.2,0.0,0.0,0.0,0.0,3.1,6.0,5.999999999999998,27.7,29.2,30.7,146,5,0.5891760872322963,-0.8080046647350754,0
2024-05-26,0.0,29.7,34.7,24.9,0.0,0.0,0.0,0.9,0.0,0.0,0.0,0.0,2.9,6.0,5.999999999999998,29.5,29.6,32.4,147,5,0.5751899607119775,-0.8180198708443175,0
2024-05-27,1.6,29.3,34.9,23.0,0.0,0.0,0.0,1.9,0.0,0.0,0.0,0.0,2.0,6.0,5.999999999999998,29.7,24.7,32.9,148,5,0.5610336262283677,-0.8277930117131022,1
2024-05-28,0.0,30.6,36.4,23.6,1.6,0.0,0.0,0.1,0.0,0.0,0.0,1.5999999999999965,1.7000000000000002,7.6,7.599999999999998,29.3,26.4,31.5,149,5,0.5467112728685939,-0.8373211953118121,0
2024-05-29,0.0,29.8,34.6,24.1,0.0,1.6,0.0,0.0,0.1,0.0,0.0,1.5999999999999965,1.6,7.6,7.599999999999998,30.6,28.4,29.0,150,5,0.5322271388474397,-0.8466016020976267,0
2024-05-30,0.0,30.7,37.1,23.1,0.0,0.0,1.6,0.0,0.8,0.0,0.0,1.5999999999999965,1.6,7.5,7.599999999999998,29.8,28.8,27.8,151,5,0.5175855102531889,-0.8556314858488706,0
2024-05-31,0.0,30.6,37.4,24.4,0.0,0.0,0.0,0.0,2.0,0.0,0.0,0.0,1.6,6.699999999999999,7.599999999999998,30.7,27.7,29.2,152,5,0.5027907197793043,-0.8644081744776648,0
2024-06-01,0.0,31.7,38.6,24.9,0.0,0.0,0.0,0.0,0.2,0.0,0.0,0.0,1.6,4.699999999999999,7.599999999999998,30.6,29.5,29.2,153,6,0.4878471454423119,-0.8729290708206411,0
2024-06-02,0.0,30.1,36.2,24.3,0.0,0.0,0.0,0.0,0.9,0.0,0.0,0.0,1.6,4.5,7.599999999999998,31.7,29.7,29.6,154,6,0.47275920928627757,-0.881191653407483,0
2024-06-03,0.0,29.9,34.5,22.7,0.0,0.0,0.0,1.6,1.9,0.0,0.0,0.0,1.6,3.6,7.599999999999998,30.1,29.3,24.7,155,6,0.4575313760742512,-0.8891934772070711,0
2024-06-04,0.0,31.5,37.0,26.0,0.0,0.0,0.0,0.0,0.1,0.0,0.0,0.0,0.0,1.7000000000000002,7.599999999999998,29.9,30.6,26.4,156,6,0.44216815196707204,-0.8969321743510065,0
2024-06-05,0.0,30.5,36.3,25.7,0.0,0.0,0.0,0.0,0.0,0.1,0.0,0.0,0.0,1.6,7.599999999999998,31.5,29.8,28.4,157,6,0.42667408318992467,-0.9044054548343001,0
2024-06-06,0.0,28.7,34.2,23.5,0.0,0.0,0.0,0.0,0.0,0.8,0.0,0.0,0.0,1.6,7.599999999999998,30.5,30.7,28.8,158,6,0.4110537546870351,-0.9116111071930239,0
2024-06-07,0.0,29.5,34.9,22.8,0.0,0.0,0.0,0.0,0.0,2.0,0.0,0.0,0.0,1.6,7.599999999999998,28.7,30.6,27.7,159,6,0.3953117887649151,-0.9185469991587165,0
2024-06-08,0.0,30.4,34.9,25.5,0.0,0.0,0.0,0.0,0.0,0.2,0.0,0.0,0.0,1.6,7.599999999999998,29.5,31.7,29.5,160,6,0.37945284372454435,-0.925211078289358,0
2024-06-09,3.7,27.3,33.8,21.4,0.0,0.0,0.0,0.0,0.0,0.9,0.0,0.0,0.0,1.6,7.599999999999998,30.4,30.1,29.7,161,6,0.36348161248290634,-0.9316013725767187,1
2024-06-10,9.4,23.9,32.2,19.9,3.7,0.0,0.0,0.0,1.6,1.9,0.0,3.6999999999999966,3.7,5.300000000000001,11.299999999999999,27.3,29.9,29.3,162,6,0.3474028211842774,-0.9377159910299093,1
2024-06-11,0.2,24.0,29.9,18.8,9.4,3.7,0.0,0.0,0.0,0.1,0.0,13.099999999999998,13.100000000000001,13.100000000000001,20.7,23.9,31.5,30.6,163,6,0.3312212278016865,-0.9435531242349544,1
2024-06-12,6.3,24.8,29.9,20.7,0.2,9.4,3.7,0.0,0.0,0.0,0.1,13.299999999999995,13.299999999999999,13.3,20.9,24.0,30.5,29.8,164,6,0.31494162072895193,-0.9491110448902284,1
2024-06-13,0.3,25.9,30.0,22.4,6.3,0.2,9.4,0.0,0.0,0.0,0.8,15.899999999999995,19.6,19.6,27.099999999999998,24.8,28.7,30.7,165,6,0.2985688173637202,-0.9543881083175908,1
2024-06-14,0.2,26.1,30.7,22.2,0.3,6.3,0.2,0.0,0.0,0.0,2.0,6.799999999999996,19.9,19.900000000000002,26.6,25.9,29.5,30.6,166,6,0.2821076626819194,-0.9593827529490743,1
2024-06-15,1.1,26.3,30.9,21.1,0.2,0.3,6.3,0.0,0.0,0.0,0.2,6.799999999999996,20.1,20.1,24.8,26.1,30.4,31.7,167,6,0.26556302780405594,-0.9640935007889755,1
2024-06-16,0.0,28.2,32.5,21.1,1.1,0.2,0.3,3.7,0.0,0.0,0.9,1.5999999999999965,21.2,21.200000000000003,25.7,26.3,27.3,30.1,168,6,0.24893980855376657,-0.9685189578512204,0
2024-06-17,0.0,28.1,33.1,23.3,0.0,1.1,0.2,9.4,0.0,1.6,1.9,1.2999999999999965,17.5,21.200000000000003,24.8,28.2,23.9,29.9,169,6,0.23224292400907015,-0.9726578145718654,0
2024-06-18,1.1,25.8,31.0,20.4,0.0,0.0,1.1,0.2,0.0,0.0,0.1,1.0999999999999965,8.099999999999998,21.200000000000003,22.900000000000002,28.1,24.0,31.5,170,6,0.21547731504673012,-0.976508846196619,1
2024-06-19,1.0,24.5,31.4,19.8,1.1,0.0,0.0,6.3,0.0,0.0,0.0,1.0999999999999965,8.999999999999998,22.3,23.9,25.8,24.8,30.5,171,6,0.19864794288017112,-0.9800709131432666,1
2024-06-20,0.1,25.7,31.3,19.8,1.0,1.1,0.0,0.3,0.0,0.0,0.0,2.0999999999999965,3.6999999999999984,23.3,24.9,24.5,25.9,28.7,172,6,0.18175978759137534,-0.9833429613388902,0
2024-06-21,0.8,26.2,30.9,19.7,0.1,1.0,1.1,0.2,0.0,0.0,0.0,2.1999999999999966,3.4999999999999987,23.400000000000002,25.0,25.7,26.1,29.5,173,6,0.16481784665719793,-0.9863240225317866,1
2024-06-22,14.2,24.6,31.6,20.4,0.8,0.1,1.0,1.1,0.0,0.0,0.0,1.8999999999999964,4.099999999999999,24.200000000000003,25.8,26.2,26.3,30.4,174,6,0.14782713347053048,-0.9890132145779883,1
2024-06-23,5.3,24.2,30.6,18.9,14.2,0.8,0.1,0.0,3.7,0.0,0.0,15.099999999999996,17.2,38.4,40.0,24.6,28.2,27.3,175,6,0.13079267585675922,-0.9914097417023038,1
2024-06-24,8.0,22.7,30.4,18.8,5.3,14.2,0.8,0.0,9.4,0.0,1.6,20.299999999999997,22.499999999999996,40.0,45.3,24.2,28.1,23.9,176,6,0.11371951458594969,-0.9935128947338007,1
2024-06-25,1.2,22.4,28.7,18.8,8.0,5.3,14.2,1.1,0.2,0.0,0.0,27.499999999999996,30.499999999999996,38.6,51.699999999999996,22.7,25.8,24.0,177,6,0.0966127018812031,-0.9953220513156602,1
2024-06-26,2.0,23.2,28.4,18.4,1.2,8.0,5.3,1.0,6.3,0.0,0.0,14.499999999999996,30.599999999999994,39.599999999999994,52.9,22.4,24.5,24.8,178,6,0.07947729992362097,-0.9968366760893436,1
2024-06-27,5.4,23.0,28.9,19.2,2.0,1.2,8.0,0.1,0.3,0.0,0.0,11.199999999999996,31.599999999999994,35.3,54.9,23.2,25.7,25.9,179,6,0.062318379354325076,-0.998056320853012,1
2024-06-28,1.2,22.8,28.4,18.8,5.4,2.0,1.2,0.8,0.2,0.0,0.0,8.599999999999998,36.9,40.400000000000006,60.3,23.0,26.2,26.1,180,6,0.04514101777397193,-0.9989806246941579,1
2024-06-29,1.6,23.0,26.8,19.5,1.2,5.4,2.0,14.2,1.1,0.0,0.0,8.599999999999996,37.29999999999999,41.4,61.49999999999999,22.8,24.6,26.3,181,6,0.02795029824021032,-0.999609314096404,1
2024-06-30,4.0,23.6,28.5,19.9,1.6,1.2,5.4,5.3,0.0,3.7,0.0,8.199999999999998,24.7,41.9,63.099999999999994,23.0,24.2,28.2,182,6,0.01075130776352193,-0.9999422030204416,1
2024-07-01,20.4,22.7,28.0,18.5,4.0,1.6,1.2,8.0,0.0,9.4,0.0,6.799999999999996,23.4,45.9,67.1,23.6,22.7,28.1,183,7,-0.00645086419810515,-0.9999791929590823,1
2024-07-02,13.8,22.2,26.6,19.5,20.4,4.0,1.6,1.2,1.1,0.2,0.0,25.999999999999993,35.8,66.3,87.5,22.7,22.4,25.8,184,7,-0.023651127245231586,-0.9997202729664083,1
2024-07-03,10.4,20.2,22.7,18.7,13.8,20.4,4.0,2.0,1.0,6.3,0.0,38.19999999999999,48.400000000000006,79.0,101.3,22.2,23.2,24.5,185,7,-0.04084439154329611,-0.9991655196610109,1
2024-07-04,0.0,22.3,27.6,19.0,10.4,13.8,20.4,5.4,0.1,0.3,0.0,44.599999999999994,56.800000000000004,88.4,111.69999999999999,20.2,23.0,25.7,186,7,-0.05802556932878035,-0.9983150972033183,0
2024-07-05,6.8,22.9,27.8,18.8,0.0,10.4,13.8,1.2,0.8,0.2,0.0,24.199999999999996,51.4,88.3,111.69999999999999,22.3,22.8,26.2,187,7,-0.07518957641475855,-0.9971692572470178,1
2024-07-06,10.3,22.0,26.8,18.1,6.8,0.0,10.4,1.6,14.2,1.1,0.0,17.199999999999992,57.0,94.3,118.5,22.9,23.0,24.6,188,7,-0.09233133369539122,-0.9957283388645872,1
2024-07-07,6.8,20.7,25.4,18.0,10.3,6.8,0.0,4.0,5.3,0.0,3.7,17.099999999999994,65.7,90.39999999999999,128.79999999999998,22.0,23.6,24.2,189,7,-0.10944576864891556,-0.993992768446958,1
2024-07-08,5.0,21.3,26.3,17.7,6.8,10.3,6.8,20.4,8.0,0.0,9.4,23.89999999999999,68.5,91.89999999999999,131.89999999999998,20.7,22.7,22.7,190,7,-0.12652781683868314,-0.9919630595773397,1
2024-07-09,0.0,22.8,28.2,17.7,5.0,6.8,10.3,13.8,1.2,1.1,0.2,22.09999999999999,53.1,88.89999999999999,127.5,21.3,22.2,22.4,191,7,-0.1435724234118113,-0.9896398128792412,0
2024-07-10,4.5,21.7,26.4,18.4,0.0,5.0,6.8,10.4,2.0,1.0,6.3,11.79999999999999,39.3,87.69999999999999,127.3,22.8,20.2,23.2,192,7,-0.16057454459499376,-0.9870237158387383,1
2024-07-11,1.2,22.0,26.3,17.6,4.5,0.0,5.0,0.0,5.4,0.1,0.3,9.499999999999991,33.4,90.19999999999999,125.5,21.7,22.3,23.0,193,7,-0.17752914918703497,-0.984115542601034,1
2024-07-12,11.5,20.8,24.5,17.9,1.2,4.5,0.0,6.8,1.2,0.8,0.2,5.699999999999991,34.599999999999994,86.0,126.39999999999999,22.0,22.9,22.8,194,7,-0.19443122004766195,-0.9809161537413774,1
2024-07-13,8.0,21.2,26.2,18.3,11.5,1.2,4.5,10.3,1.6,14.2,1.1,17.199999999999992,39.3,96.3,137.7,20.8,22.0,23.0,195,7,-0.2112757555821793,-0.9774264960104055,1
2024-07-14,0.5,22.1,26.2,18.5,8.0,11.5,1.2,6.8,4.0,5.3,0.0,20.699999999999992,37.0,102.7,144.6,21.2,20.7,23.6,196,7,-0.2280577712215198,-0.9736476020539838,1
2024-07-15,14.7,20.7,24.5,18.5,0.5,8.0,11.5,5.0,20.4,8.0,0.0,19.999999999999993,30.7,99.2,145.1,22.1,21.3,22.7,197,7,-0.24477230089725957,-0.9695805901076308,1
2024-07-16,2.6,20.3,24.4,18.1,14.7,0.5,8.0,0.0,13.8,1.2,1.1,23.199999999999992,40.4,93.5,159.8,20.7,22.8,22.2,198,7,-0.2614143985111562,-0.965226663665613,1
2024-07-17,1.7000000000000002,21.8,27.2,18.0,2.6,14.7,0.5,4.5,10.4,2.0,1.0,17.799999999999994,43.0,82.3,161.29999999999998,20.3,21.7,20.2,199,7,-0.2779791393987801,-0.9605871111248129,1
2024-07-18,5.5,22.0,26.5,17.9,1.7000000000000002,2.6,14.7,1.2,0.0,5.4,0.1,18.999999999999993,40.199999999999996,73.6,161.99999999999997,21.8,22.0,22.3,200,7,-0.2944616217868012,-0.9556633054034704,1
2024-07-19,7.5,21.4,26.2,18.2,5.5,1.7000000000000002,2.6,11.5,6.8,1.2,0.8,9.799999999999994,44.5,79.1,167.39999999999998,22.0,20.8,22.9,201,7,-0.3108569682435036,-0.9504567035349151,1
2024-07-20,9.0,21.2,26.4,18.5,7.5,5.5,1.7000000000000002,8.0,10.3,1.6,14.2,14.699999999999994,40.5,79.8,174.1,21.4,21.2,22.0,202,7,-0.3271603271220951,-0.9449688462364056,1
2024-07-21,7.6,21.0,25.7,18.3,9.0,7.5,5.5,0.5,6.8,4.0,5.3,21.999999999999993,41.5,78.5,168.89999999999998,21.2,22.1,20.7,203,7,-0.34336687399638804,-0.939201357453208,1
2024-07-22,3.2,20.8,25.2,17.6,7.6,9.0,7.5,14.7,5.0,20.4,8.0,24.099999999999994,48.6,79.30000000000001,171.20000000000002,21.0,20.7,21.3,204,7,-0.3594718130884232,-0.9331559438780432,1
2024-07-23,10.2,20.9,23.9,18.7,3.2,7.6,9.0,2.6,0.0,13.8,1.2,19.799999999999994,37.1,77.5,166.4,20.8,20.3,22.8,205,7,-0.3754703786876202,-0.9268343944460494,1
2024-07-24,1.6,20.8,23.8,18.3,10.2,3.2,7.6,1.7000000000000002,4.5,10.4,2.0,20.999999999999993,44.7,87.7,175.39999999999998,20.9,21.8,21.7,206,7,-0.3913578365610259,-0.9202385798054075,1
2024-07-25,1.9,21.4,25.3,18.2,1.6,10.2,3.2,5.5,1.2,0.0,5.4,14.999999999999993,44.6,84.80000000000001,175.0,20.8,22.0,22.0,207,7,-0.4071294853542516,-0.9133704517637858,1
2024-07-26,15.1,21.0,23.2,19.3,1.9,1.6,10.2,7.5,11.5,6.8,1.2,13.699999999999994,41.0,85.5,171.49999999999997,21.4,21.4,20.8,208,7,-0.4227806579826773,-0.9062320427107697,1
2024-07-27,12.3,20.2,23.1,18.6,15.1,1.9,1.6,9.0,8.0,10.3,1.6,18.599999999999994,48.599999999999994,89.10000000000001,185.4,21.0,21.2,21.2,209,7,-0.4383067230125192,-0.898825465016444,1
2024-07-28,9.4,20.2,24.0,18.2,12.3,15.1,1.9,7.6,0.5,6.8,4.0,29.299999999999994,51.9,93.4,196.1,20.2,21.0,22.1,210,7,-0.45370308603134424,-0.8911529104063088,1
2024-07-29,6.7,20.7,25.0,17.8,9.4,12.3,15.1,3.2,14.7,5.0,20.4,36.8,53.7,102.30000000000001,201.5,20.2,20.8,20.7,211,7,-0.46896519100763184,-0.8832166493127127,1
2024-07-30,5.0,21.6,25.7,18.7,6.7,9.4,12.3,10.2,2.6,0.0,13.8,28.399999999999995,57.2,94.3,187.79999999999998,20.7,20.9,20.3,212,7,-0.48408852163897587,-0.8750190302029955,1
2024-07-31,19.0,20.5,23.2,19.1,5.0,6.7,9.4,1.6,1.7000000000000002,4.5,10.4,21.099999999999994,52.0,96.7,178.99999999999997,21.6,20.8,21.8,213,7,-0.4990686026885319,-0.8665624788845385,1
2024-08-01,13.5,20.1,24.2,18.3,19.0,5.0,6.7,1.9,5.5,1.2,0.0,30.699999999999996,69.4,114.0,187.6,20.5,21.4,22.0,214,8,-0.5139010013093103,-0.8578494977869301,1
2024-08-02,12.6,19.2,22.9,17.7,13.5,19.0,5.0,15.1,7.5,11.5,6.8,37.5,81.0,122.0,201.1,20.1,21.0,21.4,215,8,-0.5285813283559292,-0.8488826652214553,1
2024-08-03,10.1,20.7,25.4,16.5,12.6,13.5,19.0,12.3,9.0,8.0,10.3,45.099999999999994,78.5,127.10000000000001,206.9,19.2,20.2,21.2,216,8,-0.5431052396834317,-0.8396646346181327,1
2024-08-04,6.9,20.4,23.7,17.2,10.1,12.6,13.5,9.4,7.6,0.5,6.8,36.199999999999996,76.30000000000001,128.2,206.7,20.7,20.2,21.0,217,8,-0.5574684374327892,-0.8301981337405212,1
2024-08-05,24.7,20.1,23.1,18.1,6.9,10.1,12.6,6.7,3.2,14.7,5.0,29.599999999999994,73.8,127.5,206.8,20.4,20.7,20.8,218,8,-0.5716666713027052,-0.8204859638785327,1
2024-08-06,4.1,19.4,22.1,17.6,24.7,6.9,10.1,5.0,10.2,2.6,0.0,41.699999999999996,91.8,149.0,226.5,20.1,21.6,20.9,219,8,-0.5856957398073508,-0.8105309990194823,1
2024-08-07,1.7000000000000002,19.9,23.5,17.5,4.1,24.7,6.9,19.0,1.6,1.7000000000000002,4.5,35.699999999999996,90.89999999999999,142.89999999999998,230.6,19.4,20.5,20.8,220,8,-0.5995514915196489,-0.8003361849976323,1
2024-08-08,8.5,20.7,24.5,17.2,1.7000000000000002,4.1,24.7,13.5,1.9,5.5,1.2,30.5,73.6,143.0,227.8,19.9,20.1,21.4,221,8,-0.6132298262997502,-0.7899045386224707,1
2024-08-09,4.0,20.9,25.1,17.3,8.5,1.7000000000000002,4.1,12.6,15.1,7.5,11.5,14.299999999999997,68.6,149.6,235.1,20.7,19.2,21.0,222,8,-0.6267266965083301,-0.7792391467859886,1
2024-08-10,6.0,20.7,24.4,18.1,4.0,8.5,1.7000000000000002,10.1,12.3,9.0,8.0,14.199999999999998,60.0,138.5,227.6,20.9,20.7,20.2,223,8,-0.6400381082043503,-0.7683431655492202,1
2024-08-11,9.9,20.1,23.5,18.1,6.0,4.0,8.5,6.9,9.4,7.6,0.5,18.499999999999996,55.900000000000006,132.2,225.6,20.7,20.4,20.2,224,8,-0.65316012232693,-0.7572198192083127,1
2024-08-12,13.4,19.5,21.3,17.9,9.9,6.0,4.0,24.7,6.7,3.2,14.7,19.9,58.900000000000006,132.7,234.99999999999997,20.1,20.1,20.7,225,8,-0.666088855860977,-0.7458723993404063,1
2024-08-13,17.5,19.9,23.5,17.7,13.4,9.9,6.0,4.1,5.0,10.2,2.6,29.299999999999997,47.6,139.4,233.7,19.5,19.4,21.6,226,8,-0.6788204829862355,-0.734304263829602,1
2024-08-14,15.0,20.2,24.4,17.8,17.5,13.4,9.9,1.7000000000000002,19.0,1.6,1.7000000000000002,40.8,61.0,151.9,248.6,19.9,19.9,20.5,227,8,-0.6913512362094071,-0.722518835873311,1
2024-08-15,14.7,19.8,23.2,18.0,15.0,17.5,13.4,8.5,13.5,1.9,5.5,45.9,74.30000000000001,147.9,261.9,20.2,20.7,20.1,228,8,-0.7036774074790128,-0.7105196029692745,1
2024-08-16,11.4,19.8,23.3,17.8,14.7,15.0,17.5,4.0,12.6,15.1,7.5,47.2,80.5,149.1,271.09999999999997,19.8,20.9,19.2,229,8,-0.7157953492826642,-0.6983101158835584,1
2024-08-17,11.0,20.2,24.1,16.8,11.4,14.7,15.0,6.0,10.1,12.3,9.0,41.099999999999994,87.9,147.9,275.0,19.8,20.7,20.7,230,8,-0.7277014757264236,-0.6858939875998223,1
2024-08-18,22.6,19.8,23.2,18.4,11.0,11.4,14.7,9.9,6.9,9.4,7.6,37.099999999999994,92.9,148.8,277.0,20.2,20.1,20.4,231,8,-0.7393922635959241,-0.673274892250183,1
2024-08-19,12.1,19.1,21.8,16.8,22.6,11.0,11.4,13.4,24.7,6.7,3.2,45.0,105.6,164.5,292.0,19.8,19.5,20.1,232,8,-0.7508642533989489,-0.6604565640279754,1
2024-08-20,6.0,19.8,23.8,17.7,12.1,22.6,11.0,17.5,4.1,5.0,10.2,45.699999999999996,104.3,151.9,300.9,19.1,19.9,19.4,233,8,-0.7621140503891487,-0.6474427960827475,1
2024-08-21,10.0,19.8,22.1,18.0,6.0,12.1,22.6,15.0,1.7000000000000002,19.0,1.6,40.699999999999996,92.80000000000001,153.8,296.7,19.8,20.2,19.9,234,8,-0.7731383255706026,-0.6342374393978054,1
2024-08-22,18.7,19.7,22.3,18.4,10.0,6.0,12.1,14.7,8.5,13.5,1.9,28.099999999999994,87.80000000000001,162.10000000000002,305.1,19.8,19.8,20.7,235,8,-0.7839338166829201,-0.620844401650647,1
2024-08-23,18.6,18.4,20.7,16.3,18.7,10.0,6.0,11.4,4.0,12.6,15.1,34.699999999999996,91.80000000000001,172.3,321.9,19.7,19.8,20.9,236,8,-0.7944973291665992,-0.6072676460566135,1
2024-08-24,1.4,19.7,23.3,16.3,18.6,18.7,10.0,11.0,6.0,10.1,12.3,47.3,99.0,186.9,325.40000000000003,18.4,20.2,20.7,237,8,-0.8048257371083452,-0.593511190196115,1
2024-08-25,8.7,20.1,24.9,16.8,1.4,18.6,18.7,22.6,9.9,6.9,9.4,38.699999999999996,89.4,182.3,314.5,19.7,19.8,20.1,238,8,-0.8149159841660791,-0.5795791048257612,1
2024-08-26,24.7,19.4,23.4,17.2,8.7,1.4,18.6,12.1,13.4,24.7,6.7,28.699999999999996,75.5,181.1,313.79999999999995,20.1,19.1,19.5,239,8,-0.8247650844733614,-0.5654755126737576,1
2024-08-27,4.9,19.6,22.9,17.6,24.7,8.7,1.4,6.0,17.5,4.1,5.0,34.8,88.1,192.4,331.79999999999995,19.4,19.8,19.9,240,8,-0.8343701235229537,-0.5512045872199277,1
2024-08-28,15.5,19.6,22.4,18.0,4.9,24.7,8.7,10.0,15.0,1.7000000000000002,19.0,38.3,87.0,179.8,331.7,19.6,19.8,20.2,241,8,-0.8437282590292712,-0.5367705514607103,1
2024-08-29,2.6,20.3,24.6,17.0,15.5,4.9,24.7,18.7,14.7,8.5,13.5,45.099999999999994,92.5,180.3,328.2,19.6,19.7,19.8,242,8,-0.8528367217694595,-0.522177676659508,1
2024-08-30,0.7000000000000001,20.8,25.3,16.4,2.6,15.5,4.9,18.6,11.4,4.0,12.6,23.0,76.4,168.20000000000002,317.3,20.3,18.4,19.8,243,8,-0.8616928164028521,-0.5074302810827518,1
2024-08-31,6.9,21.0,25.0,17.8,0.7000000000000001,2.6,15.5,1.4,11.0,6.0,10.1,18.8,58.5,157.5,305.40000000000003,20.8,19.7,20.2,244,8,-0.8702939222685674,-0.49253272872205434,1
2024-09-01,10.1,19.0,22.6,16.9,6.9,0.7000000000000001,2.6,8.7,22.6,9.9,6.9,10.2,64.0,153.4,302.2,21.0,20.1,19.8,245,9,-0.8786374941610001,-0.4774894280028391,1
2024-09-02,8.2,19.5,23.6,16.6,10.1,6.9,0.7000000000000001,24.7,12.1,13.4,24.7,17.700000000000003,65.39999999999999,140.9,305.40000000000003,19.0,19.4,19.1,246,9,-0.886721063082993,-0.46230483047981086,1
2024-09-03,11.7,19.9,25.1,16.3,8.2,10.1,6.9,4.9,6.0,17.5,4.1,25.200000000000003,48.9,137.0,288.9,19.5,19.6,19.8,247,9,-0.8945422369764496,-0.4469834295196741,1
2024-09-04,7.6,20.4,25.7,16.7,11.7,8.2,10.1,15.5,10.0,15.0,1.7000000000000002,30.0,55.7,142.7,296.5,19.9,19.6,19.8,248,9,-0.9020987014301837,-0.43152975897147144,1
2024-09-05,6.8,20.3,25.3,16.7,7.6,11.7,8.2,2.6,18.7,14.7,8.5,27.5,47.8,140.29999999999998,302.40000000000003,20.4,20.3,19.7,249,9,-0.9093882203647925,-0.4159483918249421,1
2024-09-06,2.8,20.7,25.2,17.3,6.8,7.6,11.7,0.7000000000000001,18.6,11.4,4.0,26.1,52.0,128.4,300.7,20.3,20.8,18.4,250,9,-0.9164086366943458,-0.4002439388573056,1
2024-09-07,5.9,20.2,24.8,17.1,2.8,6.8,7.6,6.9,1.4,11.0,6.0,17.200000000000003,54.099999999999994,112.6,299.5,20.7,21.0,19.7,251,9,-0.9231578729647039,-0.38442104726885545,1
2024-09-08,6.3,20.5,25.4,16.7,5.9,2.8,6.8,10.1,8.7,22.6,9.9,15.500000000000002,53.099999999999994,117.1,299.40000000000003,20.2,19.0,20.1,252,9,-0.9296339319682695,-0.3684843993077793,1
2024-09-09,0.0,21.6,26.6,17.3,6.3,5.9,2.8,8.2,24.7,12.1,13.4,15.000000000000004,49.300000000000004,114.69999999999999,295.79999999999995,20.5,19.5,19.4,253,9,-0.9358348973349941,-0.35243871088460327,0
2024-09-10,5.0,21.2,26.0,17.9,0.0,6.3,5.9,11.7,4.9,6.0,17.5,12.200000000000003,41.1,90.0,282.4,21.6,19.9,19.6,254,9,-0.9417589340994617,-0.33628873017668287,1
2024-09-11,4.9,20.9,25.6,17.0,5.0,0.0,6.3,7.6,15.5,10.0,15.0,11.3,34.4,90.1,269.9,21.2,20.4,19.6,255,9,-0.9474042892438845,-0.32003923622313857,1
2024-09-12,0.0,22.4,27.0,17.3,4.9,5.0,0.0,6.8,2.6,18.7,14.7,9.900000000000002,31.7,79.5,259.8,20.9,20.3,20.3,256,9,-0.9527692922168511,-0.30369503751065885,0
2024-09-13,0.2,22.6,27.2,18.7,0.0,4.9,5.0,2.8,0.7000000000000001,18.6,11.4,9.900000000000002,24.900000000000002,76.89999999999999,245.1,22.4,20.7,20.8,257,9,-0.9578523554276669,-0.28726097055059635,1
2024-09-14,6.9,20.7,25.2,17.5,0.2,0.0,4.9,5.9,6.9,1.4,11.0,5.100000000000002,22.3,76.4,233.89999999999998,22.6,20.2,21.0,258,9,-0.9626519747161487,-0.2707418984477642,1
2024-09-15,0.4,22.1,26.8,17.4,6.9,0.2,0.0,6.3,10.1,8.7,22.6,7.100000000000002,23.299999999999997,76.39999999999999,229.79999999999998,20.7,20.5,19.0,259,9,-0.9671667297977312,-0.2541427094613622,1
2024-09-16,0.8,21.2,25.6,17.7,0.4,6.9,0.2,0.0,8.2,24.7,12.1,7.500000000000003,17.400000000000002,66.7,207.6,22.1,21.6,19.5,260,9,-0.97139528468375,-0.23746831555846842,1
2024-09-17,0.8,20.4,24.2,17.5,0.8,0.4,6.9,5.0,11.7,4.9,6.0,8.100000000000001,18.200000000000003,59.3,196.29999999999998,21.2,21.2,19.9,261,9,-0.9753363880767837,-0.2207236509605022,1
2024-09-18,8.0,20.9,26.3,17.2,0.8,0.8,0.4,4.9,7.6,15.5,10.0,2.0000000000000018,14.000000000000002,48.4,191.1,20.4,20.9,20.4,262,9,-0.9789888737409319,-0.20391367068311472,1
2024-09-19,1.3,21.7,25.8,17.4,8.0,0.8,0.8,0.0,6.8,2.6,18.7,9.600000000000001,17.1,48.800000000000004,189.1,20.9,22.4,20.3,263,9,-0.9823516608469237,-0.18704334906991657,1
2024-09-20,0.1,24.4,29.2,17.9,1.3,8.0,0.8,0.2,2.8,0.7000000000000001,18.6,10.100000000000001,18.400000000000002,43.3,171.7,21.7,22.6,20.7,264,9,-0.9854237542919524,-0.17011767832049052,0
2024-09-21,0.0,23.1,26.2,18.2,0.1,1.3,8.0,6.9,5.9,6.9,1.4,9.400000000000002,18.3,40.6,153.2,24.4,20.7,20.2,265,9,-0.9882042449941422,-0.15314166701312007,0
2024-09-22,0.7000000000000001,22.9,28.3,17.2,0.0,0.1,1.3,0.4,6.3,10.1,8.7,1.400000000000002,11.4,34.7,151.79999999999998,23.1,22.1,20.5,266,9,-0.9906923101615609,-0.13612033862266704,1
2024-09-23,0.0,23.6,29.4,18.1,0.7000000000000001,0.0,0.1,0.8,0.0,8.2,24.7,0.8000000000000018,11.7,29.1,143.79999999999998,22.9,21.2,21.6,267,9,-0.9928872135356962,-0.11905873003404988,0
2024-09-24,0.1,22.3,26.5,18.2,0.0,0.7000000000000001,0.0,0.8,5.0,11.7,4.9,0.7000000000000018,10.9,29.1,119.1,23.6,20.4,21.2,268,9,-0.994788305609327,-0.10196189005174576,0
2024-09-25,0.0,22.5,26.4,17.6,0.1,0.0,0.7000000000000001,8.0,4.9,7.6,15.5,0.8000000000000018,10.2,24.200000000000003,114.3,22.3,20.9,20.9,269,9,-0.9963950238187231,-0.08483487790576538,0
2024-09-26,4.5,21.8,26.2,18.6,0.0,0.1,0.0,1.3,0.0,6.8,2.6,0.10000000000000178,2.2,19.3,98.8,22.5,21.7,22.4,270,9,-0.9977068927101168,-0.06768276175455162,1
2024-09-27,9.3,20.6,26.2,17.4,4.5,0.0,0.1,0.1,0.2,2.8,0.7000000000000001,4.600000000000001,5.4,23.8,100.69999999999999,21.8,24.4,22.6,271,9,-0.9987235240803972,-0.050510617185222886,1
2024-09-28,2.0,21.9,26.6,16.8,9.3,4.5,0.0,0.0,6.9,5.9,6.9,13.800000000000002,14.600000000000001,32.900000000000006,109.3,20.6,23.1,20.7,272,9,-0.9994446170919858,-0.033323525711631344,1
2024-09-29,0.0,23.3,28.2,18.4,2.0,9.3,4.5,0.7000000000000001,0.4,6.3,10.1,15.800000000000002,16.6,28.000000000000004,104.39999999999999,21.9,22.9,22.1,273,9,-0.9998699583618592,-0.016126573270657762,0
2024-09-30,0.4,22.8,26.9,18.9,0.0,2.0,9.3,0.0,0.8,0.0,8.2,11.300000000000002,15.9,27.6,94.3,23.3,23.6,21.2,274,9,-0.9999994220246925,0.001075151282798226,1
2024-10-01,1.4,22.1,26.4,18.4,0.4,0.0,2.0,0.1,0.8,5.0,11.7,2.4000000000000017,16.3,27.2,86.5,22.8,22.3,20.4,275,10,-0.999832969770105,0.018276557681691223,1
2024-10-02,2.7,22.2,26.5,18.3,1.4,0.4,0.0,0.0,8.0,4.9,7.6,1.8000000000000016,17.6,27.8,76.19999999999999,22.1,22.5,20.9,276,10,-0.9993706508539969,0.03547255575312556,1
2024-10-03,0.1,23.0,28.8,17.8,2.7,1.4,0.4,4.5,1.3,0.0,6.8,4.500000000000002,20.300000000000004,22.500000000000004,71.3,22.2,21.8,21.7,277,10,-0.9986126020839734,0.052658056924614005,0
2024-10-04,0.0,22.3,26.4,18.5,0.1,2.7,1.4,9.3,0.1,0.2,2.8,4.200000000000001,15.9,21.300000000000004,64.6,23.0,20.6,24.4,278,10,-0.9975590477788613,0.06982797572987089,0
2024-10-05,3.6,22.1,26.2,17.7,0.0,0.1,2.7,2.0,0.0,6.9,5.9,2.800000000000002,6.6,21.200000000000003,61.8,22.3,21.9,23.1,279,10,-0.9962102997023297,0.0869772313136861,1
2024-10-06,0.0,23.3,29.6,17.4,3.6,0.0,0.1,0.0,0.7000000000000001,0.4,6.3,3.700000000000002,8.2,24.8,59.5,22.1,23.3,22.9,280,10,-0.9945667569706337,0.1041007489354256,0
2024-10-07,0.5,23.1,28.3,19.0,0.0,3.6,0.0,0.4,0.0,0.8,0.0,3.600000000000002,8.2,24.1,53.199999999999996,23.3,22.8,23.6,281,10,-0.9926289059345095,0.121193461470736,1
2024-10-08,0.0,23.0,28.9,18.2,0.5,0.0,3.6,1.4,0.1,0.8,5.0,4.100000000000001,8.3,24.6,53.699999999999996,23.1,22.1,22.3,282,10,-0.9903973200352558,0.1382503109109819,0
2024-10-09,0.0,22.9,28.5,18.3,0.0,0.5,0.0,2.7,0.0,8.0,4.9,0.5000000000000018,6.9,24.5,48.699999999999996,23.0,22.2,22.5,283,10,-0.9878726596350429,0.15526624985999563,0
2024-10-10,0.0,23.9,28.1,19.1,0.0,0.0,0.5,0.1,4.5,1.3,0.0,0.5000000000000018,4.2,24.5,43.8,22.9,23.0,21.8,284,10,-0.9850556718215013,0.172236243027682,0
2024-10-11,0.0,23.7,28.1,17.8,0.0,0.0,0.0,0.0,9.3,0.1,0.2,0.0,4.1000000000000005,20.0,43.8,23.9,22.3,20.6,285,10,-0.981947190186646,0.18915526872004093,0
2024-10-12,0.0,23.4,28.9,16.9,0.0,0.0,0.0,3.6,2.0,0.0,6.9,0.0,4.1000000000000005,10.7,43.6,23.7,22.1,21.9,286,10,-0.9785481345802031,0.20601832032517084,0
2024-10-13,0.2,23.3,27.5,18.2,0.0,0.0,0.0,0.0,0.0,0.7000000000000001,0.4,0.0,0.5,8.7,36.699999999999996,23.4,23.3,23.3,287,10,-0.9748595108374125,0.22282040779479959,1
2024-10-14,0.1,23.5,28.5,17.5,0.2,0.0,0.0,0.5,0.4,0.0,0.8,0.2000000000000018,0.7,8.9,36.49999999999999,23.3,23.1,22.8,288,10,-0.9708824104813836,0.23955655912092708,0
2024-10-15,0.0,24.8,30.9,17.8,0.1,0.2,0.0,0.0,1.4,0.1,0.8,0.3000000000000018,0.30000000000000004,8.6,35.8,23.5,23.0,22.1,289,10,-0.9666180104000972,0.2562218218071163,0
2024-10-16,0.0,25.5,29.5,20.4,0.0,0.1,0.2,0.0,2.7,0.0,8.0,0.3000000000000018,0.30000000000000004,7.2,34.99999999999999,24.8,22.9,22.2,290,10,-0.9620675724981452,0.27281126433401914,0
2024-10-17,0.0,25.6,29.7,19.0,0.0,0.0,0.1,0.0,0.1,4.5,1.3,0.10000000000000178,0.30000000000000004,4.5,26.999999999999993,25.5,23.9,23.0,291,10,-0.957232443323312,0.28931997761869527,0
2024-10-18,0.0,25.8,31.8,20.1,0.0,0.0,0.0,0.0,0.0,9.3,0.1,0.0,0.30000000000000004,4.4,25.699999999999996,25.6,23.7,22.3,292,10,-0.9521140536681102,0.3057430764672831,0
2024-10-19,0.0,24.6,30.9,18.8,0.0,0.0,0.0,0.0,3.6,2.0,0.0,0.0,0.30000000000000004,4.4,25.599999999999994,25.8,23.4,22.1,293,10,-0.9467139181463862,0.3220757010206104,0
2024-10-20,0.0,25.4,31.6,19.4,0.0,0.0,0.0,0.2,0.0,0.0,0.7000000000000001,0.0,0.30000000000000004,0.8,25.599999999999994,24.6,23.3,23.3,294,10,-0.9410336347451197,0.3383130181923076,0
2024-10-21,0.0,25.5,29.6,20.3,0.0,0.0,0.0,0.1,0.5,0.4,0.0,0.0,0.1,0.8,24.899999999999995,25.4,23.5,23.1,295,10,-0.9350748843515574,0.3544502230989869,0
2024-10-22,0.2,25.5,31.1,18.7,0.0,0.0,0.0,0.0,0.0,1.4,0.1,0.0,0.0,0.30000000000000004,24.899999999999995,25.5,24.8,23.0,296,10,-0.9288394302558068,0.3704825404820963,1
2024-10-23,0.1,24.3,28.9,19.9,0.2,0.0,0.0,0.0,0.0,2.7,0.0,0.2000000000000018,0.2,0.5,24.999999999999993,25.5,25.5,22.9,297,10,-0.9223291176290545,0.3864052261209853,0
2024-10-24,0.1,24.5,28.8,21.2,0.1,0.2,0.0,0.0,0.0,0.1,4.5,0.3000000000000018,0.30000000000000004,0.6000000000000001,25.099999999999994,24.3,25.6,23.9,298,10,-0.9155458729775467,0.40221356823680365,0
2024-10-25,5.0,22.4,27.9,18.5,0.1,0.1,0.2,0.0,0.0,0.0,9.3,0.4000000000000018,0.4,0.7000000000000001,20.699999999999992,24.5,25.8,23.7,299,10,-0.9084917035725082,0.41790288888678667,1
2024-10-26,8.6,21.9,26.8,18.3,5.0,0.1,0.1,0.0,0.0,3.6,2.0,5.200000000000002,5.4,5.7,16.39999999999999,22.4,24.6,23.4,300,10,-0.9011686968561569,0.4334685453485363,1
2024-10-27,0.1,22.6,28.4,16.8,8.6,5.0,0.1,0.0,0.2,0.0,0.0,13.700000000000003,14.0,14.3,22.999999999999993,21.9,25.4,23.3,301,10,-0.8935790198239952,0.4489059314938798,0
2024-10-28,0.1,22.9,28.6,18.0,0.1,8.6,5.0,0.0,0.1,0.5,0.4,13.700000000000001,14.1,14.2,23.099999999999994,22.6,25.5,23.5,302,10,-0.8857249183835637,0.4642104791518923,0
2024-10-29,0.5,22.3,27.9,18.6,0.1,0.1,8.6,0.2,0.0,0.0,1.4,8.799999999999999,14.2,14.199999999999998,22.799999999999994,22.9,25.5,24.8,303,10,-0.8776087166898392,0.4793776594606945,1
2024-10-30,2.8,22.0,27.1,18.2,0.5,0.1,0.1,0.1,0.0,0.0,2.7,0.7000000000000017,14.5,14.699999999999998,21.89999999999999,22.3,24.3,25.5,304,10,-0.8692328164574792,0.49440298420761813,1
2024-10-31,2.0,21.5,27.1,16.4,2.8,0.5,0.1,0.1,0.0,0.0,0.1,3.4000000000000017,17.2,17.5,21.999999999999993,22.0,24.5,25.6,305,10,-0.8605996962501181,0.5092820071573356,1
2024-11-01,9.3,20.9,25.9,17.1,2.0,2.8,0.5,5.0,0.0,0.0,0.0,5.300000000000002,19.1,19.5,23.89999999999999,21.5,22.4,25.8,306,11,-0.8517119107469189,0.5240103253675756,1
2024-11-02,0.0,21.9,28.8,17.0,9.3,2.0,2.8,8.6,0.0,0.0,3.6,14.100000000000001,23.4,28.799999999999997,33.19999999999999,20.9,21.9,24.6,307,11,-0.8425720899866032,0.5385835804920232,0
2024-11-03,0.0,22.3,28.7,17.7,0.0,9.3,2.0,0.1,0.0,0.2,0.0,11.3,14.8,28.799999999999997,29.599999999999994,21.9,22.6,25.4,308,11,-0.8331829385891785,0.5529974600700271,0
2024-11-04,0.0,22.7,28.4,16.4,0.0,0.0,9.3,0.1,0.0,0.1,0.5,9.3,14.700000000000001,28.799999999999997,29.599999999999994,22.3,22.9,25.5,309,11,-0.8235472349556007,0.5672476988027229,0
2024-11-05,0.0,22.7,28.6,17.7,0.0,0.0,0.0,0.5,0.2,0.0,0.0,0.0,14.600000000000001,28.799999999999997,29.099999999999994,22.7,22.3,25.5,310,11,-0.8136678304455991,0.5813300798152042,0
2024-11-06,0.0,24.0,29.6,20.2,0.0,0.0,0.0,2.8,0.1,0.0,0.0,0.0,14.100000000000001,28.6,29.099999999999994,22.7,22.0,24.3,311,11,-0.8035476485339116,0.5952404359043674,0
2024-11-07,0.0,24.1,30.1,20.4,0.0,0.0,0.0,2.0,0.1,0.0,0.0,0.0,11.3,28.5,29.099999999999994,24.0,21.5,24.5,312,11,-0.7931896839451843,0.6089746507720486,0
2024-11-08,0.0,24.8,29.8,20.7,0.0,0.0,0.0,9.3,5.0,0.0,0.0,0.0,9.3,28.4,29.099999999999994,24.1,20.9,22.4,313,11,-0.7825970017677834,0.6225286602431057,0
2024-11-09,0.0,25.4,30.9,21.5,0.0,0.0,0.0,0.0,8.6,0.0,0.0,0.0,0.0,23.4,29.099999999999994,24.8,21.9,21.9,314,11,-0.7717727365467837,0.6358984534680745,0
2024-11-10,0.0,25.4,30.0,21.6,0.0,0.0,0.0,0.0,0.1,0.0,0.2,0.0,0.0,14.799999999999999,29.099999999999994,25.4,22.3,22.6,315,11,-0.7607200913564104,0.6490800741100398,0
2024-11-11,0.0,25.2,31.1,20.4,0.0,0.0,0.0,0.0,0.1,0.0,0.1,0.0,0.0,14.7,28.899999999999995,25.4,22.7,22.9,316,11,-0.7494423368521953,0.6620696215153815,0
2024-11-12,0.0,24.8,30.3,21.1,0.0,0.0,0.0,0.0,0.5,0.2,0.0,0.0,0.0,14.6,28.799999999999994,25.2,22.7,22.3,317,11,-0.7379428103031386,0.6748632518680403,0
2024-11-13,0.0,25.0,30.1,20.7,0.0,0.0,0.0,0.0,2.8,0.1,0.0,0.0,0.0,14.1,28.799999999999994,24.8,24.0,22.0,318,11,-0.7262249146041543,0.6874571793269664,0
2024-11-14,0.0,25.2,30.3,20.8,0.0,0.0,0.0,0.0,2.0,0.1,0.0,0.0,0.0,11.299999999999999,28.799999999999994,25.0,24.1,21.5,319,11,-0.7142921172691032,0.699847677146407,0
2024-11-15,0.0,24.7,30.4,20.8,0.0,0.0,0.0,0.0,9.3,5.0,0.0,0.0,0.0,9.299999999999999,28.799999999999994,25.2,24.8,20.9,320,11,-0.7021479494046978,0.7120310787787131,0
2024-11-16,0.0,25.0,30.5,20.9,0.0,0.0,0.0,0.0,0.0,8.6,0.0,0.0,0.0,0.0,28.799999999999994,24.7,25.4,21.9,321,11,-0.6897960046655887,0.7240037789593305,0
2024-11-17,0.0,24.9,30.7,19.6,0.0,0.0,0.0,0.0,0.0,0.1,0.0,0.0,0.0,0.0,28.799999999999994,25.0,25.4,22.3,322,11,-0.6772399381909491,0.7357622347736527,0
2024-11-18,0.0,24.7,30.6,18.6,0.0,0.0,0.0,0.0,0.0,0.1,0.0,0.0,0.0,0.0,28.799999999999994,24.9,25.2,22.7,323,11,-0.6644834655228552,0.7473029667054297,0
2024-11-19,0.0,24.2,30.7,16.3,0.0,0.0,0.0,0.0,0.0,0.5,0.2,0.0,0.0,0.0,28.799999999999994,24.7,24.8,22.7,324,11,-0.6515303615068021,0.75862255966641,0
2024-11-20,0.0,24.5,30.8,17.9,0.0,0.0,0.0,0.0,0.0,2.8,0.1,0.0,0.0,0.0,28.599999999999994,24.2,25.0,24.0,325,11,-0.6383844591746642,0.769717664006921,0
2024-11-21,0.0,24.9,30.7,19.6,0.0,0.0,0.0,0.0,0.0,2.0,0.1,0.0,0.0,0.0,28.499999999999993,24.5,25.2,24.1,326,11,-0.6250496486104377,0.7805849965070866,0
2024-11-22,0.0,25.1,30.8,20.6,0.0,0.0,0.0,0.0,0.0,9.3,5.0,0.0,0.0,0.0,28.399999999999995,24.9,24.7,24.8,327,11,-0.6115298757991053,0.7912213413483807,0
2024-11-23,0.2,23.9,30.6,19.1,0.0,0.0,0.0,0.0,0.0,0.0,8.6,0.0,0.0,0.0,23.39999999999999,25.1,25.0,25.4,328,11,-0.5978291414589552,0.801623551065242,1
2024-11-24,6.1,23.0,30.0,18.0,0.2,0.0,0.0,0.0,0.0,0.0,0.1,0.2,0.2,0.19999999999999823,14.999999999999993,23.9,24.9,25.4,329,11,-0.5839514998576998,0.8117885474764613,1
2024-11-25,0.7000000000000001,22.2,27.7,17.9,6.1,0.2,0.0,0.0,0.0,0.0,0.1,6.3,6.3,6.299999999999998,20.999999999999993,23.0,24.7,25.2,330,11,-0.5699010576127624,0.821713322596059,1
2024-11-26,0.0,22.4,27.4,17.5,0.7000000000000001,6.1,0.2,0.0,0.0,0.0,0.5,7.0,7.0,6.999999999999998,21.59999999999999,22.2,24.2,24.8,331,11,-0.5556819724760489,0.8313949395234058,0
2024-11-27,0.1,22.8,27.7,18.8,0.0,0.7000000000000001,6.1,0.0,0.0,0.0,2.8,6.8,7.0,6.999999999999998,21.09999999999999,22.4,24.5,25.0,332,11,-0.5412984521036173,0.8408305333122887,0
2024-11-28,0.0,22.9,28.2,18.1,0.1,0.0,0.7000000000000001,0.0,0.0,0.0,2.0,0.8,7.1,7.099999999999998,18.39999999999999,22.8,24.9,25.2,333,11,-0.5267547528105542,0.8500173118187018,0
2024-11-29,0.1,22.9,27.9,18.8,0.0,0.1,0.0,0.0,0.0,0.0,9.3,0.1,7.1,7.099999999999998,16.39999999999999,22.9,25.1,24.7,334,11,-0.5120551783114646,0.8589525565270845,0
2024-11-30,0.0,23.3,29.0,18.8,0.1,0.0,0.1,0.2,0.0,0.0,0.0,0.2,7.2,7.199999999999998,7.199999999999993,22.9,23.9,25.0,335,11,-0.4972040784469378,0.8676336233547726,0
2024-12-01,0.5,22.9,28.5,17.8,0.0,0.1,0.0,6.1,0.0,0.0,0.0,0.1,7.0,7.199999999999998,7.199999999999993,23.3,23.0,24.9,336,12,-0.4822058478963526,0.8760579434344281,1
2024-12-02,0.1,23.7,29.4,18.5,0.5,0.0,0.1,0.7000000000000001,0.0,0.0,0.0,0.6,1.4000000000000001,7.699999999999998,7.699999999999993,22.9,22.2,24.7,337,12,-0.46706492487743034,0.8842230238742036,0
2024-12-03,0.0,23.9,30.7,18.2,0.1,0.5,0.0,0.0,0.0,0.0,0.0,0.6,0.8,7.799999999999998,7.799999999999993,23.7,22.4,24.2,338,12,-0.451785789832884,0.8921264484954345,0
2024-12-04,0.0,24.1,31.3,17.5,0.0,0.1,0.5,0.1,0.0,0.0,0.0,0.6,0.8,7.799999999999998,7.799999999999993,23.9,22.8,24.5,339,12,-0.4363729641045924,0.8997658785476209,0
2024-12-05,0.0,24.5,30.5,20.2,0.0,0.0,0.1,0.0,0.0,0.0,0.0,0.1,0.7000000000000001,7.799999999999998,7.799999999999993,24.1,22.9,24.9,340,12,-0.42083100859565564,0.9071390534005044,0
2024-12-06,0.0,24.5,30.4,20.4,0.0,0.0,0.0,0.1,0.0,0.0,0.0,0.0,0.7000000000000001,7.799999999999998,7.799999999999993,24.5,22.9,25.1,341,12,-0.4051645224207563,0.9142437912130223,0
2024-12-07,0.0,24.1,30.3,19.7,0.0,0.0,0.0,0.0,0.2,0.0,0.0,0.0,0.6000000000000001,7.799999999999998,7.799999999999993,24.5,23.3,23.9,342,12,-0.3893781415452015,0.9210779895789526,0
2024-12-08,0.0,23.9,29.9,19.7,0.0,0.0,0.0,0.5,6.1,0.0,0.0,0.0,0.6000000000000001,7.599999999999998,7.799999999999993,24.1,22.9,23.0,343,12,-0.37347653741307074,0.9276396261490467,0
2024-12-09,0.0,23.9,30.5,19.6,0.0,0.0,0.0,0.1,0.7000000000000001,0.0,0.0,0.0,0.10000000000000006,1.4999999999999982,7.799999999999993,23.9,23.7,22.2,344,12,-0.3574644155648614,0.9339267592294762,0
2024-12-10,0.0,24.7,30.7,19.8,0.0,0.0,0.0,0.0,0.0,0.0,0.0,0.0,0.0,0.7999999999999983,7.799999999999993,23.9,23.9,22.4,345,12,-0.34134651424503615,0.9399375283564133,0
2024-12-11,0.0,24.4,30.8,20.0,0.0,0.0,0.0,0.0,0.1,0.0,0.0,0.0,0.0,0.7999999999999983,7.799999999999993,24.7,24.1,22.8,346,12,-0.3251276029999093,0.9456701548465688,0
2024-12-12,0.0,24.6,31.0,19.8,0.0,0.0,0.0,0.0,0.0,0.0,0.0,0.0,0.0,0.6999999999999983,7.799999999999993,24.4,24.5,22.9,347,12,-0.30881248126625377,0.9511229423235357,0
2024-12-13,0.0,24.1,30.9,17.3,0.0,0.0,0.0,0.0,0.1,0.0,0.0,0.0,0.0,0.6999999999999983,7.799999999999993,24.6,24.5,22.9,348,12,-0.29240597695107734,0.9562942772197719,0
2024-12-14,0.0,23.4,29.9,16.9,0.0,0.0,0.0,0.0,0.0,0.2,0.0,0.0,0.0,0.5999999999999983,7.799999999999993,24.1,24.1,23.3,349,12,-0.27591294500296043,0.9611826292540837,0
2024-12-15,0.0,23.8,30.6,17.3,0.0,0.0,0.0,0.0,0.5,6.1,0.0,0.0,0.0,0.5999999999999983,7.799999999999993,23.4,23.9,22.9,350,12,-0.2593382659754056,0.9657865518844574,0
2024-12-16,0.0,24.3,30.8,19.1,0.0,0.0,0.0,0.0,0.1,0.7000000000000001,0.0,0.0,0.0,0.09999999999999828,7.799999999999993,23.8,23.9,23.7,351,12,-0.2426868445825954,0.9701046827361175,0
2024-12-17,0.0,23.8,30.5,17.8,0.0,0.0,0.0,0.0,0.0,0.0,0.0,0.0,0.0,0.0,7.799999999999993,24.3,24.7,23.9,352,12,-0.22596360824801906,0.974135744004672,0
2024-12-18,0.0,24.1,30.7,17.1,0.0,0.0,0.0,0.0,0.0,0.1,0.0,0.0,0.0,0.0,7.799999999999993,23.8,24.4,24.1,353,12,-0.20917350564635637,0.9778785428342386,0
2024-12-19,0.0,23.8,30.0,18.6,0.0,0.0,0.0,0.0,0.0,0.0,0.0,0.0,0.0,0.0,7.799999999999993,24.1,24.6,24.5,354,12,-0.19232150523909483,0.9813319716704275,0
2024-12-20,0.0,22.4,28.4,17.5,0.0,0.0,0.0,0.0,0.0,0.1,0.0,0.0,0.0,0.0,7.799999999999993,23.8,24.1,24.5,355,12,-0.17541259380427843,0.9844950085880858,0
2024-12-21,0.0,22.4,29.3,16.5,0.0,0.0,0.0,0.0,0.0,0.0,0.2,0.0,0.0,0.0,7.799999999999993,22.4,23.4,24.1,356,12,-0.15845177496083632,0.9873667175937016,0
2024-12-22,0.0,22.7,29.6,16.0,0.0,0.0,0.0,0.0,0.0,0.5,6.1,0.0,0.0,0.0,7.5999999999999925,22.4,23.8,23.9,357,12,-0.14144406768794202,0.9899462489023779,0
2024-12-23,0.0,22.4,29.2,16.6,0.0,0.0,0.0,0.0,0.0,0.1,0.7000000000000001,0.0,0.0,0.0,1.499999999999993,22.7,24.3,23.9,358,12,-0.12439450483979998,0.9922328391893008,0
2024-12-24,0.0,22.1,28.7,15.7,0.0,0.0,0.0,0.0,0.0,0.0,0.0,0.0,0.0,0.0,0.7999999999999929,22.4,23.8,24.7,359,12,-0.10730813165636247,0.9942258118156161,0
2024-12-25,0.0,23.1,29.9,17.2,0.0,0.0,0.0,0.0,0.0,0.0,0.1,0.0,0.0,0.0,0.7999999999999929,22.1,24.1,24.4,360,12,-0.09019000427034513,0.9959245770286599,0
2024-12-26,0.0,24.0,31.0,17.1,0.0,0.0,0.0,0.0,0.0,0.0,0.0,0.0,0.0,0.0,0.699999999999993,23.1,23.8,24.6,361,12,-0.07304518821104743,0.9973286321364752,0
2024-12-27,0.0,24.3,31.0,18.0,0.0,0.0,0.0,0.0,0.0,0.0,0.1,0.0,0.0,0.0,0.699999999999993,24.0,22.4,24.1,362,12,-0.05587875690537313,0.9984375616565666,0
2024-12-28,0.0,24.4,32.1,17.6,0.0,0.0,0.0,0.0,0.0,0.0,0.0,0.0,0.0,0.0,0.599999999999993,24.3,22.4,23.4,363,12,-0.03869579017652689,0.9992510374388481,0
2024-12-29,0.0,23.8,31.7,15.3,0.0,0.0,0.0,0.0,0.0,0.0,0.5,0.0,0.0,0.0,0.599999999999993,24.4,22.7,23.8,364,12,-0.021501372740813793,0.999768818762748,0
2024-12-30,0.0,24.1,32.4,17.7,0.0,0.0,0.0,0.0,0.0,0.0,0.1,0.0,0.0,0.0,0.09999999999999296,23.8,22.4,24.3,365,12,-0.004300592702981974,0.9999907524084426,0
2024-12-31,0.0,22.9,30.5,14.8,0.0,0.0,0.0,0.0,0.0,0.0,0.0,0.0,0.0,0.0,0.0,24.1,22.1,23.8,366,12,0.012901459949419653,0.9999167727021953,0
2025-01-01,0.0,23.0,31.2,15.2,0.0,0.0,0.0,0.0,0.0,0.0,0.0,0.0,0.0,0.0,0.0,22.9,23.1,24.1,1,1,0.017201575418260506,0.9998520419557735,0
2025-01-02,0.0,24.0,32.1,17.7,0.0,0.0,0.0,0.0,0.0,0.0,0.0,0.0,0.0,0.0,0.0,23.0,24.0,23.8,2,1,0.03439806061360801,0.9994082116062598,0
2025-01-03,0.0,24.5,31.8,19.7,0.0,0.0,0.0,0.0,0.0,0.0,0.0,0.0,0.0,0.0,0.0,24.0,24.3,22.4,3,1,0.051584366869408364,0.9986686402879997,0
2025-01-04,0.0,24.6,31.7,19.5,0.0,0.0,0.0,0.0,0.0,0.0,0.0,0.0,0.0,0.0,0.0,24.5,24.4,22.4,4,1,0.06875540848113941,0.9976335468520451,0
2025-01-05,0.0,25.0,31.2,18.7,0.0,0.0,0.0,0.0,0.0,0.0,0.0,0.0,0.0,0.0,0.0,24.6,23.8,22.7,5,1,0.08590610426133272,0.9963032375991965,0
2025-01-06,0.0,23.4,29.9,18.1,0.0,0.0,0.0,0.0,0.0,0.0,0.0,0.0,0.0,0.0,0.0,25.0,24.1,22.4,6,1,0.10303137904317879,0.9946781061893646,0
2025-01-07,0.0,22.9,29.7,17.3,0.0,0.0,0.0,0.0,0.0,0.0,0.0,0.0,0.0,0.0,0.0,23.4,22.9,22.1,7,1,0.1201261651823505,0.9927586335250793,0
2025-01-08,0.0,23.0,29.2,16.8,0.0,0.0,0.0,0.0,0.0,0.0,0.0,0.0,0.0,0.0,0.0,22.9,23.0,23.1,8,1,0.13718540405660057,0.9905453876091833,0
2025-01-09,0.0,22.9,28.9,17.1,0.0,0.0,0.0,0.0,0.0,0.0,0.0,0.0,0.0,0.0,0.0,23.0,24.0,24.0,9,1,0.1542040475626894,0.988039023376751,0
2025-01-10,0.0,22.8,29.3,16.4,0.0,0.0,0.0,0.0,0.0,0.0,0.0,0.0,0.0,0.0,0.0,22.9,24.5,24.3,10,1,0.17117705961019986,0.985240282501282,0
2025-01-11,0.0,22.5,29.4,16.3,0.0,0.0,0.0,0.0,0.0,0.0,0.0,0.0,0.0,0.0,0.0,22.8,24.6,24.4,11,1,0.18809941761179758,0.9821499931752291,0
2025-01-12,0.0,22.5,29.5,16.2,0.0,0.0,0.0,0.0,0.0,0.0,0.0,0.0,0.0,0.0,0.0,22.5,25.0,23.8,12,1,0.20496611396949532,0.9787690698649216,0
2025-01-13,0.0,23.3,31.1,16.5,0.0,0.0,0.0,0.0,0.0,0.0,0.0,0.0,0.0,0.0,0.0,22.5,23.4,24.1,13,1,0.22177215755648186,0.975098513039961,0
2025-01-14,0.0,24.4,31.0,18.4,0.0,0.0,0.0,0.0,0.0,0.0,0.0,0.0,0.0,0.0,0.0,23.3,22.9,22.9,14,1,0.23851257519407648,0.9711394088771653,0
2025-01-15,0.0,25.2,32.2,19.1,0.0,0.0,0.0,0.0,0.0,0.0,0.0,0.0,0.0,0.0,0.0,24.4,23.0,23.0,15,1,0.2551824131233728,0.9668929289391521,0
2025-01-16,0.0,25.8,33.1,20.3,0.0,0.0,0.0,0.0,0.0,0.0,0.0,0.0,0.0,0.0,0.0,25.2,22.9,24.0,16,1,0.2717767384711357,0.9623603298276545,0
2025-01-17,0.0,26.4,32.8,21.6,0.0,0.0,0.0,0.0,0.0,0.0,0.0,0.0,0.0,0.0,0.0,25.8,22.8,24.5,17,1,0.2882906407095177,0.9575429528116719,0
2025-01-18,0.0,25.8,33.5,19.6,0.0,0.0,0.0,0.0,0.0,0.0,0.0,0.0,0.0,0.0,0.0,26.4,22.5,24.6,18,1,0.3047192331091634,0.9524422234305676,0
2025-01-19,0.0,25.3,32.9,18.7,0.0,0.0,0.0,0.0,0.0,0.0,0.0,0.0,0.0,0.0,0.0,25.8,22.5,25.0,19,1,0.321057654185271,0.9470596510722283,0
2025-01-20,0.0,25.3,32.8,17.7,0.0,0.0,0.0,0.0,0.0,0.0,0.0,0.0,0.0,0.0,0.0,25.3,23.3,23.4,20,1,0.3373010691361842,0.9413968285264122,0
2025-01-21,0.0,25.0,32.8,17.4,0.0,0.0,0.0,0.0,0.0,0.0,0.0,0.0,0.0,0.0,0.0,25.3,24.4,22.9,21,1,0.3534446712740877,0.9354554315134164,0
2025-01-22,0.0,24.7,32.9,17.2,0.0,0.0,0.0,0.0,0.0,0.0,0.0,0.0,0.0,0.0,0.0,25.0,25.2,23.0,22,1,0.3694836834473831,0.9292372181882051,0
2025-01-23,0.0,23.8,31.8,17.0,0.0,0.0,0.0,0.0,0.0,0.0,0.0,0.0,0.0,0.0,0.0,24.7,25.8,22.9,23,1,0.38541335945432564,0.9227440286201427,0
2025-01-24,0.0,23.0,30.3,16.1,0.0,0.0,0.0,0.0,0.0,0.0,0.0,0.0,0.0,0.0,0.0,23.8,26.4,22.8,24,1,0.4012289854475009,0.9159777842484877,0
2025-01-25,0.0,23.0,29.9,16.5,0.0,0.0,0.0,0.0,0.0,0.0,0.0,0.0,0.0,0.0,0.0,23.0,25.8,22.5,25,1,0.4169258813287287,0.908940487313808,0
2025-01-26,0.0,22.2,28.7,17.2,0.0,0.0,0.0,0.0,0.0,0.0,0.0,0.0,0.0,0.0,0.0,23.0,25.3,22.5,26,1,0.4324994021339788,0.901634220265486,0
2025-01-27,0.0,22.5,29.4,16.7,0.0,0.0,0.0,0.0,0.0,0.0,0.0,0.0,0.0,0.0,0.0,22.2,25.3,23.3,27,1,0.44794493940789115,0.8940611451454876,0
2025-01-28,0.0,23.0,30.2,16.1,0.0,0.0,0.0,0.0,0.0,0.0,0.0,0.0,0.0,0.0,0.0,22.5,25.0,24.4,28,1,0.4632579225674917,0.88622350294858,0
2025-01-29,0.0,23.2,30.4,16.9,0.0,0.0,0.0,0.0,0.0,0.0,0.0,0.0,0.0,0.0,0.0,23.0,24.7,25.2,29,1,0.4784338202547012,0.8781236129591848,0
2025-01-30,0.0,23.7,31.2,16.5,0.0,0.0,0.0,0.0,0.0,0.0,0.0,0.0,0.0,0.0,0.0,23.2,23.8,25.8,30,1,0.49346814167723735,0.8697638720650646,0
2025-01-31,0.0,23.9,31.3,16.9,0.0,0.0,0.0,0.0,0.0,0.0,0.0,0.0,0.0,0.0,0.0,23.7,23.0,26.4,31,1,0.5083564379375122,0.8611467540480452,0
2025-02-01,0.0,24.3,31.4,18.1,0.0,0.0,0.0,0.0,0.0,0.0,0.0,0.0,0.0,0.0,0.0,23.9,23.0,25.8,32,2,0.5230943033491326,0.8522748088519838,0
2025-02-02,0.0,24.7,32.0,18.1,0.0,0.0,0.0,0.0,0.0,0.0,0.0,0.0,0.0,0.0,0.0,24.3,22.2,25.3,33,2,0.5376773767406141,0.8431506618282,0
2025-02-03,0.0,25.4,32.6,18.9,0.0,0.0,0.0,0.0,0.0,0.0,0.0,0.0,0.0,0.0,0.0,24.7,22.5,25.3,34,2,0.5521013427459208,0.8337770129585915,0
2025-02-04,0.0,25.9,33.9,20.3,0.0,0.0,0.0,0.0,0.0,0.0,0.0,0.0,0.0,0.0,0.0,25.4,23.0,25.0,35,2,0.5663619330814524,0.8241566360566663,0
2025-02-05,0.0,26.7,34.2,20.0,0.0,0.0,0.0,0.0,0.0,0.0,0.0,0.0,0.0,0.0,0.0,25.9,23.2,24.7,36,2,0.580454927809098,0.8142923779467267,0
2025-02-06,0.0,25.9,33.6,19.4,0.0,0.0,0.0,0.0,0.0,0.0,0.0,0.0,0.0,0.0,0.0,26.7,23.7,23.8,37,2,0.5943761565849831,0.804187157621448,0
2025-02-07,0.0,25.6,34.7,17.6,0.0,0.0,0.0,0.0,0.0,0.0,0.0,0.0,0.0,0.0,0.0,25.9,23.9,23.0,38,2,0.6081214998935418,0.7938439653781019,0
2025-02-08,0.0,25.0,33.2,17.5,0.0,0.0,0.0,0.0,0.0,0.0,0.0,0.0,0.0,0.0,0.0,25.6,24.3,23.0,39,2,0.6216868902665479,0.7832658619336791,0
2025-02-09,0.0,24.9,33.0,17.3,0.0,0.0,0.0,0.0,0.0,0.0,0.0,0.0,0.0,0.0,0.0,25.0,24.7,22.2,40,2,0.6350683134867438,0.7724559775191742,0
2025-02-10,0.0,25.8,33.6,18.5,0.0,0.0,0.0,0.0,0.0,0.0,0.0,0.0,0.0,0.0,0.0,24.9,25.4,22.5,41,2,0.6482618097757122,0.7614175109532997,0
2025-02-11,0.0,26.5,33.5,19.6,0.0,0.0,0.0,0.0,0.0,0.0,0.0,0.0,0.0,0.0,0.0,25.8,25.9,23.0,42,2,0.6612634749656386,0.7501537286959042,0
2025-02-12,0.0,26.6,33.3,21.0,0.0,0.0,0.0,0.0,0.0,0.0,0.0,0.0,0.0,0.0,0.0,26.5,26.7,23.2,43,2,0.6740694616546161,0.7386679638813748,0
2025-02-13,0.0,25.5,31.4,20.1,0.0,0.0,0.0,0.0,0.0,0.0,0.0,0.0,0.0,0.0,0.0,26.6,25.9,23.7,44,2,0.6866759803451553,0.726963615332308,0
2025-02-14,0.1,26.5,32.9,19.8,0.0,0.0,0.0,0.0,0.0,0.0,0.0,0.0,0.0,0.0,0.0,25.5,25.6,23.9,45,2,0.6990793005655562,0.7150441465537444,0
2025-02-15,0.0,26.4,32.3,21.2,0.1,0.0,0.0,0.0,0.0,0.0,0.0,0.1,0.10000000000000006,0.09999999999999828,0.09999999999999296,26.5,25.0,24.3,46,2,0.7112757519738152,0.7029130847082615,0
2025-02-16,0.0,25.4,30.7,21.1,0.0,0.1,0.0,0.0,0.0,0.0,0.0,0.1,0.10000000000000006,0.09999999999999828,0.09999999999999296,26.4,24.9,24.7,47,2,0.7232617254437388,0.6905740195722294,0
2025-02-17,0.0,27.1,34.0,21.0,0.0,0.0,0.1,0.0,0.0,0.0,0.0,0.1,0.10000000000000006,0.09999999999999828,0.09999999999999296,25.4,25.8,25.4,48,2,0.7350336741329412,0.6780306024735382,0
2025-02-18,0.0,27.1,34.8,20.4,0.0,0.0,0.0,0.0,0.0,0.0,0.0,0.0,0.10000000000000006,0.09999999999999828,0.09999999999999296,27.1,26.5,25.9,49,2,0.746588114532413,0.6652865452111116,0
2025-02-19,0.0,27.2,33.5,21.7,0.0,0.0,0.0,0.0,0.0,0.0,0.0,0.0,0.10000000000000006,0.09999999999999828,0.09999999999999296,27.1,26.6,26.7,50,2,0.7579216274973472,0.6523456189565257,0
2025-02-20,0.0,25.6,32.7,20.0,0.0,0.0,0.0,0.0,0.0,0.0,0.0,0.0,0.10000000000000006,0.09999999999999828,0.09999999999999296,27.2,25.5,25.9,51,2,0.7690308592589181,0.6392116531380588,0
2025-02-21,0.0,25.9,33.8,18.3,0.0,0.0,0.0,0.1,0.0,0.0,0.0,0.0,0.10000000000000006,0.09999999999999828,0.09999999999999296,25.6,26.5,25.6,52,2,0.7799125224167177,0.6258885343075018,0
2025-02-22,0.0,26.7,34.4,20.1,0.0,0.0,0.0,0.0,0.0,0.0,0.0,0.0,0.0,0.09999999999999828,0.09999999999999296,25.9,26.4,25.0,53,2,0.7905633969115482,0.612380204990065,0
2025-02-23,0.0,28.1,35.1,21.3,0.0,0.0,0.0,0.0,0.0,0.0,0.0,0.0,0.0,0.09999999999999828,0.09999999999999296,26.7,25.4,24.9,54,2,0.8009803309782905,0.5986906625177214,0
2025-02-24,0.0,28.3,34.9,23.1,0.0,0.0,0.0,0.0,0.0,0.0,0.0,0.0,0.0,0.09999999999999828,0.09999999999999296,28.1,27.1,25.8,55,2,0.8111602420785621,0.5848239578463322,0
2025-02-25,0.0,28.3,34.5,22.6,0.0,0.0,0.0,0.0,0.0,0.0,0.0,0.0,0.0,0.09999999999999828,0.09999999999999296,28.3,27.1,26.5,56,2,0.8211001178128892,0.5707841943569036,0
2025-02-26,0.0,28.8,35.3,23.7,0.0,0.0,0.0,0.0,0.0,0.0,0.0,0.0,0.0,0.09999999999999828,0.09999999999999296,28.3,27.2,26.6,57,2,0.8307970168121247,0.5565755266413303,0
2025-02-27,0.0,28.3,33.7,23.1,0.0,0.0,0.0,0.0,0.0,0.0,0.0,0.0,0.0,0.09999999999999828,0.09999999999999296,28.8,25.6,25.5,58,2,0.8402480696078469,0.5422021592729844,0
2025-02-28,0.0,27.9,35.7,19.7,0.0,0.0,0.0,0.0,0.1,0.0,0.0,0.0,0.0,0.09999999999999828,0.09999999999999296,28.3,25.9,26.5,59,2,0.8494504794814806,0.527668345562516,0
2025-03-01,0.0,27.0,34.1,20.1,0.0,0.0,0.0,0.0,0.0,0.0,0.0,0.0,0.0,0.0,0.09999999999999296,27.9,26.7,26.4,60,3,0.8584015232918917,0.512978386299228,0
2025-03-02,0.0,27.0,34.0,19.1,0.0,0.0,0.0,0.0,0.0,0.0,0.0,0.0,0.0,0.0,0.09999999999999296,27.0,28.1,25.4,61,3,0.8670985522812081,0.4981366284784055,0
2025-03-03,0.0,27.9,35.1,20.6,0.0,0.0,0.0,0.0,0.0,0.0,0.0,0.0,0.0,0.0,0.09999999999999296,27.0,28.3,27.1,62,3,0.8755389928586302,0.4831474640149687,0
2025-03-04,0.0,26.9,34.0,21.0,0.0,0.0,0.0,0.0,0.0,0.0,0.0,0.0,0.0,0.0,0.09999999999999296,27.9,28.3,27.1,63,3,0.8837203473619977,0.4680153284438345,0
2025-03-05,0.0,26.4,33.0,19.5,0.0,0.0,0.0,0.0,0.0,0.0,0.0,0.0,0.0,0.0,0.09999999999999296,26.9,28.8,27.2,64,3,0.8916401947968874,0.45274469960737107,0
2025-03-06,0.0,27.1,33.9,20.7,0.0,0.0,0.0,0.0,0.0,0.0,0.0,0.0,0.0,0.0,0.09999999999999296,26.4,28.3,25.6,65,3,0.8992961915530253,0.4373400963303323,0
2025-03-07,0.0,26.0,33.6,19.3,0.0,0.0,0.0,0.0,0.0,0.1,0.0,0.0,0.0,0.0,0.09999999999999296,27.1,27.9,25.9,66,3,0.9066860720977985,0.4218060770826634,0
2025-03-08,0.0,25.8,33.2,19.1,0.0,0.0,0.0,0.0,0.0,0.0,0.0,0.0,0.0,0.0,0.09999999999999296,26.0,27.0,26.7,67,3,0.9138076496466615,0.40614723863057883,0
2025-03-09,0.0,25.0,32.3,18.8,0.0,0.0,0.0,0.0,0.0,0.0,0.0,0.0,0.0,0.0,0.09999999999999296,25.8,27.0,28.1,68,3,0.9206588168102428,0.3903682146763026,0
2025-03-10,0.0,25.5,33.3,19.2,0.0,0.0,0.0,0.0,0.0,0.0,0.0,0.0,0.0,0.0,0.09999999999999296,25.0,27.9,28.3,69,3,0.9272375462179537,0.374473674486883,0
2025-03-11,0.0,25.9,33.2,19.0,0.0,0.0,0.0,0.0,0.0,0.0,0.0,0.0,0.0,0.0,0.09999999999999296,25.5,26.9,28.3,70,3,0.9335418911179212,0.35846832151248087,0
2025-03-12,0.0,27.1,34.5,19.7,0.0,0.0,0.0,0.0,0.0,0.0,0.0,0.0,0.0,0.0,0.09999999999999296,25.9,26.4,28.8,71,3,0.9395699859530622,0.342356891994542,0
2025-03-13,0.2,26.7,33.7,21.5,0.0,0.0,0.0,0.0,0.0,0.0,0.0,0.0,0.0,0.0,0.09999999999999296,27.1,27.1,28.3,72,3,0.945320046913132,0.3261441535642696,1
2025-03-14,0.0,28.3,34.3,22.2,0.2,0.0,0.0,0.0,0.0,0.0,0.1,0.2,0.20000000000000007,0.1999999999999983,0.29999999999999294,26.7,26.0,27.9,73,3,0.9507903724625832,0.3098349038318025,0
2025-03-15,0.0,28.8,35.2,23.0,0.0,0.2,0.0,0.0,0.0,0.0,0.0,0.2,0.20000000000000007,0.1999999999999983,0.19999999999999296,28.3,25.8,27.0,74,3,0.9559793438440766,0.2934339689665273,0
2025-03-16,0.0,28.2,34.1,22.1,0.0,0.0,0.2,0.0,0.0,0.0,0.0,0.2,0.20000000000000007,0.1999999999999983,0.19999999999999296,28.8,25.0,27.0,75,3,0.9608854255574977,0.27694620226893646,0
2025-03-17,0.0,28.1,33.5,22.6,0.0,0.0,0.0,0.0,0.0,0.0,0.0,0.0,0.20000000000000007,0.1999999999999983,0.19999999999999296,28.2,25.5,27.9,76,3,0.9655071658143364,0.2603764827344581,0
2025-03-18,0.0,29.0,35.2,23.4,0.0,0.0,0.0,0.0,0.0,0.0,0.0,0.0,0.20000000000000007,0.1999999999999983,0.19999999999999296,28.1,25.9,26.9,77,3,0.969843196967294,0.24372971360968387,0
2025-03-19,0.0,28.4,34.8,20.9,0.0,0.0,0.0,0.0,0.0,0.0,0.0,0.0,0.20000000000000007,0.1999999999999983,0.19999999999999296,29.0,27.1,26.4,78,3,0.9738922359149924,0.22701082094141847,0
2025-03-20,0.0,28.9,34.5,23.8,0.0,0.0,0.0,0.2,0.0,0.0,0.0,0.0,0.20000000000000007,0.1999999999999983,0.19999999999999296,28.4,26.7,27.1,79,3,0.9776530844816641,0.2102247521189836,0
2025-03-21,0.0,27.7,33.4,22.6,0.0,0.0,0.0,0.0,0.0,0.0,0.0,0.0,0.0,0.1999999999999983,0.19999999999999296,28.9,28.3,26.0,80,3,0.981124629771712,0.19337647441020586,0
2025-03-22,0.0,26.1,32.2,20.6,0.0,0.0,0.0,0.0,0.0,0.0,0.0,0.0,0.0,0.1999999999999983,0.19999999999999296,27.7,28.8,25.8,81,3,0.984305844499033,0.17647097349152166,0
2025-03-23,0.0,25.8,32.6,19.7,0.0,0.0,0.0,0.0,0.0,0.0,0.0,0.0,0.0,0.1999999999999983,0.19999999999999296,26.1,28.2,25.0,82,3,0.9871957872910085,0.15951325197263655,0
2025-03-24,0.0,26.8,33.9,19.2,0.0,0.0,0.0,0.0,0.0,0.0,0.0,0.0,0.0,0.1999999999999983,0.19999999999999296,25.8,28.1,25.5,83,3,0.9897936029670716,0.14250832791617088,0
2025-03-25,0.0,26.7,33.5,20.1,0.0,0.0,0.0,0.0,0.0,0.0,0.0,0.0,0.0,0.1999999999999983,0.19999999999999296,26.8,29.0,25.9,84,3,0.992098522791769,0.12546123335273648,0
2025-03-26,0.0,26.9,33.7,21.2,0.0,0.0,0.0,0.0,0.0,0.0,0.0,0.0,0.0,0.1999999999999983,0.19999999999999296,26.7,28.4,27.1,85,3,0.9941098647022418,0.10837701279187609,0
2025-03-27,0.0,27.4,33.5,21.9,0.0,0.0,0.0,0.0,0.2,0.0,0.0,0.0,0.0,0.1999999999999983,0.19999999999999296,26.9,28.9,26.7,86,3,0.9958270335100595,0.09126072172931188,0
2025-03-28,0.0,27.7,33.5,22.0,0.0,0.0,0.0,0.0,0.0,0.0,0.0,0.0,0.0,0.0,0.19999999999999296,27.4,27.7,28.3,87,3,0.9972495210773451,0.07411742515094437,0
2025-03-29,0.0,28.4,34.8,21.5,0.0,0.0,0.0,0.0,0.0,0.0,0.0,0.0,0.0,0.0,0.19999999999999296,27.7,26.1,28.8,88,3,0.998376906467142,0.056952196034039754,0
2025-03-30,0.0,28.9,34.3,23.7,0.0,0.0,0.0,0.0,0.0,0.0,0.0,0.0,0.0,0.0,0.19999999999999296,28.4,25.8,28.2,89,3,0.9992088560679753,0.03977011384605572,0
2025-03-31,0.0,29.9,35.9,24.3,0.0,0.0,0.0,0.0,0.0,0.0,0.0,0.0,0.0,0.0,0.19999999999999296,28.9,26.8,28.1,90,3,0.9997451236925734,0.022576263041545485,0
2025-04-01,0.0,30.4,36.6,25.2,0.0,0.0,0.0,0.0,0.0,0.0,0.0,0.0,0.0,0.0,0.19999999999999296,29.9,26.7,29.0,91,4,0.9999855506507186,0.005375731557583884,0
2025-04-02,0.0,31.2,37.5,26.1,0.0,0.0,0.0,0.0,0.0,0.0,0.0,0.0,0.0,0.0,0.19999999999999296,30.4,26.9,28.4,92,4,0.9999300657962057,-0.011826390691832589,0
2025-04-03,0.0,30.6,36.6,25.4,0.0,0.0,0.0,0.0,0.0,0.2,0.0,0.0,0.0,0.0,0.19999999999999296,31.2,27.4,28.9,93,4,0.9995786855478958,-0.029025013321975237,0
2025-04-04,0.1,29.6,35.0,24.2,0.0,0.0,0.0,0.0,0.0,0.0,0.0,0.0,0.0,0.0,0.19999999999999296,30.6,27.7,27.7,94,4,0.9989315138848577,-0.046215046983708354,0
2025-04-05,0.0,28.2,34.1,23.3,0.1,0.0,0.0,0.0,0.0,0.0,0.0,0.1,0.10000000000000006,0.09999999999999828,0.29999999999999294,29.6,28.4,26.1,95,4,0.9979887423155984,-0.06339140486951038,0
2025-04-06,0.0,27.1,33.6,22.4,0.0,0.1,0.0,0.0,0.0,0.0,0.0,0.1,0.10000000000000006,0.09999999999999828,0.29999999999999294,28.2,28.9,25.8,96,4,0.9967506498213929,-0.08054900421874167,0
2025-04-07,0.1,26.6,33.6,21.6,0.0,0.0,0.1,0.0,0.0,0.0,0.0,0.1,0.10000000000000006,0.09999999999999828,0.29999999999999294,27.1,29.9,26.8,97,4,0.9952176027737294,-0.09768276782171598,0
2025-04-08,0.0,28.2,33.7,23.1,0.1,0.0,0.0,0.0,0.0,0.0,0.0,0.1,0.20000000000000007,0.1999999999999983,0.399999999999993,26.6,30.4,26.7,98,4,0.9933900548258936,-0.11478762552212701,0
2025-04-09,0.0,29.5,34.7,23.7,0.0,0.1,0.0,0.0,0.0,0.0,0.0,0.1,0.20000000000000007,0.1999999999999983,0.399999999999993,28.2,31.2,26.9,99,4,0.9912685467787256,-0.13185851571739118,0
2025-04-10,0.0,29.9,35.0,24.9,0.0,0.0,0.1,0.0,0.0,0.0,0.2,0.1,0.20000000000000007,0.1999999999999983,0.399999999999993,29.5,30.6,27.4,100,4,0.9888537064205885,-0.1488903868564548,0
2025-04-11,0.0,29.9,35.4,24.5,0.0,0.0,0.0,0.1,0.0,0.0,0.0,0.0,0.20000000000000007,0.1999999999999983,0.19999999999999296,29.9,29.6,27.7,101,4,0.986146248341595,-0.16587819893463143,0
2025-04-12,0.0,28.1,33.6,23.0,0.0,0.0,0.0,0.0,0.0,0.0,0.0,0.0,0.10000000000000006,0.1999999999999983,0.19999999999999296,29.9,28.2,28.4,102,4,0.9831469737221499,-0.1828169249850199,0
2025-04-13,0.0,27.7,34.1,21.3,0.0,0.0,0.0,0.0,0.0,0.0,0.0,0.0,0.10000000000000006,0.1999999999999983,0.19999999999999296,28.1,27.1,28.9,103,4,0.9798567700958665,-0.1997015525660636,0
2025-04-14,0.0,26.8,32.6,21.7,0.0,0.0,0.0,0.1,0.0,0.0,0.0,0.0,0.10000000000000006,0.1999999999999983,0.19999999999999296,27.7,26.6,29.9,104,4,0.9762766110869321,-0.21652708524481437,0
2025-04-15,0.2,27.8,34.5,21.3,0.0,0.0,0.0,0.0,0.0,0.0,0.0,0.0,0.0,0.1999999999999983,0.19999999999999296,26.8,28.2,30.4,105,4,0.9724075561219968,-0.23328854407545518,1
2025-04-16,0.8,28.2,36.1,22.5,0.2,0.0,0.0,0.0,0.0,0.0,0.0,0.2,0.20000000000000007,0.3999999999999983,0.399999999999993,27.8,29.5,31.2,106,4,0.9682507501166718,-0.2499809690726521,1
2025-04-17,0.0,28.3,35.5,23.3,0.8,0.2,0.0,0.0,0.0,0.0,0.0,1.0,1.0,1.1999999999999984,1.199999999999993,28.2,29.9,30.6,107,4,0.9638074231367307,-0.26659942067929354,0
2025-04-18,1.0,28.1,35.3,21.6,0.0,0.8,0.2,0.0,0.1,0.0,0.0,1.0,1.0,1.1999999999999984,1.199999999999993,28.3,29.9,29.6,108,4,0.9590788900341131,-0.28313898122818354,1
2025-04-19,2.0,27.1,34.9,22.2,1.0,0.0,0.8,0.0,0.0,0.0,0.0,1.8,2.0,2.0999999999999983,2.199999999999993,28.1,28.1,28.2,109,4,0.9540665500578387,-0.2995947563972602,1
2025-04-20,2.0,27.8,35.0,19.6,2.0,1.0,0.0,0.0,0.0,0.0,0.0,3.0,4.0,4.099999999999998,4.199999999999993,27.1,27.7,27.1,110,4,0.9487718864399473,-0.31596187665790293,1
2025-04-21,0.2,28.5,35.0,24.3,2.0,2.0,1.0,0.0,0.1,0.0,0.0,5.0,6.0,6.099999999999998,6.199999999999993,27.8,26.8,26.6,111,4,0.9431964659565866,-0.33223549871590435,1
2025-04-22,0.0,29.9,36.6,24.8,0.2,2.0,2.0,0.2,0.0,0.0,0.0,4.2,6.2,6.199999999999998,6.399999999999993,28.5,27.8,28.2,112,4,0.9373419384643772,-0.3484108069446808,0
2025-04-23,0.0,29.4,36.2,23.9,0.0,0.2,2.0,0.8,0.0,0.0,0.0,2.2,6.0,6.199999999999998,6.399999999999993,29.9,28.2,29.5,113,4,0.9312100364121947,-0.3644830148102912,0
2025-04-24,0.0,29.5,35.1,25.0,0.0,0.0,0.2,0.0,0.0,0.0,0.0,0.2,5.2,6.199999999999998,6.399999999999993,29.4,28.3,29.9,114,4,0.9248025743285089,-0.38044736628785164,0
2025-04-25,0.0,28.6,34.6,22.5,0.0,0.0,0.0,1.0,0.0,0.1,0.0,0.0,5.2,6.199999999999998,6.399999999999993,29.5,28.1,29.9,115,4,0.9181214482844365,-0.39629913726891813,0
2025-04-26,0.0,29.5,36.0,21.2,0.0,0.0,0.0,2.0,0.0,0.0,0.0,0.0,4.2,6.199999999999998,6.399999999999993,28.6,27.1,28.1,116,4,0.9111686353326631,-0.41203363695942635,0
2025-04-27,0.0,29.7,34.9,24.3,0.0,0.0,0.0,2.0,0.0,0.0,0.0,0.0,2.2,6.199999999999998,6.399999999999993,29.5,27.8,27.7,117,4,0.9039461929224011,-0.42764620926777464,0
2025-04-28,0.0,29.6,34.8,23.7,0.0,0.0,0.0,0.2,0.0,0.1,0.0,0.0,0.2,6.199999999999998,6.399999999999993,29.7,28.5,26.8,118,4,0.8964562582905575,-0.44313223418263453,0
2025-04-29,0.0,30.3,35.6,24.9,0.0,0.0,0.0,0.0,0.2,0.0,0.0,0.0,0.0,6.199999999999998,6.399999999999993,29.6,29.9,27.8,119,4,0.8887010478292915,-0.45848712914008766,0
2025-04-30,0.0,29.0,35.8,24.4,0.0,0.0,0.0,0.0,0.8,0.0,0.0,0.0,0.0,5.999999999999998,6.399999999999993,30.3,29.4,28.2,120,4,0.8806828564301475,-0.47370635037968,0
2025-05-01,0.0,29.3,35.9,22.7,0.0,0.0,0.0,0.0,0.0,0.0,0.0,0.0,0.0,5.199999999999998,6.399999999999993,29.0,29.5,28.3,121,5,0.8724040568049612,-0.48878539428899265,0
2025-05-02,0.8,29.4,36.1,24.9,0.0,0.0,0.0,0.0,1.0,0.0,0.1,0.0,0.0,5.199999999999998,6.399999999999993,29.3,28.6,28.1,122,5,0.8638670987837349,-0.503719798736334,1
2025-05-03,3.4,27.5,34.5,20.7,0.8,0.0,0.0,0.0,2.0,0.0,0.0,0.8,0.8,4.999999999999998,7.099999999999993,29.4,29.5,27.1,123,5,0.8550745085896932,-0.518505144391157,1
2025-05-04,0.0,26.2,31.8,20.5,3.4,0.8,0.0,0.0,2.0,0.0,0.0,4.2,4.2,6.399999999999999,10.499999999999993,27.5,29.7,27.8,124,5,0.8460288880917339,-0.533137056031809,0
2025-05-05,0.0,26.7,32.6,21.4,0.0,3.4,0.8,0.0,0.2,0.0,0.1,4.199999999999999,4.199999999999999,4.399999999999999,10.499999999999993,26.2,29.6,28.5,125,5,0.8367329140344921,-0.5476112038402312,0
2025-05-06,0.0,26.7,32.8,19.9,0.0,0.0,3.4,0.0,0.0,0.2,0.0,3.4,4.199999999999999,4.1999999999999975,10.399999999999993,26.7,30.3,29.9,126,5,0.8271893372462497,-0.5619233046832195,0
2025-05-07,4.1,26.6,34.2,21.2,0.0,0.0,0.0,0.0,0.0,0.8,0.0,0.0,4.199999999999999,4.1999999999999975,10.399999999999993,26.7,29.0,29.4,127,5,0.8174009818249189,-0.5760691233798758,1
2025-05-08,3.6,27.1,34.5,22.9,4.1,0.0,0.0,0.0,0.0,0.0,0.0,4.1,8.299999999999999,8.299999999999997,14.499999999999993,26.6,29.3,29.5,128,5,0.8073707443023492,-0.5900444739548627,1
2025-05-09,0.0,28.8,35.4,24.3,3.6,4.1,0.0,0.8,0.0,1.0,0.0,7.699999999999999,11.899999999999999,11.899999999999997,18.099999999999994,27.1,29.4,28.6,129,5,0.7971015927871943,-0.6038452208771035,0
2025-05-10,0.0,30.2,35.3,25.2,0.0,3.6,4.1,3.4,0.0,2.0,0.0,7.699999999999999,11.099999999999998,11.899999999999997,18.099999999999994,28.8,27.5,29.5,130,5,0.7865965660866021,-0.6174672802835514,0
2025-05-11,0.1,28.8,34.3,23.6,0.0,0.0,3.6,0.0,0.0,2.0,0.0,3.6,7.699999999999999,11.899999999999997,18.099999999999994,30.2,26.2,29.7,131,5,0.7758587728069828,-0.6309066211876704,0
2025-05-12,0.2,27.0,33.2,22.6,0.1,0.0,0.0,0.0,0.0,0.2,0.0,0.1,7.799999999999999,11.999999999999996,18.199999999999992,28.8,26.7,29.6,132,5,0.7648913904341226,-0.6441592666722685,1
2025-05-13,0.0,28.4,34.0,22.3,0.2,0.1,0.0,0.0,0.0,0.0,0.2,0.30000000000000004,7.999999999999999,12.199999999999998,18.39999999999999,27.0,26.7,30.3,133,5,0.753697664392914,-0.6572212950663319,0
2025-05-14,0.0,28.6,34.5,22.9,0.0,0.2,0.1,4.1,0.0,0.0,0.8,0.30000000000000004,7.999999999999999,12.199999999999998,18.199999999999992,28.4,26.6,29.0,134,5,0.742280907086982,-0.6700888411055113,0
2025-05-15,0.0,29.3,36.9,22.8,0.0,0.0,0.2,3.6,0.0,0.0,0.0,0.2,3.899999999999999,12.199999999999998,17.39999999999999,28.6,27.1,29.3,135,5,0.7306444969184916,-0.6827580970759147,0
2025-05-16,0.0,30.6,38.5,21.4,0.0,0.0,0.0,0.0,0.8,0.0,1.0,0.0,0.29999999999999916,12.199999999999998,17.39999999999999,29.3,28.8,29.4,136,5,0.7187918772884232,-0.6952253139408722,0
2025-05-17,0.0,30.9,36.9,25.2,0.0,0.0,0.0,0.0,3.4,0.0,2.0,0.0,0.29999999999999916,11.399999999999999,16.39999999999999,30.6,30.2,27.5,137,5,0.7067265555776158,-0.7074868024503348,0
2025-05-18,0.0,30.2,36.6,25.0,0.0,0.0,0.0,0.1,0.0,0.0,2.0,0.0,0.29999999999999916,7.999999999999998,14.399999999999993,30.9,28.8,26.2,138,5,0.6944521021088763,-0.719538934232584,0
2025-05-19,0.0,30.0,35.7,25.0,0.0,0.0,0.0,0.2,0.0,0.0,0.2,0.0,0.19999999999999912,7.999999999999998,12.399999999999991,30.2,27.0,26.7,139,5,0.6819721490904629,-0.7313781428679254,0
2025-05-20,0.0,30.1,35.5,23.9,0.0,0.0,0.0,0.0,0.0,0.0,0.0,0.0,0.0,7.999999999999998,12.199999999999992,30.0,28.4,26.7,140,5,0.6692903895412567,-0.7430009249440493,0
2025-05-21,0.0,29.9,35.6,24.5,0.0,0.0,0.0,0.0,4.1,0.0,0.0,0.0,0.0,7.999999999999998,12.199999999999992,30.1,28.6,26.6,141,5,0.6564105761979381,-0.7544038410927472,0
2025-05-22,0.0,30.3,35.2,26.2,0.0,0.0,0.0,0.0,3.6,0.0,0.0,0.0,0.0,3.899999999999998,12.199999999999992,29.9,29.3,27.1,142,5,0.6433365204044917,-0.765583517007675,0
2025-05-23,0.0,29.4,35.0,24.7,0.0,0.0,0.0,0.0,0.0,0.8,0.0,0.0,0.0,0.29999999999999827,12.199999999999992,30.3,30.6,28.8,143,5,0.6300720909843687,-0.7765366444428655,0
2025-05-24,0.0,29.2,34.4,23.2,0.0,0.0,0.0,0.0,0.0,3.4,0.0,0.0,0.0,0.29999999999999827,12.199999999999992,29.4,30.9,30.2,144,5,0.6166212130956382,-0.7872599821916922,0
2025-05-25,0.0,28.9,34.1,22.3,0.0,0.0,0.0,0.0,0.1,0.0,0.0,0.0,0.0,0.29999999999999827,12.199999999999992,29.2,30.2,28.8,145,5,0.6029878670694714,-0.7977503570459932,0
2025-05-26,0.0,29.9,35.4,24.6,0.0,0.0,0.0,0.0,0.2,0.0,0.0,0.0,0.0,0.19999999999999823,12.199999999999992,28.9,30.0,27.0,146,5,0.5891760872322963,-0.8080046647350754,0
2025-05-27,0.0,28.9,33.9,24.1,0.0,0.0,0.0,0.0,0.0,0.0,0.0,0.0,0.0,0.0,12.199999999999992,29.9,30.1,28.4,147,5,0.5751899607119775,-0.8180198708443175,0
2025-05-28,1.0,28.1,33.5,23.5,0.0,0.0,0.0,0.0,0.0,4.1,0.0,0.0,0.0,0.0,12.199999999999992,28.9,29.9,28.6,148,5,0.5610336262283677,-0.8277930117131022,1
2025-05-29,0.0,28.2,32.8,22.3,1.0,0.0,0.0,0.0,0.0,3.6,0.0,1.0,0.9999999999999991,0.9999999999999982,13.199999999999992,28.1,30.3,29.3,149,5,0.5467112728685939,-0.8373211953118121,0
2025-05-30,0.0,28.0,32.9,23.6,0.0,1.0,0.0,0.0,0.0,0.0,0.8,1.0,0.9999999999999991,0.9999999999999982,13.199999999999992,28.2,29.4,30.6,150,5,0.5322271388474397,-0.8466016020976267,0
2025-05-31,0.0,27.5,33.2,21.7,0.0,0.0,1.0,0.0,0.0,0.0,3.4,1.0,0.9999999999999991,0.9999999999999982,12.399999999999991,28.0,29.2,30.9,151,5,0.5175855102531889,-0.8556314858488706,0
2025-06-01,0.0,28.2,33.8,23.3,0.0,0.0,0.0,0.0,0.0,0.1,0.0,0.0,0.9999999999999991,0.9999999999999982,8.999999999999993,27.5,28.9,30.2,152,6,0.5027907197793043,-0.8644081744776648,0
2025-06-02,0.0,28.1,33.6,22.6,0.0,0.0,0.0,0.0,0.0,0.2,0.0,0.0,0.9999999999999991,0.9999999999999982,8.999999999999993,28.2,29.9,30.0,153,6,0.4878471454423119,-0.8729290708206411,0
2025-06-03,0.0,28.8,34.8,21.8,0.0,0.0,0.0,0.0,0.0,0.0,0.0,0.0,0.9999999999999991,0.9999999999999982,8.999999999999993,28.1,28.9,30.1,154,6,0.47275920928627757,-0.881191653407483,0
2025-06-04,0.0,28.9,34.0,22.0,0.0,0.0,0.0,1.0,0.0,0.0,4.1,0.0,0.9999999999999991,0.9999999999999982,8.999999999999993,28.8,28.1,29.9,155,6,0.4575313760742512,-0.8891934772070711,0
2025-06-05,0.0,29.1,34.3,23.6,0.0,0.0,0.0,0.0,0.0,0.0,3.6,0.0,0.0,0.9999999999999982,4.899999999999993,28.9,28.2,30.3,156,6,0.44216815196707204,-0.8969321743510065,0
2025-06-06,0.0,27.1,31.8,21.3,0.0,0.0,0.0,0.0,0.0,0.0,0.0,0.0,0.0,0.9999999999999982,1.299999999999993,29.1,28.0,29.4,157,6,0.42667408318992467,-0.9044054548343001,0
2025-06-07,0.0,28.8,34.7,24.3,0.0,0.0,0.0,0.0,0.0,0.0,0.0,0.0,0.0,0.9999999999999982,1.299999999999993,27.1,27.5,29.2,158,6,0.4110537546870351,-0.9116111071930239,0
2025-06-08,0.0,29.8,35.1,23.7,0.0,0.0,0.0,0.0,0.0,0.0,0.1,0.0,0.0,0.9999999999999982,1.299999999999993,28.8,28.2,28.9,159,6,0.3953117887649151,-0.9185469991587165,0
2025-06-09,0.0,30.3,35.7,25.5,0.0,0.0,0.0,0.0,0.0,0.0,0.2,0.0,0.0,0.9999999999999982,1.1999999999999929,29.8,28.1,29.9,160,6,0.37945284372454435,-0.925211078289358,0
2025-06-10,0.0,30.0,35.4,25.0,0.0,0.0,0.0,0.0,0.0,0.0,0.0,0.0,0.0,0.9999999999999982,0.9999999999999929,30.3,28.8,28.9,161,6,0.36348161248290634,-0.9316013725767187,0
2025-06-11,0.0,30.2,35.3,25.6,0.0,0.0,0.0,0.0,1.0,0.0,0.0,0.0,0.0,0.9999999999999982,0.9999999999999929,30.0,28.9,28.1,162,6,0.3474028211842774,-0.9377159910299093,0
2025-06-12,0.0,30.6,36.1,25.0,0.0,0.0,0.0,0.0,0.0,0.0,0.0,0.0,0.0,0.0,0.9999999999999929,30.2,29.1,28.2,163,6,0.3312212278016865,-0.9435531242349544,0
2025-06-13,0.0,31.0,37.1,24.7,0.0,0.0,0.0,0.0,0.0,0.0,0.0,0.0,0.0,0.0,0.9999999999999929,30.6,27.1,28.0,164,6,0.31494162072895193,-0.9491110448902284,0
2025-06-14,0.0,29.0,34.3,24.3,0.0,0.0,0.0,0.0,0.0,0.0,0.0,0.0,0.0,0.0,0.9999999999999929,31.0,28.8,27.5,165,6,0.2985688173637202,-0.9543881083175908,0
2025-06-15,0.0,28.0,33.7,22.5,0.0,0.0,0.0,0.0,0.0,0.0,0.0,0.0,0.0,0.0,0.9999999999999929,29.0,29.8,28.2,166,6,0.2821076626819194,-0.9593827529490743,0
2025-06-16,0.0,28.1,33.6,24.2,0.0,0.0,0.0,0.0,0.0,0.0,0.0,0.0,0.0,0.0,0.9999999999999929,28.0,30.3,28.1,167,6,0.26556302780405594,-0.9640935007889755,0
2025-06-17,0.0,26.2,32.3,22.2,0.0,0.0,0.0,0.0,0.0,0.0,0.0,0.0,0.0,0.0,0.9999999999999929,28.1,30.0,28.8,168,6,0.24893980855376657,-0.9685189578512204,0
2025-06-18,0.3,24.4,29.5,21.1,0.0,0.0,0.0,0.0,0.0,1.0,0.0,0.0,0.0,0.0,0.9999999999999929,26.2,30.2,28.9,169,6,0.23224292400907015,-0.9726578145718654,1
2025-06-19,0.0,25.6,31.0,20.8,0.3,0.0,0.0,0.0,0.0,0.0,0.0,0.3,0.2999999999999991,0.2999999999999982,1.299999999999993,24.4,30.6,29.1,170,6,0.21547731504673012,-0.976508846196619,0
2025-06-20,0.0,26.3,31.6,21.6,0.0,0.3,0.0,0.0,0.0,0.0,0.0,0.3,0.2999999999999991,0.2999999999999982,1.299999999999993,25.6,31.0,27.1,171,6,0.19864794288017112,-0.9800709131432666,0
2025-06-21,0.0,27.1,32.4,22.4,0.0,0.0,0.3,0.0,0.0,0.0,0.0,0.3,0.2999999999999991,0.2999999999999982,1.299999999999993,26.3,29.0,28.8,172,6,0.18175978759137534,-0.9833429613388902,0
2025-06-22,0.0,28.0,33.3,23.0,0.0,0.0,0.0,0.0,0.0,0.0,0.0,0.0,0.2999999999999991,0.2999999999999982,1.299999999999993,27.1,28.0,29.8,173,6,0.16481784665719793,-0.9863240225317866,0
2025-06-23,0.0,27.9,33.2,23.4,0.0,0.0,0.0,0.0,0.0,0.0,0.0,0.0,0.2999999999999991,0.2999999999999982,1.299999999999993,28.0,28.1,30.3,174,6,0.14782713347053048,-0.9890132145779883,0
2025-06-24,0.0,28.2,34.0,24.0,0.0,0.0,0.0,0.0,0.0,0.0,0.0,0.0,0.2999999999999991,0.2999999999999982,1.299999999999993,27.9,26.2,30.0,175,6,0.13079267585675922,-0.9914097417023038,0
2025-06-25,0.0,27.4,32.2,23.2,0.0,0.0,0.0,0.3,0.0,0.0,1.0,0.0,0.2999999999999991,0.2999999999999982,1.299999999999993,28.2,24.4,30.2,176,6,0.11371951458594969,-0.9935128947338007,0
2025-06-26,0.0,28.6,33.8,23.2,0.0,0.0,0.0,0.0,0.0,0.0,0.0,0.0,0.0,0.2999999999999982,0.2999999999999929,27.4,25.6,30.6,177,6,0.0966127018812031,-0.9953220513156602,0
2025-06-27,0.0,28.2,33.7,23.8,0.0,0.0,0.0,0.0,0.0,0.0,0.0,0.0,0.0,0.2999999999999982,0.2999999999999929,28.6,26.3,31.0,178,6,0.07947729992362097,-0.9968366760893436,0
2025-06-28,0.0,26.3,32.8,21.6,0.0,0.0,0.0,0.0,0.0,0.0,0.0,0.0,0.0,0.2999999999999982,0.2999999999999929,28.2,27.1,29.0,179,6,0.062318379354325076,-0.998056320853012,0
2025-06-29,0.0,26.5,30.8,21.8,0.0,0.0,0.0,0.0,0.0,0.0,0.0,0.0,0.0,0.2999999999999982,0.2999999999999929,26.3,28.0,28.0,180,6,0.04514101777397193,-0.9989806246941579,0
2025-06-30,10.6,23.6,28.7,19.5,0.0,0.0,0.0,0.0,0.0,0.0,0.0,0.0,0.0,0.2999999999999982,0.2999999999999929,26.5,27.9,28.1,181,6,0.02795029824021032,-0.999609314096404,1
2025-07-01,17.7,23.1,30.5,19.5,10.6,0.0,0.0,0.0,0.0,0.0,0.0,10.6,10.599999999999998,10.899999999999999,10.899999999999993,23.6,28.2,26.2,182,7,0.01075130776352193,-0.9999422030204416,1
2025-07-02,5.5,21.7,27.4,18.6,17.7,10.6,0.0,0.0,0.3,0.0,0.0,28.299999999999997,28.3,28.599999999999998,28.599999999999994,23.1,27.4,24.4,183,7,-0.00645086419810515,-0.9999791929590823,1
2025-07-03,2.4,22.4,26.5,18.8,5.5,17.7,10.6,0.0,0.0,0.0,0.0,33.8,33.8,33.8,34.099999999999994,21.7,28.6,25.6,184,7,-0.023651127245231586,-0.9997202729664083,1
2025-07-04,9.7,22.8,28.9,19.0,2.4,5.5,17.7,0.0,0.0,0.0,0.0,25.599999999999998,36.2,36.199999999999996,36.49999999999999,22.4,28.2,26.3,185,7,-0.04084439154329611,-0.9991655196610109,1
2025-07-05,7.1,21.7,26.8,18.0,9.7,2.4,5.5,0.0,0.0,0.0,0.0,17.6,45.9,45.9,46.19999999999999,22.8,26.3,27.1,186,7,-0.05802556932878035,-0.9983150972033183,1
2025-07-06,2.5,23.5,28.9,19.5,7.1,9.7,2.4,0.0,0.0,0.0,0.0,19.200000000000003,53.0,53.0,53.29999999999999,21.7,26.5,28.0,187,7,-0.07518957641475855,-0.9971692572470178,1
2025-07-07,2.2,22.8,28.4,19.6,2.5,7.1,9.7,10.6,0.0,0.0,0.0,19.300000000000004,55.5,55.5,55.79999999999999,23.5,23.6,27.9,188,7,-0.09233133369539122,-0.9957283388645872,1
2025-07-08,5.9,21.7,26.4,19.4,2.2,2.5,7.1,17.7,0.0,0.0,0.0,11.800000000000004,47.1,57.699999999999996,57.99999999999999,22.8,23.1,28.2,189,7,-0.10944576864891556,-0.993992768446958,1
2025-07-09,6.2,21.1,25.5,18.3,5.9,2.2,2.5,5.5,0.0,0.3,0.0,10.600000000000005,35.300000000000004,63.599999999999994,63.89999999999999,21.7,21.7,27.4,190,7,-0.12652781683868314,-0.9919630595773397,1
2025-07-10,15.1,21.5,26.4,19.0,6.2,5.9,2.2,2.4,0.0,0.0,0.0,14.300000000000004,36.0,69.8,70.1,21.1,22.4,28.6,191,7,-0.1435724234118113,-0.9896398128792412,1
2025-07-11,21.9,20.2,23.5,18.5,15.1,6.2,5.9,9.7,0.0,0.0,0.0,27.200000000000003,48.7,84.89999999999999,85.19999999999999,21.5,22.8,28.2,192,7,-0.16057454459499376,-0.9870237158387383,1
2025-07-12,4.8,21.0,26.0,18.1,21.9,15.1,6.2,7.1,0.0,0.0,0.0,43.2,60.9,106.8,107.1,20.2,21.7,26.3,193,7,-0.17752914918703497,-0.984115542601034,1
2025-07-13,3.7,20.9,26.1,18.4,4.8,21.9,15.1,2.5,0.0,0.0,0.0,41.8,58.599999999999994,111.6,111.89999999999999,21.0,23.5,26.5,194,7,-0.19443122004766195,-0.9809161537413774,1
2025-07-14,0.9,21.7,26.7,18.7,3.7,4.8,21.9,2.2,10.6,0.0,0.0,30.400000000000002,59.8,115.3,115.6,20.9,22.8,23.6,195,7,-0.2112757555821793,-0.9774264960104055,1
2025-07-15,3.0,21.6,26.7,17.6,0.9,3.7,4.8,5.9,17.7,0.0,0.0,9.400000000000004,58.5,105.60000000000001,116.49999999999999,21.7,21.7,23.1,196,7,-0.2280577712215198,-0.9736476020539838,1
2025-07-16,10.2,20.2,24.7,17.6,3.0,0.9,3.7,6.2,5.5,0.0,0.3,7.600000000000003,55.6,90.9,119.49999999999999,21.6,21.1,21.7,197,7,-0.24477230089725957,-0.9695805901076308,1
2025-07-17,2.3,20.9,25.2,17.4,10.2,3.0,0.9,15.1,2.4,0.0,0.0,14.100000000000001,59.6,95.6,129.39999999999998,20.2,21.5,22.4,198,7,-0.2614143985111562,-0.965226663665613,1
2025-07-18,7.3,21.7,25.6,19.1,2.3,10.2,3.0,21.9,9.7,0.0,0.0,15.5,46.8,95.5,131.7,20.9,20.2,22.8,199,7,-0.2779791393987801,-0.9605871111248129,1
2025-07-19,4.8,20.9,25.9,18.4,7.3,2.3,10.2,4.8,7.1,0.0,0.0,19.8,32.2,93.10000000000001,139.0,21.7,21.0,21.7,200,7,-0.2944616217868012,-0.9556633054034704,1
2025-07-20,5.7,21.6,26.7,17.7,4.8,7.3,2.3,3.7,2.5,0.0,0.0,14.400000000000002,32.199999999999996,90.8,143.79999999999998,20.9,20.9,23.5,201,7,-0.3108569682435036,-0.9504567035349151,1
2025-07-21,2.3,22.1,26.1,19.3,5.7,4.8,7.3,0.9,2.2,10.6,0.0,17.8,34.2,94.0,149.5,21.6,21.7,22.8,202,7,-0.3271603271220951,-0.9449688462364056,1
2025-07-22,3.3,22.3,27.1,17.3,2.3,5.7,4.8,3.0,5.9,17.7,0.0,12.8,35.6,94.1,151.79999999999998,22.1,21.6,21.7,203,7,-0.34336687399638804,-0.939201357453208,1
2025-07-23,3.1,21.4,25.9,19.0,3.3,2.3,5.7,10.2,6.2,5.5,0.0,11.3,35.9,91.5,155.1,22.3,20.2,21.1,204,7,-0.3594718130884232,-0.9331559438780432,1
2025-07-24,0.0,22.8,27.1,17.5,3.1,3.3,2.3,2.3,15.1,2.4,0.0,8.700000000000001,28.799999999999997,88.4,158.2,21.4,20.9,21.5,205,7,-0.3754703786876202,-0.9268343944460494,0
2025-07-25,1.7000000000000002,23.0,27.1,19.9,0.0,3.1,3.3,7.3,21.9,9.7,0.0,6.400000000000002,26.5,73.30000000000001,158.2,22.8,21.7,20.2,206,7,-0.3913578365610259,-0.9202385798054075,1
2025-07-26,10.1,22.6,27.1,18.7,1.7000000000000002,0.0,3.1,4.8,4.8,7.1,0.0,4.8000000000000025,20.9,53.1,159.89999999999998,23.0,20.9,21.0,207,7,-0.4071294853542516,-0.9133704517637858,1
2025-07-27,6.3,21.5,25.3,19.0,10.1,1.7000000000000002,0.0,5.7,3.7,2.5,0.0,11.800000000000002,26.2,58.400000000000006,170.0,22.6,21.6,20.9,208,7,-0.4227806579826773,-0.9062320427107697,1
2025-07-28,1.4,20.7,24.2,18.4,6.3,10.1,1.7000000000000002,2.3,0.9,2.2,10.6,18.1,26.8,61.0,176.29999999999998,21.5,22.1,21.7,209,7,-0.4383067230125192,-0.898825465016444,1
2025-07-29,0.9,21.6,26.4,17.9,1.4,6.3,10.1,3.3,3.0,5.9,17.7,17.800000000000004,25.9,61.5,167.1,20.7,22.3,21.6,210,7,-0.45370308603134424,-0.8911529104063088,1
2025-07-30,2.1,21.6,26.1,18.2,0.9,1.4,6.3,3.1,10.2,6.2,5.5,8.600000000000001,23.500000000000004,59.4,150.29999999999998,21.6,21.4,20.2,211,7,-0.46896519100763184,-0.8832166493127127,1
2025-07-31,9.0,21.5,25.1,18.5,2.1,0.9,1.4,0.0,2.3,15.1,2.4,4.400000000000002,22.5,51.3,146.89999999999998,21.6,22.8,20.9,212,7,-0.48408852163897587,-0.8750190302029955,1
2025-08-01,3.2,20.8,24.8,17.5,9.0,2.1,0.9,1.7000000000000002,7.3,21.9,9.7,12.000000000000002,31.5,58.0,153.49999999999997,21.5,23.0,21.7,213,8,-0.4990686026885319,-0.8665624788845385,1
2025-08-02,17.7,20.8,26.1,17.7,3.2,9.0,2.1,10.1,4.8,4.8,7.1,14.3,33.0,53.900000000000006,146.99999999999997,20.8,22.6,20.9,214,8,-0.5139010013093103,-0.8578494977869301,1
2025-08-03,0.2,21.2,26.2,17.2,17.7,3.2,9.0,6.3,5.7,3.7,2.5,29.9,40.599999999999994,66.8,157.6,20.8,21.5,21.6,215,8,-0.5285813283559292,-0.8488826652214553,1
2025-08-04,3.2,20.6,23.8,18.3,0.2,17.7,3.2,1.4,2.3,0.9,2.2,21.1,34.5,61.3,155.29999999999998,21.2,20.7,22.1,216,8,-0.5431052396834317,-0.8396646346181327,1
2025-08-05,4.6,20.0,23.6,17.6,3.2,0.2,17.7,0.9,3.3,3.0,5.9,21.1,36.3,62.199999999999996,156.29999999999998,20.6,21.6,22.3,217,8,-0.5574684374327892,-0.8301981337405212,1
2025-08-06,2.4,20.6,25.6,16.3,4.6,3.2,0.2,2.1,3.1,10.2,6.2,8.000000000000004,40.0,63.5,155.0,20.0,21.6,21.4,218,8,-0.5716666713027052,-0.8204859638785327,1
2025-08-07,3.5,21.0,24.7,18.6,2.4,4.6,3.2,9.0,0.0,2.3,15.1,10.200000000000003,40.3,62.8,151.2,20.6,21.5,22.8,219,8,-0.5856957398073508,-0.8105309990194823,1
2025-08-08,8.7,20.7,25.3,17.7,3.5,2.4,4.6,3.2,1.7000000000000002,7.3,21.9,10.500000000000004,34.8,66.3,139.6,21.0,20.8,23.0,220,8,-0.5995514915196489,-0.8003361849976323,1
2025-08-09,14.6,20.8,24.7,17.7,8.7,3.5,2.4,17.7,10.1,4.8,4.8,14.600000000000003,40.3,73.3,126.39999999999998,20.7,20.8,22.6,221,8,-0.6132298262997502,-0.7899045386224707,1
2025-08-10,7.2,20.6,25.6,17.4,14.6,8.7,3.5,0.2,6.3,5.7,3.7,26.800000000000004,37.2,77.8,136.2,20.8,21.2,21.5,222,8,-0.6267266965083301,-0.7792391467859886,1
2025-08-11,10.3,20.2,24.8,17.3,7.2,14.6,8.7,3.2,1.4,2.3,0.9,30.500000000000004,44.199999999999996,78.7,139.7,20.6,20.6,20.7,223,8,-0.6400381082043503,-0.7683431655492202,1
2025-08-12,13.7,19.9,24.5,16.9,10.3,7.2,14.6,4.6,0.9,3.3,3.0,32.10000000000001,51.3,87.6,149.1,20.2,20.0,21.6,224,8,-0.65316012232693,-0.7572198192083127,1
2025-08-13,6.4,20.6,24.3,17.9,13.7,10.3,7.2,2.4,2.1,3.1,10.2,31.200000000000003,60.4,100.39999999999999,159.79999999999998,19.9,20.6,21.6,225,8,-0.666088855860977,-0.7458723993404063,1
2025-08-14,15.4,19.7,24.2,16.8,6.4,13.7,10.3,3.5,9.0,0.0,2.3,30.400000000000006,64.4,104.7,156.0,20.6,21.0,21.5,226,8,-0.6788204829862355,-0.734304263829602,1
2025-08-15,8.7,19.7,22.6,16.7,15.4,6.4,13.7,8.7,3.2,1.7000000000000002,7.3,35.5,76.3,111.1,169.1,19.7,20.7,20.8,227,8,-0.6913512362094071,-0.722518835873311,1
2025-08-16,4.1,20.4,24.6,16.6,8.7,15.4,6.4,14.6,17.7,10.1,4.8,30.500000000000004,76.3,116.6,170.49999999999997,19.7,20.8,20.8,228,8,-0.7036774074790128,-0.7105196029692745,1
2025-08-17,3.0,20.0,24.2,17.4,4.1,8.7,15.4,7.2,0.2,6.3,5.7,28.200000000000003,65.8,103.0,169.79999999999998,20.4,20.6,21.2,229,8,-0.7157953492826642,-0.6983101158835584,1
2025-08-18,26.8,20.1,24.1,17.7,3.0,4.1,8.7,10.3,3.2,1.4,2.3,15.800000000000002,61.6,105.8,167.09999999999997,20.0,20.2,20.6,230,8,-0.7277014757264236,-0.6858939875998223,1
2025-08-19,21.3,18.3,19.6,17.4,26.8,3.0,4.1,13.7,4.6,0.9,3.3,33.900000000000006,78.1,129.4,191.6,20.1,19.9,20.0,231,8,-0.7393922635959241,-0.673274892250183,1
2025-08-20,13.0,18.1,19.7,17.0,21.3,26.8,3.0,6.4,2.4,2.1,3.1,51.1,85.7,146.1,209.59999999999997,18.3,20.6,20.6,232,8,-0.7508642533989489,-0.6604565640279754,1
2025-08-21,14.4,18.2,20.3,16.9,13.0,21.3,26.8,15.4,3.5,9.0,0.0,61.1,92.3,156.7,219.49999999999997,18.1,19.7,21.0,233,8,-0.7621140503891487,-0.6474427960827475,1
2025-08-22,3.5,19.9,23.8,17.1,14.4,13.0,21.3,8.7,8.7,3.2,1.7000000000000002,48.7,91.3,167.6,233.89999999999998,18.2,19.7,20.7,234,8,-0.7731383255706026,-0.6342374393978054,1
2025-08-23,8.1,19.6,23.2,17.3,3.5,14.4,13.0,4.1,14.6,17.7,10.1,30.900000000000006,86.1,162.4,235.7,19.9,20.4,20.8,235,8,-0.7839338166829201,-0.620844401650647,1
2025-08-24,9.9,18.7,21.1,17.6,8.1,3.5,14.4,3.0,7.2,0.2,6.3,26.000000000000004,90.1,155.89999999999998,233.69999999999996,19.6,20.0,20.6,236,8,-0.7944973291665992,-0.6072676460566135,1
2025-08-25,5.6,19.7,23.1,17.3,9.9,8.1,3.5,26.8,10.3,3.2,1.4,21.500000000000004,97.0,158.6,237.29999999999998,18.7,20.1,20.2,237,8,-0.8048257371083452,-0.593511190196115,1
2025-08-26,7.9,19.5,23.4,16.7,5.6,9.9,8.1,21.3,13.7,4.6,0.9,23.6,75.8,153.89999999999998,241.49999999999997,19.7,18.3,19.9,238,8,-0.8149159841660791,-0.5795791048257612,1
2025-08-27,7.3,19.1,22.6,16.7,7.9,5.6,9.9,13.0,6.4,2.4,2.1,23.400000000000006,62.400000000000006,148.1,248.49999999999997,19.5,18.1,20.6,239,8,-0.8247650844733614,-0.5654755126737576,1
2025-08-28,4.9,19.8,24.0,16.6,7.3,7.9,5.6,14.4,15.4,3.5,9.0,20.800000000000004,56.7,149.0,253.7,19.1,18.2,19.7,240,8,-0.8343701235229537,-0.5512045872199277,1
2025-08-29,8.4,19.6,24.5,17.1,4.9,7.3,7.9,3.5,8.7,8.7,3.2,20.100000000000005,47.199999999999996,138.5,249.6,19.8,19.9,19.7,241,8,-0.8437282590292712,-0.5367705514607103,1
2025-08-30,8.1,19.1,23.5,16.7,8.4,4.9,7.3,8.1,4.1,14.6,17.7,20.6,52.099999999999994,138.2,254.79999999999998,19.6,19.6,20.4,242,8,-0.8528367217694595,-0.522177676659508,1
2025-08-31,0.9,21.6,25.3,16.7,8.1,8.4,4.9,9.9,3.0,7.2,0.2,21.400000000000002,52.1,142.20000000000002,245.2,19.1,18.7,20.0,243,8,-0.8616928164028521,-0.5074302810827518,1
2025-09-01,8.2,20.8,25.7,18.3,0.9,8.1,8.4,5.6,26.8,10.3,3.2,17.400000000000002,43.099999999999994,140.1,245.89999999999998,21.6,19.7,20.1,244,9,-0.8702939222685674,-0.49253272872205434,1
2025-09-02,11.2,20.2,24.9,17.5,8.2,0.9,8.1,7.9,21.3,13.7,4.6,17.200000000000003,45.7,121.5,250.89999999999998,20.8,19.5,18.3,245,9,-0.8786374941610001,-0.4774894280028391,1
2025-09-03,9.6,20.1,24.7,17.0,11.2,8.2,0.9,7.3,13.0,6.4,2.4,20.3,49.0,111.39999999999999,257.5,20.2,19.1,18.1,246,9,-0.886721063082993,-0.46230483047981086,1
2025-09-04,3.4,21.4,25.4,18.3,9.6,11.2,8.2,4.9,14.4,15.4,3.5,29.0,51.3,108.0,264.7,20.1,19.8,18.2,247,9,-0.8945422369764496,-0.4469834295196741,1
2025-09-05,4.6,20.8,25.6,17.2,3.4,9.6,11.2,8.4,3.5,8.7,8.7,24.2,49.8,97.0,264.59999999999997,21.4,19.6,19.9,248,9,-0.9020987014301837,-0.43152975897147144,1
2025-09-06,6.2,21.1,25.7,17.1,4.6,3.4,9.6,8.1,8.1,4.1,14.6,17.6,45.99999999999999,98.10000000000001,260.5,20.8,19.1,19.6,249,9,-0.9093882203647925,-0.4159483918249421,1
2025-09-07,4.2,21.1,25.7,17.8,6.2,4.6,3.4,0.9,9.9,3.0,7.2,14.200000000000003,44.1,96.19999999999999,252.1,21.1,21.6,18.7,250,9,-0.9164086366943458,-0.4002439388573056,1
2025-09-08,12.4,20.7,26.0,18.3,4.2,6.2,4.6,8.2,5.6,26.8,10.3,15.000000000000002,47.400000000000006,90.5,249.09999999999997,21.1,20.8,19.7,251,9,-0.9231578729647039,-0.38442104726885545,1
2025-09-09,14.0,20.5,25.6,18.1,12.4,4.2,6.2,11.2,7.9,21.3,13.7,22.800000000000004,51.6,97.3,251.2,20.7,20.2,19.5,252,9,-0.9296339319682695,-0.3684843993077793,1
2025-09-10,22.0,19.7,23.4,16.6,14.0,12.4,4.2,9.6,7.3,13.0,6.4,30.6,54.400000000000006,103.4,251.5,20.5,20.1,19.1,253,9,-0.9358348973349941,-0.35243871088460327,1
2025-09-11,7.9,19.9,24.6,16.5,22.0,14.0,12.4,3.4,4.9,14.4,15.4,48.4,66.80000000000001,118.1,267.1,19.7,21.4,19.8,254,9,-0.9417589340994617,-0.33628873017668287,1
2025-09-12,6.5,20.8,25.0,18.1,7.9,22.0,14.0,4.6,8.4,3.5,8.7,43.9,71.30000000000001,121.10000000000001,259.59999999999997,19.9,20.8,19.6,255,9,-0.9474042892438845,-0.32003923622313857,1
2025-09-13,7.2,20.4,23.3,18.6,6.5,7.9,22.0,6.2,8.1,8.1,4.1,36.4,73.2,119.2,257.4,20.8,21.1,19.1,256,9,-0.9527692922168511,-0.30369503751065885,1
2025-09-14,0.3,21.8,25.8,17.9,7.2,6.5,7.9,4.2,0.9,9.9,3.0,21.6,74.2,118.3,260.5,20.4,21.1,21.6,257,9,-0.9578523554276669,-0.28726097055059635,1
2025-09-15,2.9,21.9,26.5,18.9,0.3,7.2,6.5,12.4,8.2,5.6,26.8,14.0,70.30000000000001,117.7,257.79999999999995,21.8,20.7,20.8,258,9,-0.9626519747161487,-0.2707418984477642,1
2025-09-16,16.7,21.4,25.9,17.8,2.9,0.3,7.2,14.0,11.2,7.9,21.3,10.4,60.8,112.39999999999999,233.9,21.9,20.5,20.2,259,9,-0.9671667297977312,-0.2541427094613622,1
2025-09-17,16.8,20.7,25.0,17.8,16.7,2.9,0.3,22.0,9.6,7.3,13.0,19.9,63.5,117.9,229.29999999999998,21.4,19.7,20.1,260,9,-0.97139528468375,-0.23746831555846842,1
2025-09-18,14.1,21.1,26.3,17.0,16.8,16.7,2.9,7.9,3.4,4.9,14.4,36.4,58.3,125.1,233.1,20.7,19.9,21.4,261,9,-0.9753363880767837,-0.2207236509605022,1
2025-09-19,31.6,21.2,26.4,17.9,14.1,16.8,16.7,6.5,4.6,8.4,3.5,47.6,64.5,135.8,232.79999999999998,21.1,20.8,20.8,262,9,-0.9789888737409319,-0.20391367068311472,1
2025-09-20,12.8,20.3,25.3,17.6,31.6,14.1,16.8,7.2,6.2,8.1,8.1,62.5,89.6,162.8,260.9,21.2,20.4,21.1,263,9,-0.9823516608469237,-0.18704334906991657,1
2025-09-21,2.4,20.1,25.3,17.2,12.8,31.6,14.1,0.3,4.2,0.9,9.9,58.50000000000001,95.2,169.4,265.59999999999997,20.3,21.8,21.1,264,9,-0.9854237542919524,-0.17011767832049052,1
2025-09-22,2.1,21.3,25.6,17.9,2.4,12.8,31.6,2.9,12.4,8.2,5.6,46.800000000000004,97.3,167.6,258.09999999999997,20.1,21.9,20.7,265,9,-0.9882042449941422,-0.15314166701312007,1
2025-09-23,0.1,21.6,25.8,18.2,2.1,2.4,12.8,16.7,14.0,11.2,7.9,17.300000000000004,96.5,157.3,254.6,21.3,21.4,20.5,266,9,-0.9906923101615609,-0.13612033862266704,0
2025-09-24,21.5,20.3,25.1,17.9,0.1,2.1,2.4,16.8,22.0,9.6,7.3,4.600000000000003,79.9,143.4,246.79999999999998,21.6,20.7,19.7,267,9,-0.9928872135356962,-0.11905873003404988,1
2025-09-25,1.7000000000000002,21.4,25.1,16.8,21.5,0.1,2.1,14.1,7.9,3.4,4.9,23.700000000000003,84.6,142.9,261.0,20.3,21.1,19.9,268,9,-0.994788305609327,-0.10196189005174576,1
2025-09-26,5.2,20.1,24.1,18.0,1.7000000000000002,21.5,0.1,31.6,6.5,4.6,8.4,23.3,72.2,136.7,257.79999999999995,21.4,21.2,20.8,269,9,-0.9963950238187231,-0.08483487790576538,1
2025-09-27,1.3,21.4,25.8,17.0,5.2,1.7000000000000002,21.5,12.8,7.2,6.2,8.1,28.400000000000006,45.800000000000004,135.4,254.6,20.1,20.3,20.4,270,9,-0.9977068927101168,-0.06768276175455162,1
2025-09-28,3.2,22.3,27.3,18.1,1.3,5.2,1.7000000000000002,2.4,0.3,4.2,0.9,8.200000000000005,34.3,129.5,247.79999999999998,21.4,20.1,21.8,271,9,-0.9987235240803972,-0.050510617185222886,1
2025-09-29,0.0,22.4,26.9,17.1,3.2,1.3,5.2,2.1,2.9,12.4,8.2,9.700000000000003,35.1,132.4,250.1,22.3,21.3,21.9,272,9,-0.9994446170919858,-0.033323525711631344,0
2025-09-30,0.0,23.5,28.6,18.8,0.0,3.2,1.3,0.1,16.7,14.0,11.2,4.5000000000000036,33.0,129.5,241.9,22.4,21.6,21.4,273,9,-0.9998699583618592,-0.016126573270657762,0
2025-10-01,0.4,22.5,26.8,19.3,0.0,0.0,3.2,21.5,16.8,22.0,9.6,3.2000000000000037,32.9,112.8,230.7,23.5,20.3,20.7,274,10,-0.9999994220246925,0.001075151282798226,1
2025-10-02,5.7,21.4,26.2,18.2,0.4,0.0,0.0,1.7000000000000002,14.1,7.9,3.4,0.4000000000000036,11.8,96.4,221.49999999999997,22.5,21.4,21.1,275,10,-0.999832969770105,0.018276557681691223,1
2025-10-03,6.7,21.9,25.7,18.9,5.7,0.4,0.0,5.2,31.6,6.5,4.6,6.100000000000004,15.8,88.0,223.79999999999998,21.4,20.1,21.2,276,10,-0.9993706508539969,0.03547255575312556,1
2025-10-04,4.5,20.8,24.5,16.8,6.7,5.7,0.4,1.3,12.8,7.2,6.2,12.800000000000004,17.3,63.1,225.89999999999998,21.9,21.4,20.3,277,10,-0.9986126020839734,0.052658056924614005,1
2025-10-05,0.5,21.9,27.5,16.7,4.5,6.7,5.7,3.2,2.4,0.3,4.2,16.900000000000006,20.5,54.8,224.2,20.8,22.3,20.1,278,10,-0.9975590477788613,0.06982797572987089,1
2025-10-06,0.2,22.2,26.5,18.5,0.5,4.5,6.7,0.0,2.1,2.9,12.4,11.700000000000005,17.8,52.9,220.49999999999997,21.9,22.4,21.3,279,10,-0.9962102997023297,0.0869772313136861,1
2025-10-07,2.5,23.1,28.2,18.9,0.2,0.5,4.5,0.0,0.1,16.7,14.0,5.200000000000004,18.0,51.0,208.3,22.2,23.5,21.6,280,10,-0.9945667569706337,0.1041007489354256,1
2025-10-08,2.0,21.8,26.3,17.8,2.5,0.2,0.5,0.4,21.5,16.8,22.0,3.2000000000000037,20.5,53.400000000000006,196.8,23.1,22.5,20.3,281,10,-0.9926289059345095,0.121193461470736,1
2025-10-09,2.5,21.2,26.4,17.5,2.0,2.5,0.2,5.7,1.7000000000000002,14.1,7.9,4.700000000000004,22.1,33.9,176.8,21.8,21.4,21.4,282,10,-0.9903973200352558,0.1382503109109819,1
2025-10-10,0.1,22.3,28.0,17.4,2.5,2.0,2.5,6.7,5.2,31.6,6.5,7.0000000000000036,18.9,34.699999999999996,171.4,21.2,21.9,20.1,283,10,-0.9878726596350429,0.15526624985999563,0
2025-10-11,0.0,23.3,28.6,19.0,0.1,2.5,2.0,4.5,1.3,12.8,7.2,4.600000000000003,12.3,29.6,165.0,22.3,20.8,21.4,284,10,-0.9850556718215013,0.172236243027682,0
2025-10-12,0.0,23.5,29.0,18.7,0.0,0.1,2.5,0.5,3.2,2.4,0.3,2.6000000000000036,7.8,28.3,157.79999999999998,23.3,21.9,22.3,285,10,-0.981947190186646,0.18915526872004093,0
2025-10-13,0.1,23.8,28.4,18.8,0.0,0.0,0.1,0.2,0.0,2.1,2.9,0.10000000000000356,7.3,25.1,157.5,23.5,22.2,22.4,286,10,-0.9785481345802031,0.20601832032517084,0
2025-10-14,0.1,23.8,28.4,18.5,0.1,0.0,0.0,2.5,0.0,0.1,16.7,0.10000000000000356,7.2,25.200000000000003,154.7,23.8,23.1,23.5,287,10,-0.9748595108374125,0.22282040779479959,0
2025-10-15,1.3,23.1,27.3,18.6,0.1,0.1,0.0,2.0,0.4,21.5,16.8,0.20000000000000356,4.8,25.300000000000004,138.1,23.8,21.8,22.5,288,10,-0.9708824104813836,0.23955655912092708,1
2025-10-16,1.2,23.1,27.9,17.9,1.3,0.1,0.1,2.5,5.7,1.7000000000000002,14.1,1.5000000000000036,4.1,26.2,122.6,23.1,21.2,21.4,289,10,-0.9666180104000972,0.2562218218071163,1
2025-10-17,0.2,22.9,28.1,17.7,1.2,1.3,0.1,0.1,6.7,5.2,31.6,2.600000000000003,2.8,21.700000000000003,109.69999999999999,23.1,22.3,21.9,290,10,-0.9620675724981452,0.27281126433401914,1
2025-10-18,0.0,23.7,29.1,18.3,0.2,1.2,1.3,0.0,4.5,1.3,12.8,2.7000000000000033,2.9,15.200000000000001,78.29999999999998,22.9,23.3,20.8,291,10,-0.957232443323312,0.28931997761869527,0
2025-10-19,0.2,23.2,27.8,18.0,0.0,0.2,1.2,0.0,0.5,3.2,2.4,1.4000000000000035,2.9,10.700000000000001,65.49999999999999,23.7,23.5,21.9,292,10,-0.9521140536681102,0.3057430764672831,1
2025-10-20,0.0,23.1,27.4,19.0,0.2,0.0,0.2,0.1,0.2,0.0,2.1,0.4000000000000036,3.1,10.4,63.29999999999998,23.2,23.8,22.2,293,10,-0.9467139181463862,0.3220757010206104,0
2025-10-21,0.8,22.5,27.1,18.8,0.0,0.2,0.0,0.1,2.5,0.0,0.1,0.20000000000000356,3.0,10.200000000000001,61.19999999999999,23.1,23.8,23.1,294,10,-0.9410336347451197,0.3383130181923076,1
2025-10-22,0.0,22.8,28.8,18.5,0.8,0.0,0.2,1.3,2.0,0.4,21.5,1.0000000000000036,3.7,8.5,61.89999999999999,22.5,23.1,21.8,295,10,-0.9350748843515574,0.3544502230989869,0
2025-10-23,0.0,23.4,29.0,18.1,0.0,0.8,0.0,1.2,2.5,5.7,1.7000000000000002,0.8000000000000036,2.4,6.5,40.39999999999999,22.8,23.1,21.2,296,10,-0.9288394302558068,0.3704825404820963,0
2025-10-24,0.0,24.1,28.1,20.3,0.0,0.0,0.8,0.2,0.1,6.7,5.2,0.8000000000000036,1.2000000000000002,4.0,38.69999999999999,23.4,22.9,22.3,297,10,-0.9223291176290545,0.3864052261209853,0
2025-10-25,0.0,24.2,29.3,17.4,0.0,0.0,0.0,0.0,0.0,4.5,1.3,0.0,1.0,3.9,33.499999999999986,24.1,23.7,23.3,298,10,-0.9155458729775467,0.40221356823680365,0
2025-10-26,0.0,24.3,28.5,20.2,0.0,0.0,0.0,0.2,0.0,0.5,3.2,0.0,1.0,3.9,32.19999999999999,24.2,23.2,23.5,299,10,-0.9084917035725082,0.41790288888678667,0
2025-10-27,0.3,25.2,29.8,20.9,0.0,0.0,0.0,0.0,0.1,0.2,0.0,0.0,0.8,3.9,28.999999999999986,24.3,23.1,23.8,300,10,-0.9011686968561569,0.4334685453485363,1
2025-10-28,0.4,24.5,29.3,19.6,0.3,0.0,0.0,0.8,0.1,2.5,0.0,0.30000000000000354,1.1,4.1,29.299999999999986,25.2,22.5,23.8,301,10,-0.8935790198239952,0.4489059314938798,1
2025-10-29,0.0,25.4,30.2,19.7,0.4,0.3,0.0,0.0,1.3,2.0,0.4,0.7000000000000035,0.7,4.4,29.69999999999999,24.5,22.8,23.1,302,10,-0.8857249183835637,0.4642104791518923,0
2025-10-30,0.0,25.5,30.9,21.4,0.0,0.4,0.3,0.0,1.2,2.5,5.7,0.7000000000000035,0.7,3.1,29.299999999999986,25.4,23.4,23.1,303,10,-0.8776087166898392,0.4793776594606945,0
2025-10-31,0.0,25.1,30.2,20.2,0.0,0.0,0.4,0.0,0.2,0.1,6.7,0.4000000000000036,0.7,1.9000000000000001,23.599999999999987,25.5,24.1,22.9,304,10,-0.8692328164574792,0.49440298420761813,0
2025-11-01,0.0,24.1,28.4,19.8,0.0,0.0,0.0,0.0,0.0,0.0,4.5,0.0,0.7,1.7000000000000002,16.899999999999984,25.1,24.2,23.7,305,11,-0.8605996962501181,0.5092820071573356,0
2025-11-02,0.0,24.9,30.2,18.7,0.0,0.0,0.0,0.0,0.2,0.0,0.5,0.0,0.7,1.7000000000000002,12.399999999999986,24.1,24.3,23.2,306,11,-0.8517119107469189,0.5240103253675756,0
2025-11-03,0.0,25.5,30.0,21.2,0.0,0.0,0.0,0.3,0.0,0.1,0.2,0.0,0.7,1.5,11.899999999999986,24.9,25.2,23.1,307,11,-0.8425720899866032,0.5385835804920232,0
2025-11-04,0.0,25.1,30.2,19.6,0.0,0.0,0.0,0.4,0.8,0.1,2.5,0.0,0.4,1.5,11.699999999999987,25.5,24.5,22.5,308,11,-0.8331829385891785,0.5529974600700271,0
2025-11-05,0.0,24.5,29.9,19.1,0.0,0.0,0.0,0.0,0.0,1.3,2.0,0.0,0.0,0.7,9.199999999999985,25.1,25.4,22.8,309,11,-0.8235472349556007,0.5672476988027229,0
2025-11-06,0.0,24.1,29.6,18.2,0.0,0.0,0.0,0.0,0.0,1.2,2.5,0.0,0.0,0.7,7.199999999999986,24.5,25.5,23.4,310,11,-0.8136678304455991,0.5813300798152042,0
2025-11-07,0.0,24.4,30.3,18.1,0.0,0.0,0.0,0.0,0.0,0.2,0.1,0.0,0.0,0.7,4.699999999999986,24.1,25.1,24.1,311,11,-0.8035476485339116,0.5952404359043674,0
2025-11-08,0.0,25.0,30.6,20.3,0.0,0.0,0.0,0.0,0.0,0.0,0.0,0.0,0.0,0.7,4.599999999999986,24.4,24.1,24.2,312,11,-0.7931896839451843,0.6089746507720486,0
2025-11-09,0.0,24.7,30.4,20.8,0.0,0.0,0.0,0.0,0.0,0.2,0.0,0.0,0.0,0.7,4.599999999999986,25.0,24.9,24.3,313,11,-0.7825970017677834,0.6225286602431057,0
2025-11-10,0.0,24.8,29.8,19.6,0.0,0.0,0.0,0.0,0.3,0.0,0.1,0.0,0.0,0.7,4.599999999999986,24.7,25.5,25.2,314,11,-0.7717727365467837,0.6358984534680745,0
2025-11-11,0.0,24.7,29.4,17.8,0.0,0.0,0.0,0.0,0.4,0.8,0.1,0.0,0.0,0.4,4.499999999999986,24.8,25.1,24.5,315,11,-0.7607200913564104,0.6490800741100398,0
2025-11-12,0.0,25.3,30.8,19.3,0.0,0.0,0.0,0.0,0.0,0.0,1.3,0.0,0.0,0.0,4.399999999999986,24.7,24.5,25.4,316,11,-0.7494423368521953,0.6620696215153815,0
2025-11-13,0.0,25.7,31.3,21.0,0.0,0.0,0.0,0.0,0.0,0.0,1.2,0.0,0.0,0.0,3.099999999999986,25.3,24.1,25.5,317,11,-0.7379428103031386,0.6748632518680403,0
2025-11-14,0.0,25.3,30.2,19.7,0.0,0.0,0.0,0.0,0.0,0.0,0.2,0.0,0.0,0.0,1.899999999999986,25.7,24.4,25.1,318,11,-0.7262249146041543,0.6874571793269664,0
2025-11-15,0.6,24.1,29.4,19.3,0.0,0.0,0.0,0.0,0.0,0.0,0.0,0.0,0.0,0.0,1.699999999999986,25.3,25.0,24.1,319,11,-0.7142921172691032,0.699847677146407,1
2025-11-16,0.0,24.2,30.4,18.9,0.6,0.0,0.0,0.0,0.0,0.0,0.2,0.6000000000000035,0.6,0.6,2.2999999999999856,24.1,24.7,24.9,320,11,-0.7021479494046978,0.7120310787787131,0
2025-11-17,0.1,24.5,30.5,18.7,0.0,0.6,0.0,0.0,0.0,0.3,0.0,0.6000000000000035,0.6,0.6,2.0999999999999854,24.2,24.8,25.5,321,11,-0.6897960046655887,0.7240037789593305,0
2025-11-18,0.0,24.7,31.1,20.5,0.1,0.0,0.6,0.0,0.0,0.4,0.8,0.7000000000000035,0.7,0.7,2.1999999999999855,24.5,24.7,25.1,322,11,-0.6772399381909491,0.7357622347736527,0
2025-11-19,0.0,24.8,30.9,20.3,0.0,0.1,0.0,0.0,0.0,0.0,0.0,0.10000000000000356,0.7,0.7,1.399999999999986,24.7,25.3,24.5,323,11,-0.6644834655228552,0.7473029667054297,0
2025-11-20,0.0,25.0,30.5,20.6,0.0,0.0,0.1,0.0,0.0,0.0,0.0,0.10000000000000356,0.7,0.7,1.3999999999999857,24.8,25.7,24.1,324,11,-0.6515303615068021,0.75862255966641,0
2025-11-21,0.0,25.0,30.8,21.0,0.0,0.0,0.0,0.0,0.0,0.0,0.0,0.0,0.7,0.7,1.3999999999999857,25.0,25.3,24.4,325,11,-0.6383844591746642,0.769717664006921,0
2025-11-22,0.0,25.0,30.6,20.8,0.0,0.0,0.0,0.6,0.0,0.0,0.0,0.0,0.7,0.7,1.3999999999999857,25.0,24.1,25.0,326,11,-0.6250496486104377,0.7805849965070866,0
2025-11-23,0.0,24.9,30.4,20.3,0.0,0.0,0.0,0.0,0.0,0.0,0.0,0.0,0.1,0.7,1.3999999999999857,25.0,24.2,24.7,327,11,-0.6115298757991053,0.7912213413483807,0
2025-11-24,0.0,24.6,30.2,18.8,0.0,0.0,0.0,0.1,0.0,0.0,0.3,0.0,0.1,0.7,1.3999999999999857,24.9,24.5,24.8,328,11,-0.5978291414589552,0.801623551065242,0
2025-11-25,0.0,24.8,30.1,19.8,0.0,0.0,0.0,0.0,0.0,0.0,0.4,0.0,0.0,0.7,1.0999999999999859,24.6,24.7,24.7,329,11,-0.5839514998576998,0.8117885474764613,0
2025-11-26,0.0,24.1,30.1,17.2,0.0,0.0,0.0,0.0,0.0,0.0,0.0,0.0,0.0,0.7,0.6999999999999856,24.8,24.8,25.3,330,11,-0.5699010576127624,0.821713322596059,0
2025-11-27,0.0,24.5,31.2,17.2,0.0,0.0,0.0,0.0,0.0,0.0,0.0,0.0,0.0,0.7,0.6999999999999857,24.1,25.0,25.7,331,11,-0.5556819724760489,0.8313949395234058,0
2025-11-28,0.0,25.2,31.2,19.9,0.0,0.0,0.0,0.0,0.0,0.0,0.0,0.0,0.0,0.7,0.6999999999999857,24.5,25.0,25.3,332,11,-0.5412984521036173,0.8408305333122887,0
2025-11-29,0.0,25.4,31.2,20.6,0.0,0.0,0.0,0.0,0.6,0.0,0.0,0.0,0.0,0.7,0.6999999999999857,25.2,25.0,24.1,333,11,-0.5267547528105542,0.8500173118187018,0
2025-11-30,0.0,25.1,31.3,20.4,0.0,0.0,0.0,0.0,0.0,0.0,0.0,0.0,0.0,0.1,0.6999999999999857,25.4,24.9,24.2,334,11,-0.5120551783114646,0.8589525565270845,0
2025-12-01,0.0,24.7,30.6,20.4,0.0,0.0,0.0,0.0,0.1,0.0,0.0,0.0,0.0,0.1,0.6999999999999857,25.1,24.6,24.5,335,12,-0.4972040784469378,0.8676336233547726,0
2025-12-02,0.0,24.7,30.9,19.0,0.0,0.0,0.0,0.0,0.0,0.0,0.0,0.0,0.0,0.0,0.6999999999999857,24.7,24.8,24.7,336,12,-0.4822058478963526,0.8760579434344281,0
2025-12-03,0.0,24.3,31.2,17.3,0.0,0.0,0.0,0.0,0.0,0.0,0.0,0.0,0.0,0.0,0.6999999999999857,24.7,24.1,24.8,337,12,-0.46706492487743034,0.8842230238742036,0
2025-12-04,0.0,25.3,31.7,18.8,0.0,0.0,0.0,0.0,0.0,0.0,0.0,0.0,0.0,0.0,0.6999999999999857,24.3,24.5,25.0,338,12,-0.451785789832884,0.8921264484954345,0
2025-12-05,0.0,25.4,30.7,20.2,0.0,0.0,0.0,0.0,0.0,0.0,0.0,0.0,0.0,0.0,0.6999999999999857,25.3,25.2,25.0,339,12,-0.4363729641045924,0.8997658785476209,0
2025-12-06,0.0,25.7,31.1,20.1,0.0,0.0,0.0,0.0,0.0,0.6,0.0,0.0,0.0,0.0,0.6999999999999857,25.4,25.4,25.0,340,12,-0.42083100859565564,0.9071390534005044,0
2025-12-07,0.0,26.3,31.4,21.0,0.0,0.0,0.0,0.0,0.0,0.0,0.0,0.0,0.0,0.0,0.6999999999999857,25.7,25.1,24.9,341,12,-0.4051645224207563,0.9142437912130223,0
2025-12-08,0.0,25.8,31.2,19.3,0.0,0.0,0.0,0.0,0.0,0.1,0.0,0.0,0.0,0.0,0.6999999999999857,26.3,24.7,24.6,342,12,-0.3893781415452015,0.9210779895789526,0
2025-12-09,0.0,25.2,31.5,18.8,0.0,0.0,0.0,0.0,0.0,0.0,0.0,0.0,0.0,0.0,0.6999999999999857,25.8,24.7,24.8,343,12,-0.37347653741307074,0.9276396261490467,0
2025-12-10,0.0,24.4,30.4,19.0,0.0,0.0,0.0,0.0,0.0,0.0,0.0,0.0,0.0,0.0,0.6999999999999857,25.2,24.3,24.1,344,12,-0.3574644155648614,0.9339267592294762,0
2025-12-11,0.0,24.0,30.4,18.4,0.0,0.0,0.0,0.0,0.0,0.0,0.0,0.0,0.0,0.0,0.6999999999999857,24.4,25.3,24.5,345,12,-0.34134651424503615,0.9399375283564133,0
2025-12-12,0.0,24.0,30.5,18.3,0.0,0.0,0.0,0.0,0.0,0.0,0.0,0.0,0.0,0.0,0.6999999999999857,24.0,25.4,25.2,346,12,-0.3251276029999093,0.9456701548465688,0
2025-12-13,0.0,23.6,30.5,17.4,0.0,0.0,0.0,0.0,0.0,0.0,0.6,0.0,0.0,0.0,0.6999999999999857,24.0,25.7,25.4,347,12,-0.30881248126625377,0.9511229423235357,0
2025-12-14,0.0,23.4,29.7,17.8,0.0,0.0,0.0,0.0,0.0,0.0,0.0,0.0,0.0,0.0,0.09999999999998568,23.6,26.3,25.1,348,12,-0.29240597695107734,0.9562942772197719,0
2025-12-15,0.0,22.2,28.9,16.7,0.0,0.0,0.0,0.0,0.0,0.0,0.1,0.0,0.0,0.0,0.09999999999998568,23.4,25.8,24.7,349,12,-0.27591294500296043,0.9611826292540837,0
2025-12-16,0.0,21.4,27.7,15.6,0.0,0.0,0.0,0.0,0.0,0.0,0.0,0.0,0.0,0.0,0.0,22.2,25.2,24.7,350,12,-0.2593382659754056,0.9657865518844574,0
2025-12-17,0.0,22.2,28.9,15.7,0.0,0.0,0.0,0.0,0.0,0.0,0.0,0.0,0.0,0.0,0.0,21.4,24.4,24.3,351,12,-0.2426868445825954,0.9701046827361175,0
2025-12-18,0.0,21.8,28.1,16.6,0.0,0.0,0.0,0.0,0.0,0.0,0.0,0.0,0.0,0.0,0.0,22.2,24.0,25.3,352,12,-0.22596360824801906,0.974135744004672,0
2025-12-19,0.0,21.9,28.7,15.6,0.0,0.0,0.0,0.0,0.0,0.0,0.0,0.0,0.0,0.0,0.0,21.8,24.0,25.4,353,12,-0.20917350564635637,0.9778785428342386,0
2025-12-20,0.0,22.2,28.9,14.6,0.0,0.0,0.0,0.0,0.0,0.0,0.0,0.0,0.0,0.0,0.0,21.9,23.6,25.7,354,12,-0.19232150523909483,0.9813319716704275,0
2025-12-21,0.0,23.1,29.7,16.8,0.0,0.0,0.0,0.0,0.0,0.0,0.0,0.0,0.0,0.0,0.0,22.2,23.4,26.3,355,12,-0.17541259380427843,0.9844950085880858,0
2025-12-22,0.0,23.8,30.7,16.7,0.0,0.0,0.0,0.0,0.0,0.0,0.0,0.0,0.0,0.0,0.0,23.1,22.2,25.8,356,12,-0.15845177496083632,0.9873667175937016,0
2025-12-23,0.0,23.4,30.7,15.9,0.0,0.0,0.0,0.0,0.0,0.0,0.0,0.0,0.0,0.0,0.0,23.8,21.4,25.2,357,12,-0.14144406768794202,0.9899462489023779,0
2025-12-24,0.0,23.5,30.9,15.1,0.0,0.0,0.0,0.0,0.0,0.0,0.0,0.0,0.0,0.0,0.0,23.4,22.2,24.4,358,12,-0.12439450483979998,0.9922328391893008,0
2025-12-25,0.0,24.4,31.2,17.8,0.0,0.0,0.0,0.0,0.0,0.0,0.0,0.0,0.0,0.0,0.0,23.5,21.8,24.0,359,12,-0.10730813165636247,0.9942258118156161,0
2025-12-26,0.0,23.7,29.9,18.0,0.0,0.0,0.0,0.0,0.0,0.0,0.0,0.0,0.0,0.0,0.0,24.4,21.9,24.0,360,12,-0.09019000427034513,0.9959245770286599,0
2025-12-27,0.0,23.5,29.3,18.2,0.0,0.0,0.0,0.0,0.0,0.0,0.0,0.0,0.0,0.0,0.0,23.7,22.2,23.6,361,12,-0.07304518821104743,0.9973286321364752,0
2025-12-28,0.0,23.3,29.3,18.4,0.0,0.0,0.0,0.0,0.0,0.0,0.0,0.0,0.0,0.0,0.0,23.5,23.1,23.4,362,12,-0.05587875690537313,0.9984375616565666,0
2025-12-29,0.0,22.5,28.7,17.2,0.0,0.0,0.0,0.0,0.0,0.0,0.0,0.0,0.0,0.0,0.0,23.3,23.8,22.2,363,12,-0.03869579017652689,0.9992510374388481,0
2025-12-30,0.0,21.7,28.5,15.9,0.0,0.0,0.0,0.0,0.0,0.0,0.0,0.0,0.0,0.0,0.0,22.5,23.4,21.4,364,12,-0.021501372740813793,0.999768818762748,0
2025-12-31,0.0,23.0,30.1,16.2,0.0,0.0,0.0,0.0,0.0,0.0,0.0,0.0,0.0,0.0,0.0,21.7,23.5,22.2,365,12,-0.004300592702981974,0.9999907524084426,0
2026-01-01,0.0,23.4,30.8,16.7,0.0,0.0,0.0,0.0,0.0,0.0,0.0,0.0,0.0,0.0,0.0,23.0,24.4,21.8,1,1,0.017201575418260506,0.9998520419557735,0
2026-01-02,0.0,24.1,31.9,17.4,0.0,0.0,0.0,0.0,0.0,0.0,0.0,0.0,0.0,0.0,0.0,23.4,23.7,21.9,2,1,0.03439806061360801,0.9994082116062598,0
2026-01-03,0.0,24.6,31.7,17.4,0.0,0.0,0.0,0.0,0.0,0.0,0.0,0.0,0.0,0.0,0.0,24.1,23.5,22.2,3,1,0.051584366869408364,0.9986686402879997,0
2026-01-04,0.0,24.7,31.6,19.5,0.0,0.0,0.0,0.0,0.0,0.0,0.0,0.0,0.0,0.0,0.0,24.6,23.3,23.1,4,1,0.06875540848113941,0.9976335468520451,0
2026-01-05,0.0,24.1,30.7,18.5,0.0,0.0,0.0,0.0,0.0,0.0,0.0,0.0,0.0,0.0,0.0,24.7,22.5,23.8,5,1,0.08590610426133272,0.9963032375991965,0
2026-01-06,0.0,24.3,31.0,18.7,0.0,0.0,0.0,0.0,0.0,0.0,0.0,0.0,0.0,0.0,0.0,24.1,21.7,23.4,6,1,0.10303137904317879,0.9946781061893646,0
2026-01-07,0.0,24.4,31.1,18.5,0.0,0.0,0.0,0.0,0.0,0.0,0.0,0.0,0.0,0.0,0.0,24.3,23.0,23.5,7,1,0.1201261651823505,0.9927586335250793,0
2026-01-08,0.0,24.2,31.0,18.6,0.0,0.0,0.0,0.0,0.0,0.0,0.0,0.0,0.0,0.0,0.0,24.4,23.4,24.4,8,1,0.13718540405660057,0.9905453876091833,0
2026-01-09,0.0,23.2,30.3,15.1,0.0,0.0,0.0,0.0,0.0,0.0,0.0,0.0,0.0,0.0,0.0,24.2,24.1,23.7,9,1,0.1542040475626894,0.988039023376751,0
2026-01-10,0.0,23.4,29.5,16.7,0.0,0.0,0.0,0.0,0.0,0.0,0.0,0.0,0.0,0.0,0.0,23.2,24.6,23.5,10,1,0.17117705961019986,0.985240282501282,0
2026-01-11,0.0,24.1,30.5,17.5,0.0,0.0,0.0,0.0,0.0,0.0,0.0,0.0,0.0,0.0,0.0,23.4,24.7,23.3,11,1,0.18809941761179758,0.9821499931752291,0
2026-01-12,0.0,23.9,30.6,16.2,0.0,0.0,0.0,0.0,0.0,0.0,0.0,0.0,0.0,0.0,0.0,24.1,24.1,22.5,12,1,0.20496611396949532,0.9787690698649216,0
2026-01-13,0.0,24.4,31.9,16.7,0.0,0.0,0.0,0.0,0.0,0.0,0.0,0.0,0.0,0.0,0.0,23.9,24.3,21.7,13,1,0.22177215755648186,0.975098513039961,0
2026-01-14,0.0,24.1,31.8,17.0,0.0,0.0,0.0,0.0,0.0,0.0,0.0,0.0,0.0,0.0,0.0,24.4,24.4,23.0,14,1,0.23851257519407648,0.9711394088771653,0
2026-01-15,0.0,23.3,30.4,17.5,0.0,0.0,0.0,0.0,0.0,0.0,0.0,0.0,0.0,0.0,0.0,24.1,24.2,23.4,15,1,0.2551824131233728,0.9668929289391521,0
2026-01-16,0.0,22.9,29.5,16.4,0.0,0.0,0.0,0.0,0.0,0.0,0.0,0.0,0.0,0.0,0.0,23.3,23.2,24.1,16,1,0.2717767384711357,0.9623603298276545,0
2026-01-17,0.0,23.6,29.7,17.8,0.0,0.0,0.0,0.0,0.0,0.0,0.0,0.0,0.0,0.0,0.0,22.9,23.4,24.6,17,1,0.2882906407095177,0.9575429528116719,0
2026-01-18,0.0,23.6,30.2,17.3,0.0,0.0,0.0,0.0,0.0,0.0,0.0,0.0,0.0,0.0,0.0,23.6,24.1,24.7,18,1,0.3047192331091634,0.9524422234305676,0
2026-01-19,0.0,24.2,31.1,16.5,0.0,0.0,0.0,0.0,0.0,0.0,0.0,0.0,0.0,0.0,0.0,23.6,23.9,24.1,19,1,0.321057654185271,0.9470596510722283,0
2026-01-20,0.0,24.7,32.1,17.4,0.0,0.0,0.0,0.0,0.0,0.0,0.0,0.0,0.0,0.0,0.0,24.2,24.4,24.3,20,1,0.3373010691361842,0.9413968285264122,0
2026-01-21,0.0,25.5,32.3,18.2,0.0,0.0,0.0,0.0,0.0,0.0,0.0,0.0,0.0,0.0,0.0,24.7,24.1,24.4,21,1,0.3534446712740877,0.9354554315134164,0
2026-01-22,0.0,27.0,33.0,21.8,0.0,0.0,0.0,0.0,0.0,0.0,0.0,0.0,0.0,0.0,0.0,25.5,23.3,24.2,22,1,0.3694836834473831,0.9292372181882051,0
2026-01-23,0.0,26.1,31.7,20.8,0.0,0.0,0.0,0.0,0.0,0.0,0.0,0.0,0.0,0.0,0.0,27.0,22.9,23.2,23,1,0.38541335945432564,0.9227440286201427,0
2026-01-24,0.0,25.5,32.4,19.7,0.0,0.0,0.0,0.0,0.0,0.0,0.0,0.0,0.0,0.0,0.0,26.1,23.6,23.4,24,1,0.4012289854475009,0.9159777842484877,0
2026-01-25,0.0,25.1,32.5,17.9,0.0,0.0,0.0,0.0,0.0,0.0,0.0,0.0,0.0,0.0,0.0,25.5,23.6,24.1,25,1,0.4169258813287287,0.908940487313808,0
2026-01-26,0.0,24.8,31.7,17.9,0.0,0.0,0.0,0.0,0.0,0.0,0.0,0.0,0.0,0.0,0.0,25.1,24.2,23.9,26,1,0.4324994021339788,0.901634220265486,0
2026-01-27,0.0,24.7,31.9,17.8,0.0,0.0,0.0,0.0,0.0,0.0,0.0,0.0,0.0,0.0,0.0,24.8,24.7,24.4,27,1,0.44794493940789115,0.8940611451454876,0
2026-01-28,0.0,24.9,32.0,18.4,0.0,0.0,0.0,0.0,0.0,0.0,0.0,0.0,0.0,0.0,0.0,24.7,25.5,24.1,28,1,0.4632579225674917,0.88622350294858,0
2026-01-29,0.0,24.6,31.8,17.7,0.0,0.0,0.0,0.0,0.0,0.0,0.0,0.0,0.0,0.0,0.0,24.9,27.0,23.3,29,1,0.4784338202547012,0.8781236129591848,0
2026-01-30,0.0,24.6,31.6,18.5,0.0,0.0,0.0,0.0,0.0,0.0,0.0,0.0,0.0,0.0,0.0,24.6,26.1,22.9,30,1,0.49346814167723735,0.8697638720650646,0
2026-01-31,0.0,25.0,32.1,18.7,0.0,0.0,0.0,0.0,0.0,0.0,0.0,0.0,0.0,0.0,0.0,24.6,25.5,23.6,31,1,0.5083564379375122,0.8611467540480452,0
2026-02-01,0.0,25.8,32.1,19.4,0.0,0.0,0.0,0.0,0.0,0.0,0.0,0.0,0.0,0.0,0.0,25.0,25.1,23.6,32,2,0.5230943033491326,0.8522748088519838,0
2026-02-02,0.0,25.6,32.3,18.2,0.0,0.0,0.0,0.0,0.0,0.0,0.0,0.0,0.0,0.0,0.0,25.8,24.8,24.2,33,2,0.5376773767406141,0.8431506618282,0
2026-02-03,0.0,25.1,31.8,18.5,0.0,0.0,0.0,0.0,0.0,0.0,0.0,0.0,0.0,0.0,0.0,25.6,24.7,24.7,34,2,0.5521013427459208,0.8337770129585915,0
2026-02-04,0.0,25.5,32.2,18.3,0.0,0.0,0.0,0.0,0.0,0.0,0.0,0.0,0.0,0.0,0.0,25.1,24.9,25.5,35,2,0.5663619330814524,0.8241566360566663,0
2026-02-05,0.0,25.4,32.6,19.0,0.0,0.0,0.0,0.0,0.0,0.0,0.0,0.0,0.0,0.0,0.0,25.5,24.6,27.0,36,2,0.580454927809098,0.8142923779467267,0
2026-02-06,0.0,25.1,31.5,18.7,0.0,0.0,0.0,0.0,0.0,0.0,0.0,0.0,0.0,0.0,0.0,25.4,24.6,26.1,37,2,0.5943761565849831,0.804187157621448,0
2026-02-07,0.0,24.2,31.0,18.6,0.0,0.0,0.0,0.0,0.0,0.0,0.0,0.0,0.0,0.0,0.0,25.1,25.0,25.5,38,2,0.6081214998935418,0.7938439653781019,0
2026-02-08,0.0,24.8,32.6,17.4,0.0,0.0,0.0,0.0,0.0,0.0,0.0,0.0,0.0,0.0,0.0,24.2,25.8,25.1,39,2,0.6216868902665479,0.7832658619336791,0
2026-02-09,0.0,26.3,33.6,19.2,0.0,0.0,0.0,0.0,0.0,0.0,0.0,0.0,0.0,0.0,0.0,24.8,25.6,24.8,40,2,0.6350683134867438,0.7724559775191742,0
2026-02-10,0.0,26.8,33.9,20.2,0.0,0.0,0.0,0.0,0.0,0.0,0.0,0.0,0.0,0.0,0.0,26.3,25.1,24.7,41,2,0.6482618097757122,0.7614175109532997,0
2026-02-11,0.0,27.5,34.0,21.4,0.0,0.0,0.0,0.0,0.0,0.0,0.0,0.0,0.0,0.0,0.0,26.8,25.5,24.9,42,2,0.6612634749656386,0.7501537286959042,0
2026-02-12,0.0,27.0,33.8,19.9,0.0,0.0,0.0,0.0,0.0,0.0,0.0,0.0,0.0,0.0,0.0,27.5,25.4,24.6,43,2,0.6740694616546161,0.7386679638813748,0
2026-02-13,0.0,26.5,33.3,19.7,0.0,0.0,0.0,0.0,0.0,0.0,0.0,0.0,0.0,0.0,0.0,27.0,25.1,24.6,44,2,0.6866759803451553,0.726963615332308,0
2026-02-14,0.0,26.7,33.4,19.1,0.0,0.0,0.0,0.0,0.0,0.0,0.0,0.0,0.0,0.0,0.0,26.5,24.2,25.0,45,2,0.6990793005655562,0.7150441465537444,0
2026-02-15,0.0,27.3,34.4,21.6,0.0,0.0,0.0,0.0,0.0,0.0,0.0,0.0,0.0,0.0,0.0,26.7,24.8,25.8,46,2,0.7112757519738152,0.7029130847082615,0
2026-02-16,0.0,27.5,34.0,21.8,0.0,0.0,0.0,0.0,0.0,0.0,0.0,0.0,0.0,0.0,0.0,27.3,26.3,25.6,47,2,0.7232617254437388,0.6905740195722294,0
2026-02-17,0.0,26.9,33.7,20.4,0.0,0.0,0.0,0.0,0.0,0.0,0.0,0.0,0.0,0.0,0.0,27.5,26.8,25.1,48,2,0.7350336741329412,0.6780306024735382,0
2026-02-18,0.0,27.1,34.5,20.1,0.0,0.0,0.0,0.0,0.0,0.0,0.0,0.0,0.0,0.0,0.0,26.9,27.5,25.5,49,2,0.746588114532413,0.6652865452111116,0
2026-02-19,0.0,26.5,33.7,20.0,0.0,0.0,0.0,0.0,0.0,0.0,0.0,0.0,0.0,0.0,0.0,27.1,27.0,25.4,50,2,0.7579216274973472,0.6523456189565257,0
2026-02-20,0.0,26.4,34.0,20.4,0.0,0.0,0.0,0.0,0.0,0.0,0.0,0.0,0.0,0.0,0.0,26.5,26.5,25.1,51,2,0.7690308592589181,0.6392116531380588,0
2026-02-21,0.0,26.2,33.3,20.0,0.0,0.0,0.0,0.0,0.0,0.0,0.0,0.0,0.0,0.0,0.0,26.4,26.7,24.2,52,2,0.7799125224167177,0.6258885343075018,0
2026-02-22,0.0,25.3,31.7,19.6,0.0,0.0,0.0,0.0,0.0,0.0,0.0,0.0,0.0,0.0,0.0,26.2,27.3,24.8,53,2,0.7905633969115482,0.612380204990065,0
2026-02-23,0.0,25.2,31.5,19.5,0.0,0.0,0.0,0.0,0.0,0.0,0.0,0.0,0.0,0.0,0.0,25.3,27.5,26.3,54,2,0.8009803309782905,0.5986906625177214,0
2026-02-24,0.0,24.8,30.9,18.8,0.0,0.0,0.0,0.0,0.0,0.0,0.0,0.0,0.0,0.0,0.0,25.2,26.9,26.8,55,2,0.8111602420785621,0.5848239578463322,0
2026-02-25,0.0,26.0,33.4,18.0,0.0,0.0,0.0,0.0,0.0,0.0,0.0,0.0,0.0,0.0,0.0,24.8,27.1,27.5,56,2,0.8211001178128892,0.5707841943569036,0
2026-02-26,0.0,25.7,31.6,19.1,0.0,0.0,0.0,0.0,0.0,0.0,0.0,0.0,0.0,0.0,0.0,26.0,26.5,27.0,57,2,0.8307970168121247,0.5565755266413303,0
2026-02-27,0.0,25.8,31.9,19.0,0.0,0.0,0.0,0.0,0.0,0.0,0.0,0.0,0.0,0.0,0.0,25.7,26.4,26.5,58,2,0.8402480696078469,0.5422021592729844,0
2026-02-28,0.0,25.1,31.3,20.0,0.0,0.0,0.0,0.0,0.0,0.0,0.0,0.0,0.0,0.0,0.0,25.8,26.2,26.7,59,2,0.8494504794814806,0.527668345562516,0
2026-03-01,0.0,24.6,31.6,18.2,0.0,0.0,0.0,0.0,0.0,0.0,0.0,0.0,0.0,0.0,0.0,25.1,25.3,27.3,60,3,0.8584015232918917,0.512978386299228,0
2026-03-02,0.0,24.1,30.9,18.7,0.0,0.0,0.0,0.0,0.0,0.0,0.0,0.0,0.0,0.0,0.0,24.6,25.2,27.5,61,3,0.8670985522812081,0.4981366284784055,0
2026-03-03,0.0,22.6,29.7,16.8,0.0,0.0,0.0,0.0,0.0,0.0,0.0,0.0,0.0,0.0,0.0,24.1,24.8,26.9,62,3,0.8755389928586302,0.4831474640149687,0
2026-03-04,0.0,23.2,31.6,15.5,0.0,0.0,0.0,0.0,0.0,0.0,0.0,0.0,0.0,0.0,0.0,22.6,26.0,27.1,63,3,0.8837203473619977,0.4680153284438345,0
2026-03-05,0.0,23.8,31.1,16.8,0.0,0.0,0.0,0.0,0.0,0.0,0.0,0.0,0.0,0.0,0.0,23.2,25.7,26.5,64,3,0.8916401947968874,0.45274469960737107,0
2026-03-06,0.0,24.1,31.2,17.3,0.0,0.0,0.0,0.0,0.0,0.0,0.0,0.0,0.0,0.0,0.0,23.8,25.8,26.4,65,3,0.8992961915530253,0.4373400963303323,0
2026-03-07,0.0,24.9,32.2,18.2,0.0,0.0,0.0,0.0,0.0,0.0,0.0,0.0,0.0,0.0,0.0,24.1,25.1,26.2,66,3,0.9066860720977985,0.4218060770826634,0
2026-03-08,0.0,24.8,32.0,18.2,0.0,0.0,0.0,0.0,0.0,0.0,0.0,0.0,0.0,0.0,0.0,24.9,24.6,25.3,67,3,0.9138076496466615,0.40614723863057883,0
2026-03-09,0.0,24.8,32.4,18.0,0.0,0.0,0.0,0.0,0.0,0.0,0.0,0.0,0.0,0.0,0.0,24.8,24.1,25.2,68,3,0.9206588168102428,0.3903682146763026,0
2026-03-10,0.0,25.2,32.7,18.1,0.0,0.0,0.0,0.0,0.0,0.0,0.0,0.0,0.0,0.0,0.0,24.8,22.6,24.8,69,3,0.9272375462179537,0.374473674486883,0
2026-03-11,0.0,25.9,33.2,19.2,0.0,0.0,0.0,0.0,0.0,0.0,0.0,0.0,0.0,0.0,0.0,25.2,23.2,26.0,70,3,0.9335418911179212,0.35846832151248087,0
2026-03-12,0.0,25.8,33.0,20.0,0.0,0.0,0.0,0.0,0.0,0.0,0.0,0.0,0.0,0.0,0.0,25.9,23.8,25.7,71,3,0.9395699859530622,0.342356891994542,0
2026-03-13,0.0,26.5,33.8,19.2,0.0,0.0,0.0,0.0,0.0,0.0,0.0,0.0,0.0,0.0,0.0,25.8,24.1,25.8,72,3,0.945320046913132,0.3261441535642696,0
2026-03-14,0.0,28.0,35.2,20.4,0.0,0.0,0.0,0.0,0.0,0.0,0.0,0.0,0.0,0.0,0.0,26.5,24.9,25.1,73,3,0.9507903724625832,0.3098349038318025,0
2026-03-15,0.0,29.8,36.9,23.8,0.0,0.0,0.0,0.0,0.0,0.0,0.0,0.0,0.0,0.0,0.0,28.0,24.8,24.6,74,3,0.9559793438440766,0.2934339689665273,0
2026-03-16,0.0,30.1,36.5,24.5,0.0,0.0,0.0,0.0,0.0,0.0,0.0,0.0,0.0,0.0,0.0,29.8,24.8,24.1,75,3,0.9608854255574977,0.27694620226893646,0
2026-03-17,0.0,29.5,35.0,24.8,0.0,0.0,0.0,0.0,0.0,0.0,0.0,0.0,0.0,0.0,0.0,30.1,25.2,22.6,76,3,0.9655071658143364,0.2603764827344581,0
2026-03-18,0.0,29.6,35.1,23.6,0.0,0.0,0.0,0.0,0.0,0.0,0.0,0.0,0.0,0.0,0.0,29.5,25.9,23.2,77,3,0.969843196967294,0.24372971360968387,0
2026-03-19,1.5,25.7,30.0,22.0,0.0,0.0,0.0,0.0,0.0,0.0,0.0,0.0,0.0,0.0,0.0,29.6,25.8,23.8,78,3,0.9738922359149924,0.22701082094141847,1
2026-03-20,0.7000000000000001,25.2,30.2,19.3,1.5,0.0,0.0,0.0,0.0,0.0,0.0,1.5000000000000036,1.5,1.5,1.4999999999999858,25.7,26.5,24.1,79,3,0.9776530844816641,0.2102247521189836,1
2026-03-21,0.0,25.4,30.7,18.8,0.7000000000000001,1.5,0.0,0.0,0.0,0.0,0.0,2.2000000000000037,2.2,2.2,2.199999999999986,25.2,28.0,24.9,80,3,0.981124629771712,0.19337647441020586,0
2026-03-22,0.0,25.4,29.7,21.8,0.0,0.7000000000000001,1.5,0.0,0.0,0.0,0.0,2.2000000000000037,2.2,2.2,2.199999999999986,25.4,29.8,24.8,81,3,0.984305844499033,0.17647097349152166,0
2026-03-23,0.0,26.6,32.9,19.8,0.0,0.0,0.7000000000000001,0.0,0.0,0.0,0.0,0.7000000000000036,2.2,2.2,2.199999999999986,25.4,30.1,24.8,82,3,0.9871957872910085,0.15951325197263655,0
2026-03-24,0.0,26.5,32.3,20.7,0.0,0.0,0.0,0.0,0.0,0.0,0.0,0.0,2.2,2.2,2.199999999999986,26.6,29.5,25.2,83,3,0.9897936029670716,0.14250832791617088,0
2026-03-25,0.0,27.4,33.3,21.6,0.0,0.0,0.0,0.0,0.0,0.0,0.0,0.0,2.2,2.2,2.199999999999986,26.5,29.6,25.9,84,3,0.992098522791769,0.12546123335273648,0
2026-03-26,0.2,26.7,32.3,21.3,0.0,0.0,0.0,1.5,0.0,0.0,0.0,0.0,2.2,2.2,2.199999999999986,27.4,25.7,25.8,85,3,0.9941098647022418,0.10837701279187609,1
2026-03-27,0.0,25.3,31.6,19.0,0.2,0.0,0.0,0.7000000000000001,0.0,0.0,0.0,0.20000000000000356,0.9000000000000001,2.4,2.3999999999999857,26.7,25.2,26.5,86,3,0.9958270335100595,0.09126072172931188,0
2026-03-28,0.0,25.7,31.7,19.7,0.0,0.2,0.0,0.0,0.0,0.0,0.0,0.20000000000000356,0.2,2.4,2.3999999999999857,25.3,25.4,28.0,87,3,0.9972495210773451,0.07411742515094437,0
2026-03-29,0.0,26.1,32.5,19.1,0.0,0.0,0.2,0.0,0.0,0.0,0.0,0.20000000000000356,0.2,2.4,2.3999999999999857,25.7,25.4,29.8,88,3,0.998376906467142,0.056952196034039754,0
2026-03-30,0.0,27.7,34.3,20.1,0.0,0.0,0.0,0.0,0.0,0.0,0.0,0.0,0.2,2.4,2.3999999999999857,26.1,26.6,30.1,89,3,0.9992088560679753,0.03977011384605572,0
2026-03-31,0.0,28.8,35.5,21.9,0.0,0.0,0.0,0.0,0.0,0.0,0.0,0.0,0.2,2.4,2.3999999999999857,27.7,26.5,29.5,90,3,0.9997451236925734,0.022576263041545485,0
2026-04-01,0.0,29.7,35.9,24.1,0.0,0.0,0.0,0.0,0.0,0.0,0.0,0.0,0.2,2.4,2.3999999999999857,28.8,27.4,29.6,91,4,0.9999855506507186,0.005375731557583884,0
2026-04-02,0.1,29.3,35.5,24.0,0.0,0.0,0.0,0.2,1.5,0.0,0.0,0.0,0.2,2.4,2.3999999999999857,29.7,26.7,25.7,92,4,0.9999300657962057,-0.011826390691832589,0
2026-04-03,0.0,29.8,35.0,25.1,0.1,0.0,0.0,0.0,0.7000000000000001,0.0,0.0,0.10000000000000356,0.1,1.0,2.499999999999986,29.3,25.3,25.2,93,4,0.9995786855478958,-0.029025013321975237,0
2026-04-04,0.0,29.6,35.4,24.8,0.0,0.1,0.0,0.0,0.0,0.0,0.0,0.10000000000000356,0.1,0.30000000000000004,2.499999999999986,29.8,25.7,25.4,94,4,0.9989315138848577,-0.046215046983708354,0
2026-04-05,0.9,28.2,34.7,22.3,0.0,0.0,0.1,0.0,0.0,0.0,0.0,0.10000000000000356,0.1,0.30000000000000004,2.499999999999986,29.6,26.1,25.4,95,4,0.9979887423155984,-0.06339140486951038,1
2026-04-06,0.0,27.3,34.4,22.0,0.9,0.0,0.0,0.0,0.0,0.0,0.0,0.9000000000000036,1.0,1.2000000000000002,3.399999999999986,28.2,27.7,26.6,96,4,0.9967506498213929,-0.08054900421874167,0
2026-04-07,0.0,27.8,34.5,22.0,0.0,0.9,0.0,0.0,0.0,0.0,0.0,0.9000000000000036,1.0,1.2000000000000002,3.399999999999986,27.3,28.8,26.5,97,4,0.9952176027737294,-0.09768276782171598,0
2026-04-08,0.0,27.3,33.6,22.8,0.0,0.0,0.9,0.0,0.0,0.0,0.0,0.9000000000000036,1.0,1.2000000000000002,3.399999999999986,27.8,29.7,27.4,98,4,0.9933900548258936,-0.11478762552212701,0
2026-04-09,0.0,27.8,33.8,21.6,0.0,0.0,0.0,0.1,0.2,1.5,0.0,0.0,1.0,1.2000000000000002,3.399999999999986,27.3,29.3,26.7,99,4,0.9912685467787256,-0.13185851571739118,0
2026-04-10,0.0,27.8,33.6,21.3,0.0,0.0,0.0,0.0,0.0,0.7000000000000001,0.0,0.0,0.9,1.0,3.399999999999986,27.8,29.8,25.3,100,4,0.9888537064205885,-0.1488903868564548,0
2026-04-11,0.0,26.8,33.0,20.7,0.0,0.0,0.0,0.0,0.0,0.0,0.0,0.0,0.9,1.0,3.399999999999986,27.8,29.6,25.7,101,4,0.986146248341595,-0.16587819893463143,0
2026-04-12,0.0,27.1,33.4,20.1,0.0,0.0,0.0,0.9,0.0,0.0,0.0,0.0,0.9,1.0,3.399999999999986,26.8,28.2,26.1,102,4,0.9831469737221499,-0.1828169249850199,0
2026-04-13,0.0,27.9,34.6,21.2,0.0,0.0,0.0,0.0,0.0,0.0,0.0,0.0,0.0,1.0,3.399999999999986,27.1,27.3,27.7,103,4,0.9798567700958665,-0.1997015525660636,0
2026-04-14,0.0,28.3,34.6,22.9,0.0,0.0,0.0,0.0,0.0,0.0,0.0,0.0,0.0,1.0,3.399999999999986,27.9,27.8,28.8,104,4,0.9762766110869321,-0.21652708524481437,0
2026-04-15,1.9,27.7,33.9,23.3,0.0,0.0,0.0,0.0,0.0,0.0,0.0,0.0,0.0,1.0,3.399999999999986,28.3,27.3,29.7,105,4,0.9724075561219968,-0.23328854407545518,1
2026-04-16,0.0,28.8,34.9,22.5,1.9,0.0,0.0,0.0,0.1,0.2,1.5,1.9000000000000035,1.9,2.9,5.299999999999986,27.7,27.8,29.3,106,4,0.9682507501166718,-0.2499809690726521,0
2026-04-17,0.0,28.6,35.0,23.9,0.0,1.9,0.0,0.0,0.0,0.0,0.7000000000000001,1.9000000000000035,1.9,2.8,3.7999999999999856,28.8,27.8,29.8,107,4,0.9638074231367307,-0.26659942067929354,0
2026-04-18,0.0,30.0,35.6,23.6,0.0,0.0,1.9,0.0,0.0,0.0,0.0,1.9000000000000035,1.9,2.8,3.0999999999999854,28.6,26.8,29.6,108,4,0.9590788900341131,-0.28313898122818354,0
2026-04-19,0.0,30.6,36.8,25.5,0.0,0.0,0.0,0.0,0.9,0.0,0.0,0.0,1.9,2.8,3.0999999999999854,30.0,27.1,28.2,109,4,0.9540665500578387,-0.2995947563972602,0
2026-04-20,0.0,30.2,36.7,25.4,0.0,0.0,0.0,0.0,0.0,0.0,0.0,0.0,1.9,1.9,3.0999999999999854,30.6,27.9,27.3,110,4,0.9487718864399473,-0.31596187665790293,0
2026-04-21,0.3,28.9,35.3,24.1,0.0,0.0,0.0,0.0,0.0,0.0,0.0,0.0,1.9,1.9,3.0999999999999854,30.2,28.3,27.8,111,4,0.9431964659565866,-0.33223549871590435,1
2026-04-22,5.7,26.2,34.4,20.9,0.3,0.0,0.0,1.9,0.0,0.0,0.0,0.30000000000000354,2.1999999999999997,2.1999999999999997,3.3999999999999857,28.9,27.7,27.3,112,4,0.9373419384643772,-0.3484108069446808,1
2026-04-23,0.0,26.9,32.5,20.8,5.7,0.3,0.0,0.0,0.0,0.1,0.2,6.0000000000000036,6.0,7.9,9.099999999999985,26.2,28.8,27.8,113,4,0.9312100364121947,-0.3644830148102912,0
2026-04-24,0.1,25.5,32.4,21.5,0.0,5.7,0.3,0.0,0.0,0.0,0.0,6.0000000000000036,6.0,7.8999999999999995,8.899999999999988,26.9,28.6,27.8,114,4,0.9248025743285089,-0.38044736628785164,0
2026-04-25,0.0,28.1,34.0,21.8,0.1,0.0,5.7,0.0,0.0,0.0,0.0,5.800000000000003,6.1,7.999999999999999,8.999999999999988,25.5,30.0,26.8,115,4,0.9181214482844365,-0.39629913726891813,0
2026-04-26,0.0,29.0,35.2,24.4,0.0,0.1,0.0,0.0,0.0,0.9,0.0,0.10000000000000356,6.1,7.999999999999999,8.999999999999988,28.1,30.6,27.1,116,4,0.9111686353326631,-0.41203363695942635,0
2026-04-27,0.0,28.0,33.9,22.9,0.0,0.0,0.1,0.0,0.0,0.0,0.0,0.10000000000000356,6.1,7.999999999999999,8.999999999999988,29.0,30.2,27.9,117,4,0.9039461929224011,-0.42764620926777464,0
2026-04-28,0.0,28.4,34.3,23.3,0.0,0.0,0.0,0.3,0.0,0.0,0.0,0.0,6.1,7.999999999999999,8.999999999999988,28.0,28.9,28.3,118,4,0.8964562582905575,-0.44313223418263453,0
2026-04-29,0.0,27.6,34.0,21.0,0.0,0.0,0.0,5.7,1.9,0.0,0.0,0.0,5.8,7.999999999999999,8.999999999999988,28.4,26.2,27.7,119,4,0.8887010478292915,-0.45848712914008766,0
2026-04-30,0.0,27.6,34.5,20.4,0.0,0.0,0.0,0.0,0.0,0.0,0.1,0.0,0.1,6.1,8.999999999999988,27.6,26.9,28.8,120,4,0.8806828564301475,-0.47370635037968,0
2026-05-01,0.0,28.1,34.0,21.4,0.0,0.0,0.0,0.1,0.0,0.0,0.0,0.0,0.1,6.1,8.899999999999986,27.6,25.5,28.6,121,5,0.8724040568049612,-0.48878539428899265,0
2026-05-02,0.0,29.2,35.1,23.6,0.0,0.0,0.0,0.0,0.0,0.0,0.0,0.0,0.0,6.1,8.899999999999986,28.1,28.1,30.0,122,5,0.8638670987837349,-0.503719798736334,0
2026-05-03,0.0,29.8,36.2,24.9,0.0,0.0,0.0,0.0,0.0,0.0,0.9,0.0,0.0,6.1,8.899999999999986,29.2,29.0,30.6,123,5,0.8550745085896932,-0.518505144391157,0
2026-05-04,0.9,29.1,35.6,23.3,0.0,0.0,0.0,0.0,0.0,0.0,0.0,0.0,0.0,6.1,7.999999999999986,29.8,28.0,30.2,124,5,0.8460288880917339,-0.533137056031809,1
2026-05-05,0.2,29.8,35.7,24.4,0.9,0.0,0.0,0.0,0.3,0.0,0.0,0.9000000000000036,0.9,7.0,8.899999999999986,29.1,28.4,28.9,125,5,0.8367329140344921,-0.5476112038402312,1
2026-05-06,0.0,28.7,36.0,23.8,0.2,0.9,0.0,0.0,5.7,1.9,0.0,1.1000000000000036,1.1,6.8999999999999995,9.099999999999985,29.8,27.6,26.2,126,5,0.8271893372462497,-0.5619233046832195,0
2026-05-07,0.0,28.9,34.6,22.7,0.0,0.2,0.9,0.0,0.0,0.0,0.0,1.1000000000000036,1.1,1.199999999999999,9.099999999999985,28.7,27.6,26.9,127,5,0.8174009818249189,-0.5760691233798758,0
2026-05-08,0.0,29.6,34.4,24.1,0.0,0.0,0.2,0.0,0.1,0.0,0.0,0.20000000000000356,1.1,1.199999999999999,9.099999999999985,28.9,28.1,25.5,128,5,0.8073707443023492,-0.5900444739548627,0
2026-05-09,0.0,28.3,34.4,22.6,0.0,0.0,0.0,0.0,0.0,0.0,0.0,0.0,1.1,1.099999999999999,9.099999999999985,29.6,29.2,28.1,129,5,0.7971015927871943,-0.6038452208771035,0
2026-05-10,2.1,27.3,34.5,22.2,0.0,0.0,0.0,0.0,0.0,0.0,0.0,0.0,1.1,1.099999999999999,9.099999999999985,28.3,29.8,29.0,130,5,0.7865965660866021,-0.6174672802835514,1
2026-05-11,0.0,28.7,34.7,22.8,2.1,0.0,0.0,0.9,0.0,0.0,0.0,2.1000000000000036,3.2,3.1999999999999993,11.199999999999987,27.3,29.1,28.0,131,5,0.7758587728069828,-0.6309066211876704,0
2026-05-12,1.4,26.6,31.1,23.1,0.0,2.1,0.0,0.2,0.0,0.3,0.0,2.1000000000000036,2.3000000000000003,3.199999999999999,11.199999999999987,28.7,29.8,28.4,132,5,0.7648913904341226,-0.6441592666722685,1
2026-05-13,0.9,26.4,32.7,22.3,1.4,0.0,2.1,0.0,0.0,5.7,1.9,3.5000000000000036,3.5,4.599999999999999,12.599999999999987,26.6,28.7,27.6,133,5,0.753697664392914,-0.6572212950663319,1
2026-05-14,0.1,26.9,33.5,22.1,0.9,1.4,0.0,0.0,0.0,0.0,0.0,2.3000000000000034,4.4,5.499999999999999,11.599999999999985,26.4,28.9,27.6,134,5,0.742280907086982,-0.6700888411055113,0
2026-05-15,0.0,27.9,34.1,21.5,0.1,0.9,1.4,0.0,0.0,0.1,0.0,2.4000000000000035,4.5,5.599999999999999,11.699999999999987,26.9,29.6,28.1,135,5,0.7306444969184916,-0.6827580970759147,0
2026-05-16,0.0,29.7,35.3,24.4,0.0,0.1,0.9,0.0,0.0,0.0,0.0,1.0000000000000036,4.5,5.599999999999999,11.699999999999987,27.9,28.3,29.2,136,5,0.7187918772884232,-0.6952253139408722,0
2026-05-17,0.0,28.5,33.2,23.6,0.0,0.0,0.1,2.1,0.0,0.0,0.0,0.10000000000000356,4.5,5.599999999999999,11.699999999999987,29.7,27.3,29.8,137,5,0.7067265555776158,-0.7074868024503348,0
2026-05-18,0.0,28.4,33.6,23.8,0.0,0.0,0.0,0.0,0.9,0.0,0.0,0.0,2.4,5.599999999999999,11.699999999999987,28.5,28.7,29.1,138,5,0.6944521021088763,-0.719538934232584,0
2026-05-19,0.0,30.6,37.4,23.8,0.0,0.0,0.0,1.4,0.2,0.0,0.3,0.0,2.4,4.699999999999999,11.699999999999987,28.4,26.6,29.8,139,5,0.6819721490904629,-0.7313781428679254,0
2026-05-20,0.0,30.5,37.0,25.0,0.0,0.0,0.0,0.9,0.0,0.0,5.7,0.0,1.0,4.499999999999999,11.399999999999988,30.6,26.4,28.7,140,5,0.6692903895412567,-0.7430009249440493,0
2026-05-21,0.0,29.4,35.2,24.7,0.0,0.0,0.0,0.1,0.0,0.0,0.0,0.0,0.1,4.499999999999999,5.699999999999987,30.5,26.9,28.9,141,5,0.6564105761979381,-0.7544038410927472,0
2026-05-22,0.0,30.4,36.9,24.8,0.0,0.0,0.0,0.0,0.0,0.0,0.1,0.0,0.0,4.499999999999999,5.699999999999987,29.4,27.9,29.6,142,5,0.6433365204044917,-0.765583517007675,0
2026-05-23,0.0,30.5,37.7,23.6,0.0,0.0,0.0,0.0,0.0,0.0,0.0,0.0,0.0,4.499999999999999,5.599999999999987,30.4,29.7,28.3,143,5,0.6300720909843687,-0.7765366444428655,0
2026-05-24,0.0,31.8,37.1,26.8,0.0,0.0,0.0,0.0,2.1,0.0,0.0,0.0,0.0,4.499999999999999,5.599999999999987,30.5,28.5,27.3,144,5,0.6166212130956382,-0.7872599821916922,0
2026-05-25,0.0,30.1,35.7,25.2,0.0,0.0,0.0,0.0,0.0,0.9,0.0,0.0,0.0,2.3999999999999986,5.599999999999987,31.8,28.4,28.7,145,5,0.6029878670694714,-0.7977503570459932,0
2026-05-26,0.0,30.9,37.8,25.5,0.0,0.0,0.0,0.0,1.4,0.2,0.0,0.0,0.0,2.3999999999999986,5.599999999999987,30.1,30.6,26.6,146,5,0.5891760872322963,-0.8080046647350754,0
2026-05-27,0.1,29.2,34.0,25.4,0.0,0.0,0.0,0.0,0.9,0.0,0.0,0.0,0.0,0.9999999999999987,5.599999999999987,30.9,30.5,26.4,147,5,0.5751899607119775,-0.8180198708443175,0
2026-05-28,3.8,29.1,34.4,21.8,0.1,0.0,0.0,0.0,0.1,0.0,0.0,0.10000000000000356,0.1,0.19999999999999868,5.699999999999987,29.2,29.4,26.9,148,5,0.5610336262283677,-0.8277930117131022,1
2026-05-29,0.4,28.0,33.9,22.6,3.8,0.1,0.0,0.0,0.0,0.0,0.0,3.9000000000000035,3.9,3.8999999999999986,9.499999999999988,29.1,30.4,27.9,149,5,0.5467112728685939,-0.8373211953118121,1
2026-05-30,0.4,28.0,33.8,23.0,0.4,3.8,0.1,0.0,0.0,0.0,0.0,4.300000000000003,4.3,4.299999999999999,9.899999999999988,28.0,30.5,29.7,150,5,0.5322271388474397,-0.8466016020976267,1
2026-05-31,0.7000000000000001,28.4,33.6,22.7,0.4,0.4,3.8,0.0,0.0,2.1,0.0,4.600000000000004,4.7,4.699999999999998,10.299999999999986,28.0,31.8,28.5,151,5,0.5175855102531889,-0.8556314858488706,1
2026-06-01,0.1,29.4,35.2,23.6,0.7000000000000001,0.4,0.4,0.0,0.0,0.0,0.9,1.5000000000000036,5.4,5.399999999999999,10.999999999999988,28.4,30.1,28.4,152,6,0.5027907197793043,-0.8644081744776648,0
2026-06-02,0.0,29.0,34.0,24.2,0.1,0.7000000000000001,0.4,0.0,0.0,1.4,0.2,1.2000000000000037,5.5,5.499999999999999,10.199999999999987,29.4,30.9,30.6,153,6,0.4878471454423119,-0.8729290708206411,0
2026-06-03,0.0,30.1,34.9,25.4,0.0,0.1,0.7000000000000001,0.1,0.0,0.9,0.0,0.8000000000000036,5.5,5.499999999999999,9.999999999999988,29.0,29.2,30.5,154,6,0.47275920928627757,-0.881191653407483,0
2026-06-04,0.0,29.9,36.0,24.9,0.0,0.0,0.1,3.8,0.0,0.1,0.0,0.10000000000000356,5.4,5.499999999999999,9.999999999999988,30.1,29.1,29.4,155,6,0.4575313760742512,-0.8891934772070711,0
2026-06-05,0.0,30.9,37.0,26.0,0.0,0.0,0.0,0.4,0.0,0.0,0.0,0.0,1.6,5.499999999999999,9.999999999999988,29.9,28.0,30.4,156,6,0.44216815196707204,-0.8969321743510065,0
2026-06-06,0.0,28.7,33.2,23.5,0.0,0.0,0.0,0.4,0.0,0.0,0.0,0.0,1.2000000000000002,5.499999999999999,9.999999999999988,30.9,28.0,30.5,157,6,0.42667408318992467,-0.9044054548343001,0
2026-06-07,0.0,29.0,33.3,24.5,0.0,0.0,0.0,0.7000000000000001,0.0,0.0,2.1,0.0,0.8,5.499999999999999,9.999999999999988,28.7,28.4,31.8,158,6,0.4110537546870351,-0.9116111071930239,0
2026-06-08,0.0,30.2,35.6,24.1,0.0,0.0,0.0,0.1,0.0,0.0,0.0,0.0,0.1,5.499999999999999,7.899999999999986,29.0,29.4,30.1,159,6,0.3953117887649151,-0.9185469991587165,0
2026-06-09,0.0,29.8,35.5,24.1,0.0,0.0,0.0,0.0,0.0,0.0,1.4,0.0,0.0,5.499999999999999,7.899999999999986,30.2,29.0,30.9,160,6,0.37945284372454435,-0.925211078289358,0
2026-06-10,0.0,29.7,35.4,25.2,0.0,0.0,0.0,0.0,0.1,0.0,0.9,0.0,0.0,5.499999999999999,6.499999999999987,29.8,30.1,29.2,161,6,0.36348161248290634,-0.9316013725767187,0
2026-06-11,0.0,28.8,33.8,23.5,0.0,0.0,0.0,0.0,3.8,0.0,0.1,0.0,0.0,5.3999999999999995,5.599999999999986,29.7,29.9,29.1,162,6,0.3474028211842774,-0.9377159910299093,0
2026-06-12,0.0,30.5,34.7,26.0,0.0,0.0,0.0,0.0,0.4,0.0,0.0,0.0,0.0,1.5999999999999988,5.499999999999987,28.8,30.9,28.0,163,6,0.3312212278016865,-0.9435531242349544,0
2026-06-13,0.0,31.3,35.8,25.6,0.0,0.0,0.0,0.0,0.4,0.0,0.0,0.0,0.0,1.1999999999999988,5.499999999999987,30.5,28.7,28.0,164,6,0.31494162072895193,-0.9491110448902284,0
2026-06-14,0.0,29.9,34.9,25.7,0.0,0.0,0.0,0.0,0.7000000000000001,0.0,0.0,0.0,0.0,0.7999999999999987,5.499999999999987,31.3,29.0,28.4,165,6,0.2985688173637202,-0.9543881083175908,0
2026-06-15,0.8,27.6,33.8,22.0,0.0,0.0,0.0,0.0,0.1,0.0,0.0,0.0,0.0,0.09999999999999867,5.499999999999987,29.9,30.2,29.4,166,6,0.2821076626819194,-0.9593827529490743,1
2026-06-16,0.6,26.5,30.7,21.6,0.8,0.0,0.0,0.0,0.0,0.0,0.0,0.8000000000000036,0.8,0.7999999999999987,6.2999999999999865,27.6,29.8,29.0,167,6,0.26556302780405594,-0.9640935007889755,1
2026-06-17,1.0,26.5,31.7,21.2,0.6,0.8,0.0,0.0,0.0,0.1,0.0,1.4000000000000035,1.4,1.3999999999999986,6.899999999999987,26.5,29.7,30.1,168,6,0.24893980855376657,-0.9685189578512204,1
2026-06-18,0.4,26.7,31.2,21.8,1.0,0.6,0.8,0.0,0.0,3.8,0.0,2.4000000000000035,2.4,2.3999999999999986,7.899999999999987,26.5,28.8,29.9,169,6,0.23224292400907015,-0.9726578145718654,1
2026-06-19,1.1,27.2,31.8,22.4,0.4,1.0,0.6,0.0,0.0,0.4,0.0,2.0000000000000036,2.8,2.7999999999999985,8.299999999999986,26.7,30.5,30.9,170,6,0.21547731504673012,-0.976508846196619,1
2026-06-20,0.1,27.8,32.7,22.6,1.1,0.4,1.0,0.0,0.0,0.4,0.0,2.5000000000000036,3.9,3.8999999999999986,9.399999999999986,27.2,31.3,28.7,171,6,0.19864794288017112,-0.9800709131432666,0
2026-06-21,0.0,29.1,34.7,22.8,0.1,1.1,0.4,0.0,0.0,0.7000000000000001,0.0,1.6000000000000036,4.0,3.9999999999999987,9.499999999999988,27.8,29.9,29.0,172,6,0.18175978759137534,-0.9833429613388902,0
2026-06-22,0.0,28.8,33.1,24.1,0.0,0.1,1.1,0.8,0.0,0.1,0.0,1.2000000000000037,4.0,3.9999999999999987,9.499999999999988,29.1,27.6,30.2,173,6,0.16481784665719793,-0.9863240225317866,0
2026-06-23,1.1,25.6,31.4,21.3,0.0,0.0,0.1,0.6,0.0,0.0,0.0,0.10000000000000356,3.2,3.9999999999999987,9.499999999999988,28.8,26.5,29.8,174,6,0.14782713347053048,-0.9890132145779883,1
2026-06-24,0.8,24.2,29.7,20.1,1.1,0.0,0.0,1.0,0.0,0.0,0.1,1.1000000000000036,3.7,5.099999999999999,10.599999999999987,25.6,26.5,29.7,175,6,0.13079267585675922,-0.9914097417023038,1
2026-06-25,1.9,24.4,28.9,21.0,0.8,1.1,0.0,0.4,0.0,0.0,3.8,1.9000000000000037,3.5,5.899999999999999,11.299999999999986,24.2,26.7,28.8,176,6,0.11371951458594969,-0.9935128947338007,1
2026-06-26,1.0,25.1,29.5,20.7,1.9,0.8,1.1,1.1,0.0,0.0,0.4,3.8000000000000034,5.0,7.799999999999999,9.399999999999986,24.4,27.2,30.5,177,6,0.0966127018812031,-0.9953220513156602,1
2026-06-27,3.6,24.6,30.5,21.2,1.0,1.9,0.8,0.1,0.0,0.0,0.4,3.7000000000000037,4.9,8.799999999999999,9.999999999999986,25.1,27.8,31.3,178,6,0.07947729992362097,-0.9968366760893436,1
2026-06-28,2.1,24.9,30.6,19.6,3.6,1.0,1.9,0.0,0.0,0.0,0.7000000000000001,6.5000000000000036,8.4,12.399999999999999,13.199999999999989,24.6,29.1,29.9,179,6,0.062318379354325076,-0.998056320853012,1
2026-06-29,0.2,26.4,30.2,21.9,2.1,3.6,1.0,0.0,0.8,0.0,0.1,6.700000000000003,10.5,14.499999999999998,14.599999999999987,24.9,28.8,27.6,180,6,0.04514101777397193,-0.9989806246941579,1
2026-06-30,0.3,26.6,31.0,22.4,0.2,2.1,3.6,1.1,0.6,0.0,0.0,5.900000000000003,10.700000000000001,13.899999999999999,14.699999999999987,26.4,25.6,26.5,181,6,0.02795029824021032,-0.999609314096404,1
2026-07-01,0.0,27.5,31.5,22.2,0.3,0.2,2.1,0.8,1.0,0.0,0.0,2.6000000000000036,9.9,13.599999999999998,14.999999999999988,26.6,24.2,26.5,182,7,0.01075130776352193,-0.9999422030204416,0
2026-07-02,0.2,27.0,30.9,24.1,0.0,0.3,0.2,1.9,0.4,0.0,0.0,0.5000000000000036,9.1,12.599999999999998,14.999999999999988,27.5,24.4,26.7,183,7,-0.00645086419810515,-0.9999791929590823,1
2026-07-03,2.8,25.5,30.4,21.7,0.2,0.0,0.3,1.0,1.1,0.0,0.0,0.5000000000000036,7.3999999999999995,12.399999999999999,15.199999999999987,27.0,25.1,27.2,184,7,-0.023651127245231586,-0.9997202729664083,1
2026-07-04,1.5,25.8,30.5,20.1,2.8,0.2,0.0,3.6,0.1,0.0,0.0,3.0000000000000036,9.2,14.099999999999998,17.999999999999986,25.5,24.6,27.8,185,7,-0.04084439154329611,-0.9991655196610109,1
2026-07-05,0.0,27.2,31.7,21.2,1.5,2.8,0.2,2.1,0.0,0.0,0.0,4.5000000000000036,7.1,15.499999999999998,19.499999999999986,25.8,24.9,29.1,186,7,-0.05802556932878035,-0.9983150972033183,0
2026-07-06,1.5,27.2,32.4,23.6,0.0,1.5,2.8,0.2,0.0,0.8,0.0,4.300000000000003,5.0,15.499999999999998,19.499999999999986,27.2,26.4,28.8,187,7,-0.07518957641475855,-0.9971692572470178,1
2026-07-07,3.1,25.0,31.6,21.5,1.5,0.0,1.5,0.3,1.1,0.6,0.0,3.0000000000000036,6.300000000000001,17.0,20.999999999999986,27.2,26.6,25.6,188,7,-0.09233133369539122,-0.9957283388645872,1
2026-07-08,2.7,23.3,28.9,19.7,3.1,1.5,0.0,0.0,0.8,1.0,0.0,4.600000000000003,9.1,19.0,24.099999999999987,25.0,27.5,24.2,189,7,-0.10944576864891556,-0.993992768446958,1
2026-07-09,3.6,23.4,29.8,19.6,2.7,3.1,1.5,0.2,1.9,0.4,0.0,7.300000000000004,11.8,20.9,26.799999999999986,23.3,27.0,24.4,190,7,-0.12652781683868314,-0.9919630595773397,1
2026-07-10,5.1,23.2,28.7,18.8,3.6,2.7,3.1,2.8,1.0,1.1,0.0,9.400000000000004,15.200000000000001,22.6,30.399999999999988,23.4,25.5,25.1,191,7,-0.1435724234118113,-0.9896398128792412,1
2026-07-11,4.0,24.5,29.9,19.4,5.1,3.6,2.7,1.5,3.6,0.1,0.0,11.400000000000004,17.5,26.7,35.499999999999986,23.2,25.8,24.6,192,7,-0.16057454459499376,-0.9870237158387383,1
2026-07-12,3.1,24.2,29.3,20.4,4.0,5.1,3.6,0.0,2.1,0.0,0.0,12.700000000000003,20.0,27.099999999999998,39.499999999999986,24.5,27.2,24.9,193,7,-0.17752914918703497,-0.984115542601034,1
2026-07-13,1.8,24.5,29.9,19.7,3.1,4.0,5.1,1.5,0.2,0.0,0.8,12.200000000000003,23.1,28.099999999999998,42.59999999999999,24.2,27.2,26.4,194,7,-0.19443122004766195,-0.9809161537413774,1
2026-07-14,0.9,25.3,29.7,21.3,1.8,3.1,4.0,3.1,0.3,1.1,0.6,8.900000000000004,23.4,29.699999999999996,43.59999999999999,24.5,25.0,26.6,195,7,-0.2112757555821793,-0.9774264960104055,1
2026-07-15,0.6,25.6,30.1,21.3,0.9,1.8,3.1,2.7,0.0,0.8,1.0,5.800000000000003,21.2,30.299999999999997,43.89999999999999,25.3,23.3,27.5,196,7,-0.2280577712215198,-0.9736476020539838,1
2026-07-16,1.8,24.6,30.4,21.0,0.6,0.9,1.8,3.6,0.2,1.9,0.4,3.3000000000000034,19.099999999999998,30.899999999999995,43.499999999999986,25.6,23.4,27.0,197,7,-0.24477230089725957,-0.9695805901076308,1
2026-07-17,7.5,22.0,27.4,18.8,1.8,0.6,0.9,5.1,2.8,1.0,1.1,3.3000000000000034,17.3,32.5,44.89999999999999,24.6,23.2,25.5,198,7,-0.2614143985111562,-0.965226663665613,1
2026-07-18,3.3,22.7,27.1,19.4,7.5,1.8,0.6,4.0,1.5,3.6,0.1,9.900000000000004,19.7,37.199999999999996,51.29999999999999,22.0,24.5,25.8,199,7,-0.2779791393987801,-0.9605871111248129,1
2026-07-19,1.0,23.0,27.5,18.7,3.3,7.5,1.8,3.1,0.0,2.1,0.0,12.600000000000005,19.0,39.0,54.499999999999986,22.7,24.2,27.2,200,7,-0.2944616217868012,-0.9556633054034704,1
2026-07-20,0.4,24.3,28.1,20.6,1.0,3.3,7.5,1.8,1.5,0.2,0.0,11.800000000000004,16.9,40.0,55.499999999999986,23.0,24.5,27.2,201,7,-0.3108569682435036,-0.9504567035349151,1
2026-07-21,0.2,25.4,29.5,20.2,0.4,1.0,3.3,0.9,3.1,0.3,1.1,4.700000000000004,15.5,38.9,55.899999999999984,24.3,25.3,25.0,202,7,-0.3271603271220951,-0.9449688462364056,1
2026-07-22,3.4,24.8,28.5,19.7,0.2,0.4,1.0,0.6,2.7,0.0,0.8,1.6000000000000036,14.799999999999999,35.99999999999999,54.999999999999986,25.4,25.6,23.3,203,7,-0.34336687399638804,-0.939201357453208,1
2026-07-23,1.6,22.5,26.6,18.9,3.4,0.2,0.4,1.8,3.6,0.2,1.9,4.0000000000000036,17.6,36.7,57.59999999999999,24.8,24.6,23.4,204,7,-0.3594718130884232,-0.9331559438780432,1
2026-07-24,3.3,22.9,28.0,19.0,1.6,3.4,0.2,7.5,5.1,2.8,1.0,5.200000000000004,17.4,34.699999999999996,57.29999999999999,22.5,22.0,23.2,205,7,-0.3754703786876202,-0.9268343944460494,1
2026-07-25,10.4,22.3,27.4,19.3,3.3,1.6,3.4,3.3,4.0,1.5,3.6,8.300000000000004,13.2,32.9,59.59999999999999,22.9,22.7,24.5,206,7,-0.3913578365610259,-0.9202385798054075,1
2026-07-26,11.7,20.9,25.9,18.6,10.4,3.3,1.6,1.0,3.1,0.0,2.1,15.300000000000002,20.3,39.3,66.39999999999999,22.3,23.0,24.2,207,7,-0.4071294853542516,-0.9133704517637858,1
2026-07-27,4.0,21.9,26.3,17.7,11.7,10.4,3.3,0.4,1.8,1.5,0.2,25.400000000000002,31.0,47.89999999999999,75.99999999999999,20.9,24.3,24.5,208,7,-0.4227806579826773,-0.9062320427107697,1
2026-07-28,1.1,23.0,26.8,20.2,4.0,11.7,10.4,0.2,0.9,3.1,0.3,26.1,34.6,50.099999999999994,79.8,21.9,25.4,25.3,209,7,-0.4383067230125192,-0.898825465016444,1
2026-07-29,1.7000000000000002,22.6,27.3,19.4,1.1,4.0,11.7,3.4,0.6,2.7,0.0,16.800000000000004,35.5,50.3,80.59999999999998,23.0,24.8,25.6,210,7,-0.45370308603134424,-0.8911529104063088,1
2026-07-30,4.6,22.4,27.2,19.4,1.7000000000000002,1.1,4.0,1.6,1.8,3.6,0.2,6.800000000000004,33.8,51.4,82.29999999999998,22.6,22.5,24.6,211,7,-0.46896519100763184,-0.8832166493127127,1
2026-07-31,5.2,22.4,27.1,19.3,4.6,1.7000000000000002,1.1,3.3,7.5,5.1,2.8,7.400000000000004,36.8,54.2,86.69999999999999,22.4,22.9,22.0,212,7,-0.48408852163897587,-0.8750190302029955,1
2026-08-01,1.8,22.4,26.1,19.1,5.2,4.6,1.7000000000000002,10.4,3.3,4.0,1.5,11.500000000000004,38.7,51.9,89.09999999999998,22.4,22.3,22.7,213,8,-0.4990686026885319,-0.8665624788845385,1
2026-08-02,5.4,21.2,26.3,17.9,1.8,5.2,4.6,11.7,1.0,3.1,0.0,11.600000000000003,30.1,50.4,89.39999999999998,22.4,20.9,23.0,214,8,-0.5139010013093103,-0.8578494977869301,1
2026-08-03,1.6,22.1,27.3,17.4,5.4,1.8,5.2,4.0,0.4,1.8,1.5,12.400000000000004,23.8,54.8,94.79999999999998,21.2,21.9,24.3,215,8,-0.5285813283559292,-0.8488826652214553,1
2026-08-04,1.3,23.2,28.1,19.5,1.6,5.4,1.8,1.1,0.2,0.9,3.1,8.800000000000004,21.400000000000002,56.0,94.89999999999998,22.1,23.0,25.4,216,8,-0.5431052396834317,-0.8396646346181327,1
2026-08-05,7.3,22.4,26.7,19.9,1.3,1.6,5.4,1.7000000000000002,3.4,0.6,2.7,8.300000000000004,21.599999999999998,57.099999999999994,93.09999999999998,23.2,22.6,24.8,217,8,-0.5574684374327892,-0.8301981337405212,1
2026-08-06,1.2,23.0,27.7,18.9,7.3,1.3,1.6,4.6,1.6,1.8,3.6,10.200000000000003,27.2,61.0,97.69999999999999,22.4,22.4,22.5,218,8,-0.5716666713027052,-0.8204859638785327,1
2026-08-07,2.2,22.9,27.1,19.7,1.2,7.3,1.3,5.2,3.3,7.5,5.1,9.800000000000004,23.8,60.599999999999994,95.29999999999998,23.0,22.4,22.9,219,8,-0.5856957398073508,-0.8105309990194823,1
2026-08-08,4.5,22.5,28.6,19.2,2.2,1.2,7.3,1.8,10.4,3.3,4.0,10.700000000000003,20.8,59.5,92.39999999999999,22.9,22.4,22.3,220,8,-0.5995514915196489,-0.8003361849976323,1
2026-08-09,7.5,21.5,27.5,18.5,4.5,2.2,1.2,5.4,11.7,1.0,3.1,7.900000000000004,23.5,53.6,92.89999999999998,22.5,21.2,20.9,221,8,-0.6132298262997502,-0.7899045386224707,1
2026-08-10,2.2,22.4,27.5,18.0,7.5,4.5,2.2,1.6,4.0,0.4,1.8,14.200000000000003,25.6,49.4,97.29999999999998,21.5,22.1,21.9,222,8,-0.6267266965083301,-0.7792391467859886,1
2026-08-11,3.3,22.3,26.9,18.9,2.2,7.5,4.5,1.3,1.1,0.2,0.9,14.200000000000005,26.2,47.599999999999994,97.69999999999999,22.4,23.2,23.0,223,8,-0.6400381082043503,-0.7683431655492202,1
2026-08-12,2.7,21.8,26.6,17.7,3.3,2.2,7.5,7.3,1.7000000000000002,3.4,0.6,13.000000000000004,28.200000000000003,49.8,100.09999999999998,22.3,22.4,22.6,224,8,-0.65316012232693,-0.7572198192083127,1
2026-08-13,2.2,22.6,26.8,19.3,2.7,3.3,2.2,1.2,4.6,1.6,1.8,8.200000000000003,23.6,50.8,102.19999999999999,21.8,23.0,22.4,225,8,-0.666088855860977,-0.7458723993404063,1
2026-08-14,4.6,22.1,27.0,18.3,2.2,2.7,3.3,2.2,5.2,3.3,7.5,8.200000000000003,24.6,48.4,102.6,22.6,22.9,22.4,226,8,-0.6788204829862355,-0.734304263829602,1
2026-08-15,3.2,22.5,27.7,18.3,4.6,2.2,2.7,4.5,1.8,10.4,3.3,9.500000000000004,27.0,47.8,99.69999999999999,22.1,22.5,22.4,227,8,-0.6913512362094071,-0.722518835873311,1
2026-08-16,2.9,22.6,27.4,18.9,3.2,4.6,2.2,7.5,5.4,11.7,1.0,10.000000000000004,25.7,49.2,99.59999999999998,22.5,21.5,21.2,228,8,-0.7036774074790128,-0.7105196029692745,1
2026-08-17,1.8,24.4,29.8,19.4,2.9,3.2,4.6,2.2,1.6,4.0,0.4,10.700000000000003,21.099999999999998,46.7,101.5,22.6,22.4,22.1,229,8,-0.7157953492826642,-0.6983101158835584,1
2026-08-18,2.1,23.8,29.6,18.8,1.8,2.9,3.2,3.3,1.3,1.1,0.2,7.900000000000004,20.7,46.9,102.89999999999999,24.4,22.3,23.2,230,8,-0.7277014757264236,-0.6858939875998223,1
2026-08-19,1.9,23.7,29.1,20.1,2.1,1.8,2.9,2.7,7.3,1.7000000000000002,3.4,6.800000000000003,19.5,47.7,104.79999999999998,23.8,21.8,22.4,231,8,-0.7393922635959241,-0.673274892250183,1
2026-08-20,1.0,24.1,28.6,19.7,1.9,2.1,1.8,2.2,1.2,4.6,1.6,5.800000000000003,18.7,42.3,103.29999999999998,23.7,22.6,23.0,232,8,-0.7508642533989489,-0.6604565640279754,1
2026-08-21,1.2,24.3,29.1,21.0,1.0,1.9,2.1,4.6,2.2,5.2,3.3,5.0000000000000036,17.5,42.1,102.69999999999999,24.1,22.1,22.9,233,8,-0.7621140503891487,-0.6474427960827475,1
2026-08-22,6.5,21.6,26.6,18.9,1.2,1.0,1.9,3.2,4.5,1.8,10.4,4.100000000000003,14.1,41.1,100.6,24.3,22.5,22.5,234,8,-0.7731383255706026,-0.6342374393978054,1
2026-08-23,2.5,21.9,28.3,18.3,6.5,1.2,1.0,2.9,7.5,5.4,11.7,8.700000000000003,17.4,43.1,96.69999999999999,21.6,22.6,21.5,235,8,-0.7839338166829201,-0.620844401650647,1
2026-08-24,4.9,22.6,29.0,18.1,2.5,6.5,1.2,1.8,2.2,1.6,4.0,10.200000000000003,17.0,38.1,87.5,21.9,24.4,22.4,236,8,-0.7944973291665992,-0.6072676460566135,1
2026-08-25,1.3,22.8,27.3,18.6,4.9,2.5,6.5,2.1,3.3,1.3,1.1,13.900000000000004,20.1,40.8,88.39999999999999,22.6,23.8,22.3,237,8,-0.8048257371083452,-0.593511190196115,1
2026-08-26,3.3,23.6,29.4,19.6,1.3,4.9,2.5,1.9,2.7,7.3,1.7000000000000002,8.700000000000003,19.3,38.8,88.6,22.8,23.7,21.8,238,8,-0.8149159841660791,-0.5795791048257612,1
2026-08-27,4.8,23.6,30.0,19.4,3.3,1.3,4.9,1.0,2.2,1.2,4.6,9.500000000000004,20.7,39.4,90.19999999999999,23.6,24.1,22.6,239,8,-0.8247650844733614,-0.5654755126737576,1
2026-08-28,1.1,24.1,29.7,19.2,4.8,3.3,1.3,1.2,4.6,2.2,5.2,9.400000000000002,24.5,42.0,90.39999999999999,23.6,24.3,22.1,240,8,-0.8343701235229537,-0.5512045872199277,1
2026-08-29,0.4,25.2,31.3,18.6,1.1,4.8,3.3,6.5,3.2,4.5,1.8,9.200000000000001,24.400000000000002,38.5,86.29999999999998,24.1,21.6,22.5,241,8,-0.8437282590292712,-0.5367705514607103,1
2026-08-30,5.1,24.6,30.5,21.4,0.4,1.1,4.8,2.5,2.9,7.5,5.4,6.3000000000000025,18.3,35.699999999999996,84.89999999999999,25.2,21.9,22.6,242,8,-0.8528367217694595,-0.522177676659508,1
2026-08-31,3.2,22.7,27.6,18.7,5.1,0.4,1.1,4.9,1.8,2.2,1.6,6.600000000000002,20.9,37.9,84.59999999999998,24.6,22.6,24.4,243,8,-0.8616928164028521,-0.5074302810827518,1
2026-09-01,1.5,23.3,30.0,19.0,3.2,5.1,0.4,1.3,2.1,3.3,1.3,8.700000000000003,19.2,39.3,86.19999999999999,22.7,22.8,23.8,244,9,-0.8702939222685674,-0.49253272872205434,1
2026-09-02,4.6,23.0,28.2,19.0,1.5,3.2,5.1,3.3,1.9,2.7,7.3,9.8,19.4,38.699999999999996,86.39999999999999,23.3,23.6,23.7,245,9,-0.8786374941610001,-0.4774894280028391,1
2026-09-03,1.9,23.5,29.6,18.7,4.6,1.5,3.2,4.8,1.0,2.2,1.2,9.300000000000002,20.7,41.4,83.69999999999997,23.0,23.6,24.1,246,9,-0.886721063082993,-0.46230483047981086,1
2026-09-04,1.6,24.1,29.4,19.5,1.9,4.6,1.5,1.1,1.2,4.6,2.2,8.000000000000002,17.8,42.3,84.39999999999999,23.5,24.1,24.3,247,9,-0.8945422369764496,-0.4469834295196741,1
